lemma,pos,gloss,source
ab,adj,"off, detached (not attached to anything anymore, having come off)",lemma
abend,noun,evening; the time from dusk until midnight,lemma
abendessen,verb,"to sup, to have supper (the evening meal)",lemma
abenteuer,noun,adventure,lemma
aber,adv,"rather; quite; unusually; used with adjectives to express a surprising degree, whether this surprise be real or for effect",lemma
abgeben,verb,"to give up, relinquish, let go, concede, hand over, etc. (power, money, valuable objects, etc.)",lemma
abgelehnt,adj,"rejected, declined",lemma
abgenommen,verb,to take off (to remove something that is attached to something or on top of it),form-of
abgesagt,adj,"postponed; called off, cancelled",lemma
abgeschlossen,adj,"separate, enclosed",lemma
abhalten,verb,"to keep off, away, or out; to hold off",lemma
abholen,verb,"to collect, pick up or fetch someone or something",lemma
abhängig,adj,dependent,lemma
ablehnen,verb,"to decline, refuse, reject, turn down",lemma
abnehmen,verb,to take off (to remove something that is attached to something or on top of it),lemma
abschied,noun,"parting, farewell",lemma
abschluss,noun,exclusion,lemma
absicht,noun,intention,lemma
absichtlich,adj,intentional,lemma
absolut,adj,absolute,lemma
abstand,noun,"distance, interspace, spacing, interval, gap",lemma
abwasch,noun,"washing-up, dishwashing",lemma
abwesenheit,noun,absence (state of being absent),lemma
ach,noun,oh,lemma
acht,noun,the natural number eight,lemma
achten,verb,"to care about, to pay attention to",lemma
achtung,noun,attention,lemma
achtzehn,noun,eighteen (number),lemma
adresse,noun,address,lemma
aff,noun,monkey or ape (male or female or of unspecified sex),form-of
afrika,name,Africa (the continent south of Europe and between the Atlantic and Indian Oceans),lemma
ahnung,noun,"anticipation, inkling",lemma
aktiv,adj,active,lemma
akzent,noun,accent (modulation of the voice),lemma
akzeptieren,verb,"to accept, to approve, to take, to agree to (e.g. a proposal)",lemma
algerien,name,Algeria (a country in North Africa),lemma
algier,name,Algiers (the capital city of Algeria),lemma
alkohol,noun,"alcohol, ethanol (substance)",lemma
all,det,all,lemma
allein,adj,alone,lemma
allerdings,adv,"but, however",lemma
allergisch,adj,allergic,lemma
allgemein,adj,"general (common, basic, usual), universal",lemma
allmählich,adj,gradual,lemma
allzu,adv,all too,lemma
alphabet,noun,alphabet (the set of letters used when writing in a language),lemma
als,conj,"at (approximately) the same moment, when, while, as",lemma
also,adv,"then, thus, so, hence (Used to connect a sentence or clause with previous information.)",lemma
alt,adj,old,lemma
am,noun,acronym of Anwendungsmanagement,lemma
amerika,name,"America, the Americas (a supercontinent consisting of North America, Central America and South America regarded as a whole; in full, the Americas)",lemma
amerikaner,noun,"American (from America, the Americas, the American continent(s))",lemma
amerikanisch,adj,American,lemma
ampel,noun,traffic light,lemma
amt,noun,agency; department; office (state institution responsible for specified concerns),lemma
an,adj,on,lemma
anblick,noun,"view, sight, look",lemma
andere,noun,nominalization of andere: the other / different one (female),lemma
anderem,adj,"other, different",form-of
anderen,adj,"other, different",form-of
anderer,adj,"other, different",lemma
andern,pron,alternative form of anderen,lemma
anders,adv,"different, differently",lemma
anfang,noun,"start, beginning, origin (spatially or temporally)",lemma
anfangen,verb,to begin; to commence,lemma
anfänger,verb,to begin; to commence,form-of
angebot,noun,"offer, proposition",lemma
angefangen,verb,to begin; to commence,form-of
angegriffen,adj,attacked,lemma
angehen,verb,"to concern, regard",lemma
angekommen,verb,to arrive,form-of
angelegenheit,noun,"matter, issue, affair",lemma
angeln,verb,"to angle, to fish (with a fishing rod)",lemma
angelogen,verb,"to lie to, to tell someone a lie, to tell someone lies",form-of
angenehm,adj,"pleasant, pleasing",lemma
angenommen,verb,"to assume, to suppose (as given)",form-of
angerufen,verb,"to call, to ring (by telephone or similar technology)",form-of
angesehen,adj,reputable,lemma
angetan,verb,done,form-of
angewohnheit,noun,"habit, custom",lemma
angezogen,verb,senses related to dressing,form-of
angst,noun,fear; fright; anxiety,lemma
anhalt,noun,indication,lemma
ankam,verb,dependent preterite,form-of
ankommen,verb,to arrive,lemma
ankunft,noun,arrival,lemma
ann,name,"a female given name, variant of Anna",form-fallback
annehmen,verb,"to assume, to suppose (as given)",lemma
anruf,noun,a (phone) call,lemma
anrufen,verb,"to call, to ring (by telephone or similar technology)",lemma
ans,contraction,contraction of an (“on(to)”) + das (“the”),lemma
anschauen,verb,to look at; to behold; to observe (visually); to view,lemma
anscheinend,adv,apparently,lemma
ansehen,verb,"to look at, to have a look at (taking in information in doing so)",lemma
ansicht,noun,"view (a depiction of a subject, especially from a specific perspective)",lemma
anspruch,noun,"entitlement, demand, expectation of what should come from someone or something",lemma
anstatt,conj,instead of,lemma
antwort,noun,answer,lemma
antworten,verb,"to answer, to reply",lemma
antwortet,verb,"to answer, to reply",form-of
anwalt,noun,"attorney, lawyer",lemma
anweisung,noun,"directive, order",lemma
anwesend,adj,present (in the immediate vicinity),lemma
anzahl,noun,"number, an amount; a few",lemma
anziehen,verb,senses related to dressing,lemma
anzug,noun,"suit (of clothes), outfit",lemma
anzunehmen,verb,"to assume, to suppose (as given)",form-of
anzurufen,verb,"to call, to ring (by telephone or similar technology)",form-of
anzusehen,verb,"to look at, to have a look at (taking in information in doing so)",form-of
apfel,noun,apple (fruit),lemma
appetit,noun,appetite,lemma
april,noun,April,lemma
arabisch,adj,"Arabian, Arabic, Arab (of or pertaining to Arabs or Arab culture, etc.)",lemma
arbeit,noun,"toil, regularly performed work, regularly pursued economic activity, labor, job, employment, occupation",lemma
arbeiten,verb,to work (to do a specific task by employing physical or mental powers),lemma
arbeitet,verb,to work (to do a specific task by employing physical or mental powers),form-of
arbeitslos,adj,unemployed (having no work despite being willing to work),lemma
arbeitsplatz,noun,workplace,lemma
arm,adj,poor (having little money),lemma
armbanduhr,noun,wristwatch,lemma
arme,adj,poor (having little money),form-of
armut,noun,poverty,lemma
arsch,noun,"arse, posterior, buttocks",lemma
art,noun,"kind, sort, type",lemma
arten,verb,to become [with nach (+ dative) ‘like’],lemma
artikel,noun,article,lemma
arzt,noun,"doctor, physician (male or of unspecified gender) (without necessarily having a postgraduate degree)",lemma
atem,noun,breath,lemma
atmen,verb,to breathe,lemma
atmosphäre,noun,atmosphere,lemma
auch,adv,"also, too, as well (in addition to whatever or whoever has previously been listed)",lemma
auf,adj,open,lemma
aufgab,verb,dependent preterite,form-of
aufgeben,verb,to give up on (one's efforts),lemma
aufgefallen,verb,"to stand out, to be noticeable",form-of
aufgegeben,adj,"abandoned, derelict, forsaken",lemma
aufgehört,verb,to stop; to quit; to cease,form-of
aufgenommen,adj,recorded,lemma
aufgeregt,adj,excited,lemma
aufgestanden,verb,to get up (move from a sitting or lying position to a standing position; to get up from bed),form-of
aufgewachsen,verb,to grow up,form-of
aufgewacht,verb,"to awake, to wake up",form-of
aufgrund,prep,"due to, because of, as a result of, by reason of, on account of",lemma
aufhalten,verb,"to halt, to stop; to hold (someone) up",lemma
aufhören,verb,to stop; to quit; to cease,lemma
aufmerksam,adj,"attentive, alert, observant",lemma
aufmerksamkeit,noun,"attention, mindfulness, attentiveness",lemma
aufpassen,verb,"to watch out, to be alert",lemma
aufrichtig,adj,"candid, frank, sincere, genuine, honest",lemma
aufsatz,noun,essay,lemma
aufstehen,verb,to get up (move from a sitting or lying position to a standing position; to get up from bed),lemma
aufzug,noun,"Clipping of Aufzugsanlage: lift, elevator",lemma
aufzugeben,verb,to give up on (one's efforts),form-of
aufzuhören,verb,to stop; to quit; to cease,form-of
aufzustehen,verb,to get up (move from a sitting or lying position to a standing position; to get up from bed),form-of
aug,noun,eye,lemma
augenblick,noun,"moment, instant, blink of an eye (very short period of time)",lemma
august,noun,August (month),lemma
aus,adj,over; finished; done; up,lemma
ausdruck,noun,"expression, term",lemma
ausdrücken,verb,"to squeeze, to squeeze out",lemma
ausgegangen,verb,to go out (to leave one's abode to go to public places),form-of
ausgegeben,verb,"to spend, to expend; to pay out",form-of
ausgehen,verb,to go out (to leave one's abode to go to public places),lemma
ausgesprochen,adv,"decidedly, markedly",lemma
ausgezeichnet,adj,"excellent, outstanding",lemma
auskommen,verb,to get along,lemma
ausland,noun,foreign countries (collectively),lemma
ausleihen,verb,to borrow,lemma
ausländer,noun,"foreigner; foreign national, regardless of descent (male or of unspecified gender)",lemma
ausmachen,verb,"to turn off, switch off",lemma
ausnahme,noun,exception,lemma
ausreden,verb,to finish speaking,lemma
ausreichen,verb,to suffice,lemma
ausruhen,verb,"to rest, to recover (through rest and relaxation)",lemma
aussage,noun,proposition,lemma
aussehen,verb,"to look, seem",lemma
aussicht,noun,"scenery, view, outlook (also figuratively)",lemma
aussieht,verb,dependent present,form-of
aussprache,noun,pronunciation,lemma
ausstehen,verb,"to stand, to endure",lemma
australien,name,"Australia (a country consisting of a main island, the island of Tasmania and other smaller islands, located in Oceania; historically, a collection of former colonies of the British",lemma
auswendig,adv,by heart (knowing completely),lemma
auto,noun,car,lemma
autor,noun,author,lemma
außen,adv,outside,lemma
außer,conj,except; referring to a following clause or adverb,lemma
außerdem,adv,"in addition; furthermore, besides",lemma
außerhalb,adv,"outside, beyond",lemma
aß,verb,Switzerland and Liechtenstein standard spelling of aß,lemma
aßen,verb,Switzerland and Liechtenstein standard spelling of aßen,lemma
baby,noun,baby (infant),lemma
bach,name,"any of a great number of locations, including",lemma
backen,verb,to bake; to roast,lemma
bad,noun,bath,lemma
baden,verb,"to bathe, to give a bath to or have a bath.",lemma
badezimmer,noun,"bathroom (a room in a private dwelling where people wash themselves, containing a shower and/or bathtub)",lemma
bahn,noun,"route, trail",lemma
bahnhof,noun,"railway depot, railroad station, railway station, train station",lemma
bald,adv,soon (near in time),lemma
balkon,noun,"balcony (an accessible structure extending from a building, especially outside a window or overlooking a stage)",lemma
ball,noun,"ball (round or roundish object, most commonly used in games)",lemma
bananen,noun,bananas,form-of
band,noun,"tape, ribbon",lemma
bank,noun,bench (which people sit on); pew,lemma
bar,adj,bare,lemma
bart,noun,beard,lemma
baseball,noun,baseball (ballgame),lemma
bat,verb,"to ask, to beg, to plead, to bid, to request",form-of
bau,noun,"building, construction (the act of constructing)",lemma
bauch,noun,"abdomen, belly",lemma
bauen,verb,"to build, to construct",lemma
bauern,noun,farmer (male or of unspecified gender),form-of
baum,noun,tree,lemma
beantworten,verb,to answer (a question),lemma
bedanken,verb,"to thank, to express thanks",lemma
bedarf,verb,I need,form-of
bedecken,verb,to cover,lemma
bedeuten,verb,"to imply, to mean, to signify, to indicate, to spell, to betoken",lemma
bedeutung,noun,"meaning, sense",lemma
bedingung,noun,"requirement, prerequisite",lemma
bedroht,adj,threatened,lemma
beeil,verb,"to hurry, to hasten, to rush",form-of
beeilen,verb,"to hurry, to hasten, to rush",lemma
beeindrucken,verb,"to impress, to impose",lemma
beenden,verb,"to finish, to complete, to (bring/put to an) end",lemma
befand,verb,to occupy a place; to be located; to be situated,form-of
befehl,noun,"command, order",lemma
befinden,verb,to occupy a place; to be located; to be situated,lemma
befolgen,verb,"to observe, follow, obey (orders, laws, rules etc); to comply with or abide by",lemma
befreundet,adj,"friendly, friends",lemma
begang,verb,"to commit, perpetrate (a crime, an offense)",form-of
begann,verb,to begin; to commence; to be started,form-of
begegnen,verb,"meet, to encounter, to come across",lemma
begehen,verb,"to commit, perpetrate (a crime, an offense)",lemma
begeistert,adj,"enthusiastic, thrilled",lemma
beginn,noun,"start, beginning",lemma
beginnen,verb,to begin; to commence; to be started,lemma
begleiten,verb,to accompany,lemma
begonnen,verb,to begin; to commence; to be started,form-of
begraben,verb,to bury (also figuratively),lemma
begreifen,verb,"to grasp fully; to comprehend; to conceive, to fathom",lemma
begriff,noun,"term, word",lemma
behalten,verb,"to keep, to retain (money, items, etc. in one's possession)",lemma
behandeln,verb,to treat (medicinally),lemma
behandelt,adj,treated,lemma
behandlung,noun,treatment,lemma
behaupten,verb,"to claim, maintain, assert",lemma
behauptet,adj,"asserted, alleged",lemma
beherrschen,verb,to master,lemma
bei,prep,"by, near",lemma
beibringen,verb,to teach,lemma
beide,pron,both,lemma
beiden,pron,both,form-of
beigebracht,verb,to teach,form-of
beim,contraction,"contraction of bei + dem: at the, by the, etc.",lemma
bein,noun,"leg of a person, animal, or object",lemma
beinah,adv,alternative form of beinahe,lemma
beispiel,noun,example,lemma
beißen,verb,to bite,lemma
bekam,verb,to receive; to get,form-of
bekannt,adj,"known, familiar",lemma
bekommen,verb,to receive; to get,lemma
beleidigen,verb,"to offend, to insult, to annoy",lemma
belieben,verb,to please someone,lemma
bellen,verb,to bark:,lemma
belog,verb,"to lie to, to tell someone a lie, to tell someone lies",form-of
bemerken,verb,"to notice, to perceive",lemma
bemerkt,verb,"to notice, to perceive",form-of
bemühen,verb,to make an effort,lemma
bemühung,noun,effort; endeavor,lemma
benehmen,verb,"to behave, to act, to conduct oneself (in a certain way - specifically in a good/appropriate way if not otherwise specified)",lemma
benutzen,verb,to make use (of),lemma
benzin,noun,gasoline,lemma
benötigen,verb,"to need, to require",lemma
beobachten,verb,"to watch, to observe",lemma
bequem,adj,"comfortable, convenient",lemma
bereich,noun,"area, realm, range, scope",lemma
bereit,adj,ready,lemma
bereiten,verb,"to prepare, to make",lemma
bereuen,verb,"to regret, to rue",lemma
berg,noun,"a mountain, hill",lemma
bericht,noun,"report, account, news story",lemma
berlin,name,Berlin (the capital and largest city and state of Germany),lemma
beruf,noun,"occupation, profession, trade, job, career",lemma
beruhen,verb,to consist,lemma
berühmt,adj,"famous, well-known, renowned, celebrated, noted",lemma
berühren,verb,to touch,lemma
bescheid,noun,"notification, information",lemma
bescheiden,verb,"to confer the decision or fate formally, to announce, to proclaim",lemma
beschloss,verb,alternative form of beschloss,lemma
beschreiben,verb,to describe,lemma
beschweren,verb,"to weight, to weight down",lemma
beschäftigen,verb,"to occupy, to keep occupied, to employ, to engage (possess or use the time, capacity or service of)",lemma
beschützen,verb,"to protect, to guard, to defend",lemma
besetzt,adj,occupied,lemma
besitz,noun,ownership,lemma
besitzen,verb,"to own, to possess",lemma
besondere,adj,"special, particular, extraordinary",lemma
besonders,adv,"especially, particularly",lemma
besorgen,verb,"to deal, to manage, to procure",lemma
besprechen,verb,to discuss (to converse or debate concerning a particular topic),lemma
besprechung,noun,"meeting, discussion, (gathering among business people to discuss their business)",lemma
bess,adj,better,form-fallback
besser,adj,better,lemma
best,adj,"good (acting in the interest of what is beneficial, ethical, or moral)",form-of
bestand,noun,"stock, inventory",lemma
bestanden,adj,covered in plants; overgrown,lemma
bestehen,verb,"to succeed, to pass (an exam)",lemma
bestellen,verb,"to order (e.g. food at a restaurant, items for delivery)",lemma
bestellt,verb,"to order (e.g. food at a restaurant, items for delivery)",form-of
bestimmen,verb,to determine,lemma
bestimmt,verb,to determine,form-of
bestrafen,verb,to punish,lemma
besuch,noun,"visit, call",lemma
besuchen,verb,"to visit, to see",lemma
besucht,verb,"to visit, to see",form-of
beten,verb,to pray,lemma
betrachten,verb,"to look at, to consider, to behold",lemma
betrachtet,adj,"considered, regarded",lemma
betrat,verb,"to enter, to go or come into",form-of
betreten,verb,"to enter, to go or come into",lemma
betrifft,verb,"to concern, to have to do with or affect a business of",form-of
betrog,verb,to deceive (usually deliberately),form-of
betrunken,adj,"drunk, inebriated",lemma
beträgt,verb,"to amount to, to be (a numerical value)",form-of
beurteilen,verb,"to form an opinion on, to judge",lemma
bevor,conj,before,lemma
bevölkerung,noun,population,lemma
bewahren,verb,"to keep, to preserve (to maintain the condition of)",lemma
bewegen,verb,to motivate; to persuade; to prompt (someone or something to do something); to make (someone or something to do something); to induce; to get (someone or something to do something),lemma
bewegung,noun,motion,lemma
beweis,noun,proof,lemma
beweisen,verb,to prove,lemma
bewundere,verb,"to admire, to highly respect (something of high quality)",form-of
bewusst,adj,"conscious, aware",lemma
bewusstsein,noun,"consciousness, awareness",lemma
bezahlen,verb,"to pay, give money",lemma
bezeichnen,verb,"to name (give a name to), to call, to designate, to denote",lemma
beziehung,noun,"relation, relationship, connection",lemma
bezug,noun,reference,lemma
bezweifle,verb,"to doubt, to question (Used with either a noun or dass.)",form-of
bibel,noun,"Bible, bible",lemma
bibliothek,noun,library,lemma
bien,noun,bee colony superorganism,lemma
bier,noun,beer (alcoholic beverage fermented from starch material; a serving of this beverage),lemma
bieten,verb,to offer; to present,lemma
bild,noun,"depiction, image, picture",lemma
bilden,verb,"to form, to train",lemma
bildung,noun,"cultivation, refinement, education, culture",lemma
billig,adj,"appropriate, meet, fair",lemma
bis,conj,until,lemma
bisher,adv,"so far, until now, as yet",lemma
bisschen,adv,(a) bit; (a) little,lemma
bitt,verb,"to ask, to beg, to plead, to bid, to request",form-of
bittet,verb,"to ask, to beg, to plead, to bid, to request",form-of
bißchen,adv,(a) bit; (a) little,lemma
blatt,noun,leaf (green and flat organ of a plant),lemma
blau,adj,blue (color/colour),lemma
bleib,verb,to remain (to continue to be),form-of
bleiben,verb,to remain (to continue to be),lemma
bleistift,noun,pencil (writing utensil with a graphite shaft),lemma
blick,noun,"glance, look",lemma
blicken,verb,to look (usually in a certain direction toward something),lemma
blickt,verb,to look (usually in a certain direction toward something),form-of
blieb,verb,to remain (to continue to be),form-of
blieben,verb,to remain (to continue to be),form-of
blind,adj,blind,lemma
blitz,noun,a bolt of lightning,lemma
bloß,adj,"mere, sole",lemma
blum,noun,"flower, blossom (colorful, conspicuous reproductive structure(s) of an angiosperm)",form-of
blut,noun,blood,lemma
blätter,verb,to browse,form-of
blöd,adj,"stupid, dim-witted",lemma
blühen,verb,to blossom or bloom,lemma
boden,noun,"ground, soil",lemma
boot,noun,boat,lemma
bord,noun,shelf (board fixed to the wall),lemma
bot,noun,bot,lemma
botschaft,noun,message,lemma
brach,adj,fallow,lemma
bracht,verb,"to bring, to fetch, to take, to convey, to bear",form-of
brand,noun,"fire, blaze (destructive occurrence)",lemma
brasilien,name,Brazil (a large Portuguese-speaking country in South America),lemma
brauchen,verb,"to need, to be in need of, to require",lemma
braucht,verb,"to need, to be in need of, to require",form-of
braun,adj,brown,lemma
braut,noun,bride; a woman taking part in a marriage,lemma
brechen,verb,to break,lemma
breit,adj,"broad, wide",lemma
brennen,verb,to burn; to light on fire,lemma
bricht,verb,to break,form-of
brief,noun,letter (written message),lemma
briefmarken,noun,postage stamp,form-of
brill,noun,"glasses, spectacles (frames bearing two lenses worn in front of the eyes to correct vision)",form-fallback
bring,verb,"to bring, to fetch, to take, to convey, to bear",form-of
bringen,verb,"to bring, to fetch, to take, to convey, to bear",lemma
brot,noun,bread,lemma
bruder,noun,brother,lemma
brunnen,noun,well,lemma
brust,noun,chest,lemma
brötchen,noun,"a bun, bread roll",lemma
brück,noun,bridge,form-fallback
brüder,noun,brethren,lemma
buch,noun,book (collection of sheets of paper bound together to hinge at one edge; long work fit for publication),lemma
buchstaben,noun,letters (of the alphabet),form-of
bus,noun,bus (public transport),lemma
bushaltestelle,noun,bus stop,lemma
butter,noun,butter,lemma
bär,noun,bear (animal),lemma
bäume,noun,tree,form-of
bäumen,verb,to rear up,lemma
bös,adj,alternative form of böse,lemma
bücher,noun,book (collection of sheets of paper bound together to hinge at one edge; long work fit for publication),form-of
büchern,noun,book (collection of sheets of paper bound together to hinge at one edge; long work fit for publication),form-of
bühne,noun,a stage,lemma
bürger,noun,"citizen, inhabitant, resident; legally recognized inhabitant of a city or state",lemma
bürgermeister,noun,"mayor (leader of a city, male or unspecified sex)",lemma
büro,noun,office (room for working),lemma
chance,noun,chance,lemma
chancen,noun,chance,form-of
charakter,noun,character; the totality of someone's personal qualities,lemma
chef,noun,"boss, chief",lemma
chicago,name,"Chicago (a large city, the county seat of Cook County, in northeastern Illinois, United States, located on Lake Michigan)",lemma
china,name,China (a country in East Asia),lemma
chinesisch,adj,Chinese,lemma
computer,noun,"computer (programmable electronic device that performs mathematical calculations, logical operations, and usually also data retrieval/storage)",lemma
cousin,noun,male cousin,lemma
da,adv,there,lemma
dabei,adv,"with one, on one",lemma
dach,noun,roof,lemma
dacht,verb,to think,form-of
dadurch,adv,"through it, through that",lemma
dafür,adv,"for that, for it",lemma
dagegen,adv,"against it, against that",lemma
daheim,adv,"home, at home (adverb)",lemma
daher,adv,"from there, thence",lemma
dahin,adv,there (to or into that place; thither),lemma
dam,noun,lady (woman of good breeding and manners),form-of
damals,adv,"at that time (in the past); at the time, then",lemma
damit,adv,"therefore, as a result",lemma
danach,adv,"after it, after that; thereafter (formal), afterwards",lemma
daneben,adv,"next to it, next to that",lemma
dank,prep,"thanks to, because of, courtesy of",lemma
dankbar,adj,"grateful, thankful",lemma
dann,adv,"then, after that",lemma
dar,adv,only used in darstellen etc.,lemma
daran,adv,"on it, on that",lemma
darauf,adv,after (behind; later in time; following),lemma
daraus,adv,"out of it, out of that, of it",lemma
darf,verb,to be allowed (to do something); to be permitted (to do something); may,form-of
darfst,verb,to be allowed (to do something); to be permitted (to do something); may,form-of
darin,adv,"in it, in that, therein",lemma
darum,adv,"around it, around that",lemma
darüber,adv,"above, above it/this/that",lemma
das,pron,"who, that, which",lemma
dasein,noun,"being there, presence, existence",lemma
dass,conj,that,lemma
dasselbe,pron,neuter,form-of
daten,verb,to date,lemma
dauern,verb,"to last, to continue, to persist (for a period of time)",lemma
dauert,verb,"to last, to continue, to persist (for a period of time)",form-of
david,name,David,lemma
davon,adv,"from it, from that, therefrom, off it, off that",lemma
davor,adv,in front of that/it,lemma
dazu,adv,"in addition to it, in addition, besides",lemma
daß,conj,that,lemma
deck,noun,deck (of a ship or boat),lemma
dein,pron,alternative letter-case form of dein (“your (singular)”),lemma
dem,pron,who; that; which,form-of
demokratie,noun,democracy,lemma
den,pron,that; whom; accusative masculine singular of der,lemma
denk,verb,to think,form-of
denkst,verb,to think,form-of
denkt,verb,to think,form-of
denn,adv,"so, then, ever, but, now; used for emphasis or to express interest, surprise or doubt, or in rhetorical questions",lemma
dennoch,adv,"anyhow, however",lemma
denselben,pron,the same,form-of
der,pron,who; that; which,lemma
derart,adv,"so, thus, in such a manner",lemma
derjenige,pron,he (who),lemma
derselben,pron,the same,form-of
derzeit,adv,"currently, at present (implying that this state is likely temporary)",lemma
des,article,alternative form of das,lemma
deshalb,adv,"therefore; for that (reason), because of that",lemma
dessen,pron,"whose, of which",lemma
desto,conj,the (forming the parallel comparative with je),lemma
deswegen,adv,"therefore, because of that",lemma
detail,noun,detail,lemma
deutlich,adj,"articulate, clear",lemma
deutsch,adj,German (of or pertaining to the German people),lemma
deutschland,name,"Germany (a nation or civilization occupying the country around the Rhine, Elbe, and upper Danube Rivers in Central Europe, taken as a whole under its various governments)",lemma
dezember,noun,December,lemma
dich,pron,"you (singular familiar), thou",form-of
dicht,adj,"thick, tight, dense",lemma
dick,adj,thick,lemma
die,article,feminine,form-of
dieb,noun,thief (male or of unspecified gender),lemma
diejenige,pron,he (who),form-of
diejenigen,pron,those,form-of
dienen,verb,to serve,lemma
dienstag,noun,Tuesday,lemma
dies,pron,alternative form of dieses,lemma
dieselbe,pron,the same,form-of
diesmal,adv,this time,lemma
ding,noun,thing,lemma
dir,pron,alternative letter-case form of dir,lemma
direkt,adj,"direct, straight, without deviation or interruption",lemma
diskussion,noun,"discussion, debate",lemma
diskutieren,verb,to discuss,lemma
diät,noun,diet,lemma
doch,adv,after all; yet; however; nevertheless,lemma
doktor,noun,doctor,lemma
dokument,noun,document,lemma
dollar,noun,dollar,lemma
donnerstag,noun,Thursday,lemma
doppelt,adj,double (made up of two matching or complementary elements),lemma
dorf,noun,village (rural habitation of size between a hamlet and a town),lemma
dort,adv,"there, yonder",lemma
dorthin,adv,"there (to that place), thither",lemma
drachen,noun,kite; hang glider (any gliding construction of poles and fabric),lemma
dran,adv,alternative form of daran,lemma
drauf,adv,alternative form of darauf,lemma
draußen,adv,outside,lemma
drehen,verb,to turn,lemma
dreht,verb,to turn,form-of
drei,noun,three (digit/figure 3),lemma
dreimal,adv,"thrice, three times",lemma
dreizehn,noun,thirteen (number),lemma
dreißig,noun,thirty (number),lemma
drin,adv,inside,lemma
dringend,adj,urgent,lemma
drinnen,adv,inside (a room),lemma
dritt,particle,only used in zu dritt.,lemma
drittel,noun,third,lemma
drogen,noun,drugs,lemma
druck,noun,pressure,lemma
drüben,adv,over (implying some distance from the listener),lemma
drücken,verb,"to press, to push (a button/key; a finger or other object against something)",lemma
drückt,verb,"to press, to push (a button/key; a finger or other object against something)",form-of
du,pron,"you (singular familiar), thou",lemma
duft,noun,"aroma, fragrance",lemma
dumm,adj,"dumb, stupid",lemma
dummheit,noun,stupidity,lemma
dummkopf,noun,"airhead, birdbrain, bubblehead, feather-brain, featherhead, jingle-brains, lamebrain, peabrain, pinhead",lemma
dunkel,adj,dark,lemma
dunkelheit,noun,darkness,lemma
dunkeln,verb,to darken,lemma
dunkle,verb,to darken,form-of
dunklen,adj,dark,form-of
durch,adj,"crazy, freaked out",lemma
durchaus,adv,"absolutely, fully, entirely",lemma
durcheinander,adj,"disordered, confused",lemma
durst,noun,thirst,lemma
durstig,adj,thirsty,lemma
dusch,verb,to shower,form-of
dünn,adj,"thin, slender, slim",lemma
dürfen,verb,to be allowed (to do something); to be permitted (to do something); may,lemma
dürft,verb,subjunctive II,form-of
eben,adj,"flat, smooth, even (of a surface)",lemma
ebenfalls,adv,"also, likewise, as well",lemma
ebenso,adv,"equally, as much",lemma
echt,adj,"authentic, genuine, true",lemma
eck,noun,synonym of Ecke f (“corner”),lemma
egal,adj,"all the same, unimportant",lemma
eh,adv,"anyway, in any case",lemma
ehe,conj,"before, ere",lemma
ehefrau,noun,"married woman, wife",lemma
ehemann,noun,"married man, husband",lemma
eher,adv,rather,lemma
ehr,noun,alternative form of Ehre,lemma
ehrlich,adj,"honest, truthful, true",lemma
ehrlichkeit,noun,honesty,lemma
ei,noun,egg (all biological senses),lemma
eichhörnchen,noun,"squirrel (in the narrow sense, Sciurus vulgaris)",lemma
eier,verb,to wobble (of a wheel),form-of
eifersüchtig,adj,jealous,lemma
eigen,adj,"own, peculiar or private to someone, idiosyncratic, proper or proprietary",lemma
eigenen,adj,"own, peculiar or private to someone, idiosyncratic, proper or proprietary",form-of
eigentlich,adj,"actual, real, proper (as opposed to something secondary serving as a distraction or impostor)",lemma
eignen,verb,"to suit, to be apt for",lemma
eile,noun,hurry,lemma
eilig,adj,"speedy, hasty",lemma
eimer,noun,"bucket, pail",lemma
ein,adj,on,lemma
einander,pron,Reciprocal pronoun of all three plural persons: each other,lemma
eindruck,noun,impression,lemma
einfach,adj,easy,lemma
einfluss,noun,"inflow, influx",lemma
eingang,noun,entrance (doorway or passageway into a building or other enclosed space),lemma
eingeladen,verb,to invite (to ask someone to come),form-of
eingeschlafen,verb,to fall asleep,form-of
eingestellt,adj,adjusted,lemma
einig,adj,united,lemma
einkaufen,verb,to shop,lemma
einkommen,verb,to come in (in a ranking),lemma
einladen,verb,to invite (to ask someone to come),lemma
einladung,noun,invitation,lemma
einmal,adv,"once, one time (one and only one time)",lemma
einsam,adj,"lonely, lone",lemma
einsamkeit,noun,loneliness,lemma
einschlafen,verb,to fall asleep,lemma
einst,adv,"once, formerly (a long time ago)",lemma
einstellen,verb,to hire (to add someone to a position of employment),lemma
einverstanden,adj,"in agreement, agreeing",lemma
einzelheit,noun,detail,lemma
einzeln,adj,single; lone,lemma
einzig,adj,"only, sole",lemma
eis,noun,ice,lemma
elefant,noun,elephant,lemma
elend,adj,miserable,lemma
elf,noun,eleven,lemma
elke,name,"a diminutive of the female given name Adelheid, from Low German or West Frisian, popular in the mid-twentieth century",lemma
eltern,noun,parents,lemma
empfang,noun,"receipt, acceptance, welcome (act of receiving someone or something)",lemma
empfehlen,verb,"to propose, to advise in favor of",lemma
end,verb,to end,form-of
endet,verb,to end,form-of
endlich,adj,"finite, limited",lemma
energie,noun,energy,lemma
eng,adj,"narrow, tight",lemma
engel,noun,angel,lemma
england,name,England (a constituent country of the United Kingdom),lemma
englisch,adj,English,lemma
engländer,noun,"an English person (male or of unspecified gender), an Englander; an Englishman",lemma
enkel,noun,ankle,lemma
entdecken,verb,"to discover, to spot, to learn for the first time",lemma
entfernen,verb,to remove,lemma
entfernung,noun,distance,lemma
entgegen,adv,against,lemma
enthalt,verb,"to contain, comprise, include",form-of
enthält,verb,"to contain, comprise, include",form-of
entkommen,verb,to escape,lemma
entlang,adv,along,lemma
entlassen,verb,to release,lemma
entscheiden,verb,"to decide, to make a decision",lemma
entscheidung,noun,decision,lemma
entschied,verb,"to decide, to make a decision",form-of
entschieden,adj,"determined, resolute",lemma
entschloss,verb,to decide,form-of
entschluss,noun,alternative spelling of Entschluss,lemma
entschuldigen,verb,to excuse (something or (formal) someone),lemma
entschuldigung,noun,apology (expression of remorse or regret),lemma
entspricht,verb,"to correspond (be equivalent or similar in character, etc.)",form-of
entstand,verb,"to come into being, to arise, to be produced",form-of
entstehen,verb,"to come into being, to arise, to be produced",lemma
enttäuschen,verb,to disappoint (displease by not fulfilling an expectation),lemma
entweder,conj,either (only with oder),lemma
entwickeln,verb,"to develop, to gain (strength, a skill, a talent, an ability, etc.; slowly, often by natural growth or practice)",lemma
entwickelt,adj,developed,lemma
entwicklung,noun,evolution,lemma
er,pron,he,lemma
erd,verb,to earth,form-of
erdbeben,noun,earthquake,lemma
erdbeer,noun,strawberries,form-of
ereignisse,noun,event (occurrence of social or personal importance),form-of
erfahren,verb,"to find out, learn, to come to know",lemma
erfahrung,noun,experience (event through which empirical knowledge is gained),lemma
erfindung,noun,invention,lemma
erfolg,noun,success,lemma
erfolgreich,adj,successful,lemma
erforderlich,adj,"necessary, required, essential",lemma
erfordert,verb,"to necessitate, to require",form-of
erfreuen,verb,to please; to make happy,lemma
erfuhr,verb,"to find out, learn, to come to know",form-of
erfunden,adj,"invented, contrived",lemma
erfährt,verb,"to find out, learn, to come to know",form-of
erfüllen,verb,to fill (with something physical or abstract),lemma
ergeben,verb,"to yield, produce",lemma
ergebnis,noun,"result, outcome, conclusion, finding, fruit, consequence, upshot, answer",lemma
ergebnisse,noun,"result, outcome, conclusion, finding, fruit, consequence, upshot, answer",form-of
ergibt,verb,"to yield, produce",form-of
erhalten,verb,"to receive (something given, sent, won, etc.)",lemma
erhielt,verb,"to receive (something given, sent, won, etc.)",form-of
erinner,verb,to remind,form-of
erinnern,verb,to remind,lemma
erinnerst,verb,to remind,form-of
erinnert,verb,to remind,form-of
erinnerung,noun,memory (recall); remembrance,lemma
erkannt,verb,"to recognize, perceive",form-of
erkennen,verb,"to recognize, perceive",lemma
erklären,verb,"to explain, to make clear",lemma
erklärt,adj,"declared, avowed, professed",lemma
erklärung,noun,explanation,lemma
erkälten,verb,to catch a cold,lemma
erkältung,noun,cold (illness),lemma
erlauben,verb,to allow; to permit,lemma
erlaubnis,noun,permission (authorisation),lemma
erleben,verb,to experience,lemma
erledigen,verb,"to finish, to finalize, to complete, to see to, to handle with the result of completed work",lemma
erlernen,verb,to learn (to the point of being an expert),lemma
ermorden,verb,"to murder, to assassinate",lemma
erneut,adj,renewed,lemma
ernst,adj,"serious, severe, grave",lemma
ernsthaft,adj,"serious (important, weighty)",lemma
ernähren,verb,"to nourish, to feed",lemma
erreichen,verb,to reach (to attain by stretching),lemma
erreicht,verb,to reach (to attain by stretching),form-of
erschaffen,verb,to create; to produce; to make,lemma
erscheinen,verb,to appear,lemma
erschien,verb,to appear,form-of
erschoss,verb,to shoot dead,form-of
erschöpft,adj,exhausted,lemma
ersetzen,verb,to replace,lemma
erst,adv,"first, at first",lemma
erstaunen,verb,"to astonish, astound",lemma
ertragen,verb,"to bear, to stand, to endure, to take, to suffer, to tolerate, to handle",lemma
erwachsen,verb,"to grow up, to grow",lemma
erwarten,verb,"to expect, to consider likely",lemma
erwartung,noun,"expectation, expectancy",lemma
erwidert,adj,"reciprocated, returned",lemma
erwischen,verb,to catch (often referring to catching someone in an act of wrongdoing),lemma
erwähnen,verb,to mention [with accusative or (archaic) genitive ‘something’] (speak of something),lemma
erziehung,noun,"education; upbringing; character formation (process of imparting basic knowledge, judgment, morals, and manners, especially to a child)",lemma
erzähl,verb,"to tell, to narrate, to recount",form-of
erzählen,verb,"to tell, to narrate, to recount",lemma
erzählt,verb,"to tell, to narrate, to recount",form-of
es,pron,"Refers to a neuter noun (person, animal, thing or abstract)",lemma
esel,noun,"ass, donkey",lemma
esperanto,name,Esperanto,lemma
essen,verb,to eat,lemma
etwa,adv,approximately,lemma
etwas,adv,"somewhat, slightly",lemma
euch,pron,"you, ye (plural, familiar)",form-of
euer,det,your (addressing two or more people informally),lemma
eur,det,your (plural) (referring to a feminine or plural noun in the nominative or accusative),form-of
euro,noun,euro (currency),lemma
europa,name,Europe (a continent located west of Asia and north of Africa),lemma
europäisch,adj,European,lemma
ewig,adj,"eternal, everlasting",lemma
ewigkeit,noun,eternity,lemma
existenz,noun,existence,lemma
existieren,verb,to exist,lemma
extrem,adj,extreme,lemma
fabrik,noun,plant (factory or industrial facility),lemma
facebook,name,Facebook,lemma
fahr,verb,to go at speed,form-of
fahren,verb,to go at speed,lemma
fahrkarte,noun,fare ticket,lemma
fahrrad,noun,bicycle,lemma
fakt,noun,fact,lemma
fall,noun,"fall, drop (the act of falling or an instance thereof)",lemma
fallen,verb,"to fall, to drop",lemma
falsch,adj,"false, unfactual, untrue",lemma
familie,noun,family,lemma
familien,noun,family,form-of
fand,verb,to find; to discover,form-of
fanden,verb,to find; to discover,form-of
fangen,verb,to catch (grab something flying in the air),lemma
fantasie,noun,imagination,lemma
farb,verb,to color,form-of
fass,noun,"barrel, keg, cask",lemma
fassen,verb,"to gird, to surround, to confine into a form",lemma
fast,adv,almost; nearly,lemma
faul,adj,"foul, rotten, rancid",lemma
februar,noun,February,lemma
fehl,adv,only used in fehl am Platz,lemma
fehlen,verb,for there to be a lack [with dative ‘to someone/something’ and an (+ dative) ‘of something’] (idiomatically translated by English lack with the dative object as the subject),lemma
fehlern,noun,"fault, error, mistake",form-of
fehlt,verb,for there to be a lack [with dative ‘to someone/something’ and an (+ dative) ‘of something’] (idiomatically translated by English lack with the dative object as the subject),form-of
feier,noun,celebration,lemma
feiern,verb,to celebrate; to party; applicable from the most solemn to the most revelrous forms,lemma
feind,adj,enemy; hostile,lemma
feld,noun,"field (plot of open land, especially one used to grow crops)",lemma
fels,noun,rock,lemma
fenster,noun,window,lemma
ferien,noun,"holidays during which an institution (especially a school, university) or a business is closed; break (usually three days or more)",lemma
fern,adj,remote,lemma
fernseh,noun,"a television set, a TV",form-fallback
fernsehen,verb,to watch television,lemma
fertig,adj,ready for use; done; fully prepared,lemma
fest,adj,firm; compact; hard,lemma
festgenommen,verb,to arrest (take into legal custody),form-of
fett,adj,fat,lemma
feu,verb,to fire,form-of
fieber,noun,fever (heightened body temperature),lemma
fiel,verb,"to fall, to drop",form-of
figur,noun,"figure, figurine",lemma
film,noun,film (a thin layer of some substance),lemma
finden,verb,to find; to discover,lemma
fing,verb,to catch (grab something flying in the air),form-of
fingen,verb,to catch (grab something flying in the air),form-of
finnland,name,Finland (a country in Northern Europe),lemma
firma,noun,"A company, a business.",lemma
fisch,noun,fish (cold-blooded vertebrates living in water),lemma
flagge,noun,flag,lemma
flasche,noun,bottle; flask; flagon,lemma
flaschen,noun,bottle; flask; flagon,form-of
fleisch,noun,flesh,lemma
fleißig,adj,"diligent, hard-working, industrious, busy, assiduous, sedulous",lemma
fliegen,verb,to fly; to travel by air,lemma
fließen,verb,Switzerland and Liechtenstein standard spelling of fließen,lemma
flog,verb,to fly; to travel by air,form-of
flogen,verb,to fly; to travel by air,form-of
fluchen,verb,"to swear, to curse",lemma
flug,noun,flight (in the air),lemma
flughafen,noun,airport,lemma
flugzeug,noun,aeroplane,lemma
fluss,noun,river,lemma
flügel,noun,"wing (of a bird, airplane, etc.)",lemma
folgen,verb,to follow (on the same path or in a sequence),lemma
folgend,adj,"following, subsequent",lemma
folgt,verb,to follow (on the same path or in a sequence),form-of
fordert,verb,"to demand, ask",form-of
form,noun,shape,lemma
fort,adv,away,lemma
fortschritt,noun,"progress, advancement",lemma
foto,noun,photograph (picture created by projecting an image onto a photosensitive surface),lemma
fotoapparat,noun,camera (device for making still pictures),lemma
fotografieren,verb,to photograph,lemma
frag,verb,to ask,form-of
fragst,verb,to ask,form-of
fragt,verb,to ask,form-of
frankreich,name,France (a country located primarily in Western Europe),lemma
franzosen,noun,Frenchman (person of French birth or nationality),form-of
französisch,adj,French,lemma
französischlehrer,noun,French teacher,lemma
frau,pron,"one, they (indefinite third-person singular pronoun)",lemma
frei,adj,free; unenslaved; unimprisoned,lemma
freien,verb,Synonym of befreien,lemma
freiheit,noun,freedom,lemma
freitag,noun,Friday,lemma
freizeit,noun,"free time, leisure time, spare time. The time during which one is not working.",lemma
fremd,adj,strange,lemma
fremdsprache,noun,foreign language,lemma
fremdsprachen,noun,foreign language,form-of
fressen,verb,to eat; to feed on; to devour,lemma
freu,verb,"to gladden, to make glad, to make pleased",form-of
freud,noun,apocopic form of Freude (“joy”),lemma
freund,noun,friend,lemma
freundin,noun,friend,form-of
freundinnen,noun,friend,form-of
freundlich,adj,"friendly, benign",lemma
freundschaft,noun,friendship,lemma
freut,verb,"to gladden, to make glad, to make pleased",form-of
fried,noun,alternative form of Friede,lemma
frisch,adj,fresh,lemma
frisst,verb,to eat; to feed on; to devour,form-of
froh,adj,glad; (momentarily) happy; (momentarily) cheerful,lemma
frosch,noun,frog,lemma
frucht,noun,fruit (seed-bearing part of a plant),lemma
fröhlich,adj,merry; cheerful; either as a character trait or fleetingly,lemma
früchte,noun,fruit (seed-bearing part of a plant),form-of
früh,adj,early,lemma
frühling,noun,spring,lemma
frühstück,noun,breakfast,lemma
frühstücken,verb,"to have breakfast, to breakfast (to eat the morning meal)",lemma
fuchs,noun,fox (animal),lemma
fuhr,verb,to go at speed,form-of
fuhren,name,"a small town in Tandel, Luxembourg",lemma
funktionieren,verb,"to work, function",lemma
furcht,noun,fear; fright; anxiety,lemma
furchtbar,adj,terrible,lemma
fuß,noun,foot (body part),lemma
fußball,noun,soccer; association football,lemma
fußboden,noun,floor,lemma
fähig,adj,capable (having the general capability to),lemma
fähigkeit,noun,"ability, capability",lemma
fährst,verb,to go at speed,form-of
fährt,verb,to go at speed,form-of
fällen,verb,"to cut down, to chop down, to fell (a tree)",lemma
fängt,verb,to catch (grab something flying in the air),form-of
fühl,verb,"to feel (a thing, sensation, emotion - a noun)",form-of
fühlst,verb,"to feel (a thing, sensation, emotion - a noun)",form-of
fühlt,verb,"to feel (a thing, sensation, emotion - a noun)",form-of
führen,verb,to lead,lemma
führerschein,noun,"driver's license (US), driver's licence (Aus), driving licence (UK)",lemma
führt,verb,subjunctive II,form-of
fünf,noun,five,lemma
fünfzehn,noun,fifteen (number),lemma
fünfzig,noun,fifty (number),lemma
für,prep,describes an abstract directionality towards a person or matter,lemma
fürcht,verb,to fear,form-of
fürchtet,verb,to fear,form-of
füttern,verb,to feed (to give food to),lemma
füße,noun,foot (body part),form-of
füßen,noun,Switzerland and Liechtenstein standard spelling of Füßen,lemma
gab,verb,to give (changing ownership),form-of
gaben,verb,to give (changing ownership),form-of
gang,noun,"motion, movement, progress, way, going",lemma
ganz,adj,"entire, whole, complete",lemma
gar,adj,"cooked, done (of food such as meat or vegetables: ready for consumption)",lemma
garage,noun,"garage (building used to store cars, tools, etc.)",lemma
garten,noun,"garden, yard (grounds at the front or back of a house)",lemma
gas,noun,gas (matter in a physical state between liquid and plasma),lemma
gast,noun,guest,lemma
geben,verb,to give (changing ownership),lemma
gebiet,noun,"area, region",lemma
gebiss,noun,set of teeth,lemma
geboren,verb,"to give birth; referring to labour, or to labour and pregnancy as a whole",form-of
gebrauch,noun,"use, usage",lemma
gebroch,verb,to break,form-of
geburt,noun,birth,lemma
geburtstag,noun,birthday,lemma
gebäude,noun,"building, edifice, structure",lemma
gedacht,verb,to think,form-of
gedanken,noun,a thought [with an (+ accusative) ‘[of/about] (something)’],form-of
gedicht,noun,poem,lemma
geduld,noun,patience,lemma
geduldig,adj,"patient (ability or willingness to accept or tolerate delays, problems, or suffering)",lemma
gedächtnis,noun,memory (ability to recall),lemma
gefahr,noun,"danger, hazard, peril, risk",lemma
gefeuert,verb,to fire,form-of
gefiel,verb,to please; to appeal to [with dative ‘someone’] (idiomatically translated by English like with the dative object as the subject),form-of
gefragt,verb,to ask,form-of
gefreut,verb,"to gladden, to make glad, to make pleased",form-of
gefund,verb,to find; to discover,form-of
gefährlich,adj,"dangerous, hazardous",lemma
gefängnis,noun,"prison, jail (building)",lemma
gefühl,noun,feeling (either physical sensation or emotion),lemma
gefühlt,verb,perceived,lemma
gegen,prep,against,lemma
gegend,noun,"area, region",lemma
gegensatz,noun,"opposition, antagonism",lemma
gegenseitig,adj,"mutual, reciprocal",lemma
gegenteil,noun,opposite (contrary thing),lemma
gegenwart,noun,the present,lemma
gegenüber,adv,on the opposite side,lemma
gegessen,verb,to eat,form-of
geglaubt,verb,to believe something (to consider true),form-of
gegner,noun,"adversary, opponent, enemy",lemma
gegründet,adj,"founded, established",lemma
geh,verb,"to go, to walk",form-of
gehabt,verb,forms the perfect aspect (have),form-of
gehalt,noun,"content, fraction (amount or percentage of some material in a mass)",lemma
geheimnis,noun,secret,lemma
geheimnisse,noun,secret,form-of
gehen,verb,"to go, to walk",lemma
gehirn,noun,brain,lemma
gehofft,verb,to hope,form-of
gehorchen,verb,to obey,lemma
geht's,contraction,contraction of geht es,lemma
geige,noun,"violin, fiddle",lemma
geist,noun,spirit,lemma
gelang,verb,"to turn out well, to work out, to go smoothly, to succeed, to come off",form-of
gelangen,verb,"to reach, get to, end up in (a place, location)",lemma
gelaunt,adj,in a certain mood (specified by adverbs ranging from good to bad),lemma
gelb,adj,yellow,lemma
geld,noun,money,lemma
geldbeutel,noun,"wallet, purse",lemma
gelegenheit,noun,"opportunity, chance, instance, occasion",lemma
geliebt,adj,loved,lemma
geliehen,verb,to borrow,form-of
gelingen,verb,"to turn out well, to work out, to go smoothly, to succeed, to come off",lemma
gelogen,adj,untrue; having been lied about,lemma
gelt,particle,alternative form of gell,lemma
gelungen,adj,"successful, well done",lemma
gemein,adj,"mean, nasty, wicked",lemma
gemeinsam,adj,"common, mutual, shared",lemma
gemeint,adj,intended,lemma
gemälde,noun,painting,lemma
gemüs,noun,vegetable; vegetables (kinds of plants),form-fallback
genannt,adj,"called, mentioned, named",lemma
genau,adj,exact,lemma
genauso,adv,"just as, just the same",lemma
generation,noun,generation,lemma
genie,noun,genius,lemma
genießen,verb,Switzerland and Liechtenstein standard spelling of genießen,lemma
genoss,verb,Switzerland and Liechtenstein standard spelling of genießen,form-of
genug,adj,"enough, sufficient, in an adequate way",lemma
genügen,verb,"to suffice, to be enough",lemma
gepäck,noun,"luggage, baggage",lemma
gerade,adj,even,lemma
geraten,verb,to turn out; to succeed; to thrive,lemma
gerecht,adj,"just, fair",lemma
gerechtigkeit,noun,justice,lemma
gericht,noun,court (of justice),lemma
geriet,verb,to turn out; to succeed; to thrive,form-of
gern,adv,"willingly; gladly; with pleasure; usually expressed verbally in English, with like, enjoy etc.",lemma
geruch,noun,"smell, odour",lemma
gerät,noun,"device, tool, appliance, machine",lemma
geräusch,noun,"noise, sound",lemma
gerücht,noun,rumor / rumour,lemma
gesamte,adj,"total, whole, entire, overall, big",form-of
gesamten,adj,"total, whole, entire, overall, big",form-of
geschah,verb,to occur; to happen,form-of
geschehen,verb,to occur; to happen,lemma
geschenk,noun,"present, gift",lemma
geschicht,noun,history,form-of
geschieht,verb,to occur; to happen,form-of
geschirr,noun,dishware,lemma
geschmack,noun,taste,lemma
geschnitten,verb,to cut; to carve; to slice,form-of
geschoss,noun,projectile,lemma
geschwindigkeit,noun,"speed, pace, tempo, velocity, rate",lemma
geschwist,noun,sibling,lemma
geschäft,noun,"shop, store (establishment that sells goods or services to the public; originally only a physical location, but now a virtual establishment as well)",lemma
gesellschaft,noun,company (presence of other people in general),lemma
gesetz,noun,"law, legal act, bill, statute",lemma
gesicht,noun,face,lemma
gespräch,noun,"conversation, chat, talk (conversing between people or parties, either for pleasure or for business)",lemma
gestellt,adj,staged; contrived; faked,lemma
gestern,adv,yesterday,lemma
gestiegen,adj,risen,lemma
gestochen,verb,"to be sharp, to stick out",form-of
gestohlen,verb,to steal,form-of
gestorben,adj,deceased (no longer alive),lemma
gestrichen,verb,to stroke,form-of
gestritten,verb,to argue; to fight; to quarrel,form-of
gesund,adj,healthy (enjoying health),lemma
gesundheit,noun,health (state of being in good physical condition and free from illness),lemma
getränk,noun,"drink, beverage (liquid for consumption)",lemma
geträumt,verb,to dream,form-of
gewalt,noun,strong or violent force,lemma
gewann,verb,to win; to be victorious,form-of
gewechselt,verb,"to change, to exchange",form-of
gewicht,noun,weight,lemma
gewinn,noun,"profit, gain, yield",lemma
gewinnen,verb,to win; to be victorious,lemma
gewiss,adj,certain,lemma
gewohnheit,noun,habit,lemma
gewonnen,adj,"gained, won",lemma
gewöhnen,verb,"to accustom, inure, make accustomed",lemma
gewöhnlich,adj,"usual, normal, ordinary, everyday",lemma
gezwungen,verb,to force; to compel; to make (someone do something),form-of
geändert,adj,changed,lemma
gib,verb,to give (changing ownership),form-of
gibst,verb,to give (changing ownership),form-of
gibt,verb,to give (changing ownership),form-of
gift,noun,poison; toxin; venom,lemma
gilt,verb,to be valid; to count; to hold true,form-of
ging,verb,"to go, to walk",form-of
gingen,verb,subjunctive II,form-of
gipfel,noun,"peak, pinnacle",lemma
gitarre,noun,guitar,lemma
glas,noun,glass,lemma
glaub,verb,to believe something (to consider true),form-of
glaubst,verb,to believe something (to consider true),form-of
glaubt,verb,to believe something (to consider true),form-of
gleich,adj,equal,lemma
gleicht,verb,"to be like, to equal to, to resemble",form-of
gleichzeitig,adj,"simultaneous, concurrent, coincident, concomitant",lemma
gläser,noun,glass,form-of
glück,noun,"happiness, joy, bliss (state or emotion)",lemma
glücklich,adj,happy; both momentarily and generally in life,lemma
gold,noun,"gold (chemical element, Au)",lemma
golden,adj,golden; gold (made of gold),lemma
golf,noun,"bay, gulf",lemma
google,name,Google (search engine),lemma
gott,noun,god,lemma
gra,verb,to graze (feed on grass),form-of
grab,noun,grave,lemma
grad,adv,alternative form of gerade,lemma
grammatik,noun,grammar,lemma
grau,adj,"grey, gray",lemma
grenzen,verb,to border,lemma
griechenland,name,Greece (a country in Southeastern Europe),lemma
griff,noun,"grasp, reach (act of trying to grab)",lemma
groß,adj,"big, large, large-scale",lemma
großartig,adj,"terrific, superb, etc.",lemma
großbritannien,name,"Great Britain (a large island (sometimes also including some of the surrounding smaller islands) off the north-west coast of Western Europe, made up of England, Scotland, and Wales",lemma
großeltern,noun,grandparents,lemma
großmutter,noun,grandmother,lemma
großvater,noun,grandfather,lemma
grund,noun,"ground, land (usually as someone's property)",lemma
grundlage,noun,foundation,lemma
gruppe,noun,group,lemma
größe,noun,"size, height",lemma
größer,adj,"big, large, large-scale",form-of
größte,adj,"big, large, large-scale",form-of
größten,adj,"big, large, large-scale",form-of
grün,adj,green (in colour),lemma
gründe,verb,"to found, to establish (a community, settlement, organization, company, etc.)",form-of
gründen,verb,"to found, to establish (a community, settlement, organization, company, etc.)",lemma
gründlich,adj,"thorough, in-depth",lemma
grünen,verb,to be green; to become green,lemma
guck,verb,"to look, to direct one's gaze at something",form-of
gucken,verb,"to look, to direct one's gaze at something",lemma
gut,adj,"good (acting in the interest of what is beneficial, ethical, or moral)",lemma
gäb,verb,subjunctive II,form-of
gänzlich,adj,"sheer, stark, outright",lemma
gäste,noun,guest,form-of
götter,noun,gods,form-of
güte,noun,"kindness, clemency",lemma
haar,noun,"hair (a singular hair, not limited to the head)",lemma
haben,verb,forms the perfect aspect (have),lemma
hafen,noun,harbour/harbor; port; haven,lemma
hahn,noun,"cock, rooster",lemma
hal,noun,neck,form-fallback
halb,adj,"half, halfway",lemma
half,verb,to help (someone); to assist; to aid,form-of
hallo,noun,"hullabaloo, cheering (often welcoming or celebratory)",lemma
halt,adv,"Indicating that something is generally known, or cannot be changed, or the like; often untranslatable; so, just, simply, indeed, well",lemma
halten,verb,to hold (an object in one's hands),lemma
hammer,verb,contraction of haben + wir,lemma
han,name,a male given name,form-fallback
hand,noun,hand,lemma
handeln,verb,to act; to take action,lemma
handelt,verb,to act; to take action,form-of
handschrift,noun,handwriting,lemma
handschuh,noun,"any handwear; glove, mitten, mitt, gauntlet",lemma
handtasche,noun,"handbag, (US) purse",lemma
handtuch,noun,towel (cloth for wiping),lemma
handy,noun,"mobile phone, mobile, cell phone, phone (portable, wireless telephone)",lemma
hans,name,a male given name,lemma
hart,adj,hard,lemma
hass,noun,"hatred, hate",lemma
hassen,verb,to hate,lemma
hau,name,"acronym of Hebbel am Ufer, a theater company and various performance centers in Berlin, Germany",lemma
hauen,verb,"to thrust, slash (with a weapon)",lemma
hauptstadt,noun,capital (city),lemma
hauptsächlich,adj,main,lemma
haus,noun,"house, building",lemma
hausaufgaben,noun,homework,lemma
hawaii,name,"Hawaii, Hawaii Island (an island of Hawaii archipelago, Pacific Ocean, of Hawaii County, State of Hawaii, United States)",lemma
he,intj,An exclamation to get attention; hey,lemma
heiligen,verb,to hallow; to make holy,lemma
heim,adv,"home, to the house; always as a direction, thus never in the sense of at home",lemma
heimat,noun,"home, home town, homeland, native land",lemma
heimlich,adj,"secret, clandestine (done or kept in secret)",lemma
heimweg,noun,way home,lemma
heiraten,verb,to marry; to get married,lemma
heiratet,verb,to marry; to get married,form-of
heiß,adj,hot (having a high temperature),lemma
heißen,verb,"to have a name; to be named; to be called; but implying that one “owns” this name, not necessarily that one goes by it",lemma
held,noun,hero,lemma
helfen,verb,to help (someone); to assist; to aid,lemma
hell,adj,"clear, bright, light",lemma
hemd,noun,shirt,lemma
her,adv,"hither, to this place, to here, to me/us",lemma
heran,adv,"near, close to the speaker, over to (to the direction of the speaker or an object)",lemma
heraus,adv,out of (in the direction of the speaker); out over here; out from there,lemma
herausfinden,verb,to find out,lemma
herausforderung,noun,"challenge, that which encourages someone to dare more; (loosely) any task or condition that to bear one has to stretch one's boundaries",lemma
herausgefunden,verb,to find out,form-of
herbst,noun,"autumn, fall",lemma
herein,adv,in (in the direction of the speaker),lemma
hergestellt,adj,"produced, made, manufactured",lemma
herr,noun,"man, gentleman",lemma
herrn,noun,"man, gentleman",form-of
herrschen,verb,"to rule, to reign, to have dominion",lemma
herrscht,verb,"to rule, to reign, to have dominion",form-of
herum,adv,"about, around.",lemma
herunter,adv,"down, downwards (to the own location downwards)",lemma
hervor,adv,forth (in the direction of the speaker),lemma
herz,noun,heart,lemma
herzen,verb,"to hug, embrace",lemma
herzlich,adj,"warm, warmhearted, friendly, affectionate, cordial",lemma
heute,adv,today,lemma
heutige,adj,today's (of the day of today),form-of
heutigen,adj,today's (of the day of today),form-of
heutzutage,adv,"nowadays, these days (in the present era; in the world as it is today)",lemma
hex,verb,"to perform witchcraft, cast a spell/spells",form-of
hielt,verb,to hold (an object in one's hands),form-of
hielten,verb,to hold (an object in one's hands),form-of
hier,adv,"here; in this place; refers to an environment one is currently in, or to something within reach",lemma
hierbleiben,verb,to stay here,lemma
hierher,adv,"to here, here (to this place), hither",lemma
hierhergekommen,verb,to get here,form-of
hieß,verb,"to have a name; to be named; to be called; but implying that one “owns” this name, not necessarily that one goes by it",form-of
hilf,verb,subjunctive II,form-of
hilfst,verb,to help (someone); to assist; to aid,form-of
hilft,verb,to help (someone); to assist; to aid,form-of
himmel,noun,sky,lemma
hin,adj,"gone (somewhere), left, situated",lemma
hinauf,adv,"up; upward; upwards (from the own location upwards, in direction away from the speaker)",lemma
hinaus,adv,out (away from the speaker),lemma
hinein,adv,in (away from the speaker),lemma
hingegangen,verb,"to go (elsewhere, to somewhere)",form-of
hingegen,adv,on the other hand,lemma
hingehen,verb,"to go (elsewhere, to somewhere)",lemma
hingelegt,verb,"to put down, lay down",form-of
hinsicht,noun,"regard, aspect, respect, viewpoint",lemma
hinten,adv,behind; in the back,lemma
hinter,adv,over; to some place fairly nearby,lemma
hinterher,adv,behind,lemma
hinterlassen,verb,"to leave, to leave behind (after leaving a location)",lemma
hintern,noun,"The backside, bottom, butt, behind, hinder",lemma
hinunter,adv,"down, downwards (from the own location downwards)",lemma
hinzu,adv,"in addition, besides",lemma
hinzufügen,verb,"to say (after saying something else), to add",lemma
hitze,noun,heat,lemma
hob,verb,to lift; to raise,form-of
hobby,noun,a hobby (activity),lemma
hoch,adj,"high, tall",lemma
hochzeit,noun,"wedding, marriage (a ceremony in which people are married and/or a celebration thereof)",lemma
hof,noun,"yard, court, courtyard (open area by a house or enclosed by houses)",lemma
hoffe,verb,to hope,form-of
hoffen,verb,to hope,lemma
hoffentlich,adv,hopefully (it is hoped that),lemma
hoffnung,noun,"hope, the belief or expectation that something wished for can or will really happen.",lemma
hofft,verb,to hope,form-of
hohe,adj,"high, tall",form-of
hohen,adj,"high, tall",form-of
hol,verb,"to (go) get, to fetch (to go somewhere and take something to bring back)",form-of
holen,verb,"to (go) get, to fetch (to go somewhere and take something to bring back)",lemma
holt,verb,"to (go) get, to fetch (to go somewhere and take something to bring back)",form-of
holz,noun,wood (material),lemma
honig,noun,honey,lemma
horizont,noun,horizon (line where the sky appears to meet the earth; (figurative) range of someone’s thinking or insight),lemma
hos,noun,trousers,form-fallback
hotel,noun,hotel,lemma
huhn,noun,chicken,lemma
humor,noun,humor (something funny),lemma
hund,noun,"dog, hound",lemma
hundert,noun,hundred (set or unit of one hundred items),lemma
hunger,noun,hunger,lemma
hungrig,adj,hungry (desirous of food),lemma
hut,noun,hat,lemma
hälfte,noun,half; fifty percent of something,lemma
hält,verb,to hold (an object in one's hands),form-of
hältst,verb,to hold (an object in one's hands),form-of
hände,noun,hand,form-of
händen,noun,hand,form-of
hängen,verb,"to hang, to be suspended",lemma
hässlich,adj,ugly,lemma
hättest,verb,subjunctive II,form-of
hättet,verb,subjunctive II,form-of
häufig,adj,frequent,lemma
häuser,noun,"house, building",form-of
höchst,adv,"highly, extremely",lemma
höflich,adj,polite (well-mannered),lemma
höh,adj,"high, tall",form-of
höhl,verb,to hollow out,form-of
hölle,noun,hell,lemma
hör,verb,to hear (to perceive sounds (or a sound) through the ear),form-of
hören,verb,to hear (to perceive sounds (or a sound) through the ear),lemma
hört,verb,to hear (to perceive sounds (or a sound) through the ear),form-of
hübsch,adj,"pretty, handsome",lemma
hügel,noun,hill,lemma
hühner,noun,chicken,form-of
hütte,noun,"hut, cabin, shack, cottage (small house, typically built of light materials rather than stone)",lemma
ich,pron,I (first person singular nominative (subject) pronoun),lemma
idee,noun,idea,lemma
ideen,noun,idea,form-of
idiot,noun,idiot; moron,lemma
ignorieren,verb,to ignore (deliberately pay no attention to),lemma
ihm,pron,he,form-of
ihn,pron,(obsolete) dative of sie; them (indirect object).,lemma
ihnen,pron,she,form-of
ihr,pron,"you, ye (plural, familiar)",lemma
im,noun,"initialism of Inoffizieller Mitarbeiter / Inoffizielle Mitarbeiterin (“unofficial collaborator”), an informant in the German Democratic Republic who delivered private information t",lemma
immer,adv,always,lemma
in,adj,"in, popular (in fashion)",lemma
indem,conj,by (indicates a means),lemma
indien,name,India (a country in South Asia),lemma
information,noun,"a piece of information; (in the plural) information, intelligence (things to be known about a topic)",lemma
inhalt,noun,content,lemma
inn,name,"Inn (a right tributary of the Danube in Switzerland, Austria and Germany)",lemma
innenstadt,noun,inner city,lemma
inneren,adj,inner,form-of
innerhalb,adv,"within, inside (spatial)",lemma
ins,contraction,contraction of in (“(in)to”) + das (“the”) (accusative singular neuter),lemma
insekt,noun,insect,lemma
insel,noun,"an island, an isle",lemma
intelligent,adj,intelligent,lemma
intelligenz,noun,intelligence (capacity of mind),lemma
interessant,adj,interesting,lemma
interesse,noun,interest (attention and concern),lemma
interessieren,verb,to interest,lemma
international,adj,international,lemma
internet,noun,internet,lemma
inzwischen,adv,"since then, by now, in the meantime (contrasting between the current state and a known past state)",lemma
irgend,adv,at all (regarding possibility/ability),lemma
irgendein,det,some; any,lemma
irgendetwas,pron,anything,lemma
irgendjemand,pron,"someone, somebody",lemma
irgendwann,adv,"sometime, somewhen, anytime",lemma
irgendwas,pron,alternative form of irgendetwas (“anything”),lemma
irgendwelche,pron,any (no matter which),lemma
irgendwie,adv,somehow (in some unknown or unspecific manner),lemma
irgendwo,adv,somewhere,lemma
irgendwohin,adv,"to some place, somewhere",lemma
irren,verb,"to wander (to move around aimlessly, being unable to find where one wants to go)",lemma
irrtum,noun,"error, mistake",lemma
islam,name,Islam,lemma
iss,name,ISS,lemma
isst,verb,to eat,form-of
italien,name,Italy (a country in Southern Europe),lemma
italienisch,adj,Italian,lemma
ißt,verb,to eat,form-of
ja,adv,obviously; certainly; of course; as you know; as is generally known (indicates and emphasises that one is expressing an established fact),lemma
jack,noun,jacket,form-fallback
jagen,verb,to hunt (game),lemma
jahr,noun,"year (solar year, the time it takes the Earth to complete one orbit of the Sun)",lemma
jahrhundert,noun,a century (period of 100 years),lemma
jan,name,"a male given name, variant of Johann, popular in the later 20th century",lemma
januar,noun,January,lemma
japan,name,Japan (a country in East Asia),lemma
japanisch,adj,"Japanese (of or relating to Japan, the Japanese people, or the Japanese language)",lemma
je,adv,ever,lemma
jed,pron,each,form-of
jedermann,pron,everyone,lemma
jederzeit,adv,anytime,lemma
jedesmal,adv,every time,curated-phrase
jedoch,adv,"however, yet, nevertheless",lemma
jemals,adv,ever,lemma
jemand,pron,"someone, somebody",lemma
jene,pron,"that, that one",form-of
jenem,pron,"that, that one",form-of
jenen,pron,"that, that one",form-of
jener,pron,"that, that one",lemma
jesu,name,Jesus,form-of
jetzt,adv,"now (at this moment, right now)",lemma
job,noun,"job, position, employment",lemma
jugend,noun,youth (quality or state of being young; part of life following childhood),lemma
juli,noun,July,lemma
jung,adj,young,lemma
juni,noun,June,lemma
jupiter,name,Jupiter,lemma
jäger,noun,hunter (male or of unspecified sex),lemma
jünger,noun,disciple (one who learns from and follows a usually religious or philosophical teacher; male or unspecified sex),lemma
jüngst,adv,lately,lemma
kaffe,noun,"backwater, Hicksville, bumfuck (a backwards, boring rural town or village)",form-of
kaiser,noun,emperor (ruler of certain monarchies; highest monarch),lemma
kalt,adj,"cold, chilly; the physical perception of something (objects, weather, body etc.) to have a low temperature",lemma
kam,verb,to come; to arrive,form-of
kamen,name,"a municipality of North Rhine-Westphalia, Germany",lemma
kamera,noun,camera (device for taking photographs or filming),lemma
kampf,noun,"struggle, battle, campaign, fight",lemma
kanada,name,Canada (a country in North America),lemma
kanadier,noun,Canadian (person from Canada),lemma
kaninchen,noun,rabbit,lemma
kann,verb,"to be able (to do or be something), to have the possibility of, can.",form-of
kannst,verb,"to be able (to do or be something), to have the possibility of, can.",form-of
kannte,verb,to know; to be acquainted with; to be familiar with,form-of
kapitel,noun,chapter (section of a text),lemma
kapitän,noun,captain,lemma
kaputt,adj,"destroyed, broken, out of order",lemma
karl,name,a male given name from Old High German,lemma
karriere,noun,career (occupational path),lemma
karte,noun,"card (flat, normally rectangular piece of stiff paper, plastic etc.)",lemma
karten,noun,card game,lemma
kartoffeln,noun,potato,form-of
kat,noun,clipping of Katalysator (“catalytic converter”),lemma
katastrophe,noun,"catastrophe, disaster, calamity",lemma
katz,noun,apocopic form of Katze (“cat”),lemma
kauf,noun,purchase,lemma
kaufen,verb,"to buy, to purchase",lemma
kauft,verb,"to buy, to purchase",form-of
kaum,adv,"barely, hardly (qualifying verbs or adjectives)",lemma
kehrt,verb,to sweep,form-of
kein,pron,no; not a(n); not one; not any,lemma
keinerlei,adj,"no … whatsoever, no … at all",lemma
keks,noun,"cookie (US), biscuit (UK)",lemma
keller,noun,cellar,lemma
kellner,noun,waiter (male or of unspecified gender),lemma
kenn,verb,to know; to be acquainted with; to be familiar with,form-of
kennen,verb,to know; to be acquainted with; to be familiar with,lemma
kennengelernt,verb,"to get to know, become acquainted with (a person, place, thing); to befriend.",form-of
kennenlernen,verb,"to get to know, become acquainted with (a person, place, thing); to befriend.",lemma
kennenzulernen,verb,"to get to know, become acquainted with (a person, place, thing); to befriend.",form-of
kennst,verb,to know; to be acquainted with; to be familiar with,form-of
kennt,verb,to know; to be acquainted with; to be familiar with,form-of
kenntnis,noun,knowledge,lemma
kerl,noun,"fellow, guy, chap, bloke",lemma
kerze,noun,candle,lemma
kerzen,noun,candles,form-of
kilo,noun,kilo,lemma
kilometer,noun,kilometer (unit of measure),lemma
kind,noun,kid; child (young person),lemma
kindern,noun,kid; child (young person),form-of
kindheit,noun,childhood,lemma
kino,noun,cinema,lemma
kirche,noun,church (building),lemma
kissen,noun,cushion; pillow (bag filled with soft material used to sit or rest one’s head on),lemma
kiste,noun,"chest, box",lemma
klang,noun,"sound, tone",lemma
klapp,verb,"to clap (make a soft clapping sound, particularly of something being closed)",form-of
klar,adj,clear; transparent; bright,lemma
klaren,adj,clear; transparent; bright,form-of
klasse,adj,"great, awesome",lemma
klassenkamerad,noun,classmate,lemma
klassenzimmer,noun,classroom,lemma
klauen,verb,to steal,lemma
klavier,noun,piano,lemma
kleid,noun,"dress, gown (kind of woman's garment)",lemma
kleiden,verb,"to dress, to clothe",lemma
kleidung,noun,clothing; apparel,lemma
klein,adj,"small, little, wee (in physical size or extent)",lemma
kleinste,adj,"small, little, wee (in physical size or extent)",form-of
klima,noun,climate,lemma
klimaanlage,noun,air conditioner,lemma
klingelt,verb,to ring (to produce the sound of a bell or a similar sound),form-of
klingen,verb,to ring; to clink,lemma
klopft,verb,subjunctive II,form-of
klug,adj,"intelligent, prudent, wise, smart, clever",lemma
klüger,adj,"intelligent, prudent, wise, smart, clever",form-of
km,noun,abbreviation of Kaltmiete,lemma
knapp,adj,scarce,lemma
kneipe,noun,"pub, bar",lemma
knie,noun,knee,lemma
knochen,noun,bone,lemma
knopf,noun,button (fastener),lemma
koch,noun,cook (one who cooks; male or unspecified gender),lemma
kochen,verb,"to cook, to prepare food (chiefly hot food for lunch or supper)",lemma
koffer,noun,a case; a suitcase or briefcase,lemma
kollegen,noun,"colleague, coworker, workmate, fellow worker or member",form-of
komisch,adj,"comedic, comic, pertaining to comedy",lemma
komm,verb,to come; to arrive,form-of
komma,noun,"comma (,)",lemma
kommen,verb,to come; to arrive,lemma
kommend,adj,"coming, next",lemma
kommentar,noun,comment,lemma
kommunikation,noun,"communication, exchange of signs",lemma
komplett,adj,"complete, entire (including all possible parts or elements)",lemma
kompliziert,adj,"complicated, complex",lemma
konferenz,noun,conference,lemma
konnt,verb,"to be able (to do or be something), to have the possibility of, can.",form-of
konntest,verb,"to be able (to do or be something), to have the possibility of, can.",form-of
kontakt,noun,contact,lemma
konto,noun,account,lemma
kontrolle,noun,inspection,lemma
kontrollieren,verb,to check,lemma
konzentrieren,verb,"to concentrate, to focus (one's mind or attention)",lemma
konzert,noun,concert (musical event),lemma
kopf,noun,head,lemma
kopfschmerz,noun,headache,lemma
korb,noun,"basket, creel",lemma
korrekt,adj,correct,lemma
korrigieren,verb,to correct,lemma
kosten,verb,to cost,lemma
kostenlos,adj,"without cost, free",lemma
kraft,prep,"on the basis of; by virtue of; by means of, through",lemma
krank,adj,"ill, sick (in bad health)",lemma
kranken,verb,"to be ailing (from), to be held back (by), to be suffering (from) [with an (+ dative)] (to struggle with a non-catastrophic but severely limiting issue)",lemma
krankenhaus,noun,hospital,lemma
krankenschwester,noun,nurse (female),lemma
krankheit,noun,"sickness, illness",lemma
krawatte,noun,necktie,lemma
krebs,noun,"crustacean, crab, crayfish",lemma
kreis,noun,circle,lemma
krieg,verb,to get,form-of
kriegen,verb,to get,lemma
krise,noun,crisis (unstable situation),lemma
kritik,noun,criticism (negative judgement),lemma
kritisieren,verb,"to criticize, to criticise",lemma
kräfte,noun,forces,form-of
kuchen,noun,"pie; cake; tart (foodstuff made of baked dough, other than bread)",lemma
kugel,noun,"a ball, usually solid",lemma
kuh,noun,cow (female bovine animal at or near adulthood),lemma
kultur,noun,culture,lemma
kund,adj,"known, having come to someone's knowledge",lemma
kunst,noun,art,lemma
kur,noun,treatment at a health resort,lemma
kurz,adj,"short, quick, brief",lemma
kuss,noun,kiss,lemma
kälte,noun,coldness; cold,lemma
käm,verb,subjunctive II,form-of
kämpfen,verb,"to fight, to struggle",lemma
käs,noun,cheese,lemma
kätzchen,noun,catkin (type of blossom),lemma
könig,noun,"king (monarch, chess, card games)",lemma
königin,noun,queen,lemma
können,verb,"to be able (to do or be something), to have the possibility of, can.",lemma
könnt,verb,subjunctive II,form-of
könntest,verb,subjunctive II,form-of
könntet,verb,subjunctive II,form-of
körper,noun,"body (of a person, animal, etc.)",lemma
köstlich,adj,costly; precious,lemma
küche,noun,kitchen (room),lemma
küh,noun,cow (female bovine animal at or near adulthood),form-of
kühlschrank,noun,refrigerator,lemma
kümmer,verb,"to take care, to look after",form-of
kümmern,verb,"to take care, to look after",lemma
kümmert,verb,"to take care, to look after",form-of
künstler,noun,artist,lemma
künstlich,adj,artificial,lemma
kürzlich,adj,recent,lemma
küssen,verb,to kiss,lemma
küsst,verb,to kiss,form-of
küste,noun,coast,lemma
lachen,verb,to laugh,lemma
lacht,verb,to laugh,form-of
laden,verb,"to load (something) e.g. into a container or onto a vehicle, to load up",lemma
lag,noun,"latency, lag (the delay between a request and its response)",lemma
lampe,noun,"lamp, light (piece of furniture, or fixture mounted on a wall or ceiling, holding one or more electric light sockets)",lemma
land,noun,country (territory of a nation),lemma
landschaft,noun,landscape,lemma
lang,adj,long; lengthy (in space or time),lemma
langsam,adj,slow (taking a long time to move or travel; not happening in a short time),lemma
langweilen,verb,to bore (inspire boredom in someone),lemma
langweilig,adj,"boring, dull, tedious",lemma
las,verb,"to read (to look at and understand symbols, words, or data)",form-of
lass,verb,alternative spelling of lass,lemma
lassen,verb,to allow; to permit; to let,lemma
last,noun,"load, burden",lemma
lastwagen,noun,"truck, lorry",lemma
latein,name,Latin,lemma
lauf,noun,"run, race",lemma
laufen,verb,to walk; to jog; to run (to move on foot; either at a normal or an increased speed),lemma
laune,noun,"mood, humor",lemma
laut,adj,"loud, noisy",lemma
lautet,verb,"to be, to read (have a certain content or wording)",form-of
laß,verb,alternative spelling of lass,lemma
laßt,verb,to allow; to permit; to let,form-of
leben,verb,"to live, to be alive",lemma
lebensmittel,noun,"any item or substance intended for human consumption (excluding drugs other than alcohol), food, comestible",lemma
lebt,verb,simple present,form-of
leck,adj,leaky,lemma
lediglich,adv,merely,lemma
leer,adj,empty,lemma
leg,verb,subjunctive I,form-of
legen,verb,to lie down,lemma
legt,verb,to lie down,form-of
lehnt,verb,to lean,form-of
lehr,verb,"to teach (a class, a subject); to be a teacher",form-of
lehren,verb,"to teach (a class, a subject); to be a teacher",lemma
lehrerin,noun,teacher,form-of
leiche,noun,"dead body, corpse, cadaver, carcass",lemma
leicht,adj,light (not heavy),lemma
leid,adj,"distressing, uncomfortable",lemma
leiden,verb,"to suffer, to experience pain, sorrow, etc.",lemma
leidenschaft,noun,passion (powerful emotion),lemma
leihen,verb,to borrow,lemma
leis,adj,alternative form of leise,lemma
leisten,verb,"to perform (a task, work), to accomplish (a task), to achieve (a goal)",lemma
leistung,noun,"performance, accomplishment, achievement",lemma
leit,noun,ladder,form-fallback
lektion,noun,"lesson (chapter of a textbook, section of a course)",lemma
lernen,verb,"to learn, to acquire knowledge",lemma
lernt,verb,"to learn, to acquire knowledge",form-of
les,verb,"to read (to look at and understand symbols, words, or data)",form-of
lesen,verb,"to read (to look at and understand symbols, words, or data)",lemma
letzt,noun,only in fixed expressions,lemma
letztemal,adv,superseded spelling of letzte Mal (“(the) last time”),lemma
letztlich,adv,"finally, ultimately",lemma
leut,noun,alternative form of Leute,lemma
licht,adj,sparse (e.g. of hair or a forest),lemma
lie,verb,"to read (to look at and understand symbols, words, or data)",form-of
lieb,adj,lovable; dear; darling; sweet; good-hearted; kind,lemma
liebst,verb,"to love, to have a strong affection for (someone or something)",form-of
liebt,verb,"to love, to have a strong affection for (someone or something)",form-of
lied,noun,song (musical composition sung with vocals or vocal lyrics),lemma
lief,verb,to walk; to jog; to run (to move on foot; either at a normal or an increased speed),form-of
liegen,verb,to lie (to be in a horizontal position),lemma
liest,verb,"to read (to look at and understand symbols, words, or data)",form-of
ließ,verb,Switzerland and Liechtenstein standard spelling of ließ,lemma
ließen,verb,to allow; to permit; to let,form-of
linda,name,a female given name from the Germanic languages,lemma
linie,noun,line,lemma
link,adj,left,lemma
lippen,noun,lip,form-of
list,noun,"cunning, craft",lemma
liter,noun,"liter, litre",lemma
literatur,noun,"literature (written works collectively, often about a certain topic, in a certain language etc.)",lemma
lkw,noun,abbreviation of Lastkraftwagen (“truck”),lemma
loch,noun,hole; perforation,lemma
logik,noun,logic,lemma
lohn,noun,wage,lemma
lohnen,verb,to be worthwhile,lemma
london,name,"London (the capital city of the United Kingdom; the capital city of England, within Greater London)",lemma
los,adv,"rid of, free of",lemma
lud,verb,"to load (something) e.g. into a container or onto a vehicle, to load up",form-of
luft,noun,"air, atmosphere",lemma
lust,noun,desire; the wish to do or have something,lemma
lustig,adj,"funny, humorous",lemma
lächeln,verb,to smile,lemma
lächelt,verb,to smile,form-of
lächerlich,adj,"ridiculous, risible, laughable",lemma
länder,noun,country (territory of a nation),form-of
ländern,noun,country (territory of a nation),form-of
länger,adj,long; lengthy (in space or time),form-of
längst,adv,"long ago, long",lemma
lärm,noun,"noise, din, racket",lemma
lässt,verb,alternative spelling of lässt; second/third-person singular present of lassen,lemma
läuft,verb,to walk; to jog; to run (to move on foot; either at a normal or an increased speed),form-of
läßt,verb,alternative spelling of lässt; second/third-person singular present of lassen,lemma
löffel,noun,spoon,lemma
löschen,verb,"to quench (fire, thirst, or lime)",lemma
lösen,verb,to loose; to loosen; to detach; to remove,lemma
lösung,noun,solution (answer to a riddle or problem),lemma
löwe,noun,lion,lemma
löwen,name,Louvain (a city in Belgium),lemma
lügen,verb,to tell a lie; to lie (to intentionally give false information),lemma
lügner,noun,liar (one who tells lies) (male or of unspecified gender),lemma
mach,verb,"to make, to produce, to create (an object, arrangement, situation, etc.)",form-of
machen,verb,"to make, to produce, to create (an object, arrangement, situation, etc.)",lemma
macht,noun,"power, authority",lemma
mag,verb,to like (something or someone),form-of
magen,noun,"stomach, maw",lemma
mahlzeit,noun,meal,lemma
mai,noun,May (month),lemma
mail,noun,alternative form of E-Mail (“e-mail”),lemma
mal,adv,times (indicating multiplication of two numbers),lemma
male,verb,to paint (do paintwork),form-of
malen,verb,to paint (do paintwork),lemma
mama,noun,"mum, mummy, mom, mommy",lemma
man,adv,just; only,lemma
manch,pron,many a; many; some,lemma
manchmal,adv,sometimes,lemma
mangel,noun,"lack, shortage (the condition of having an insufficient amount of a resource, or none at all)",lemma
mann,noun,"man, male human being",lemma
mannschaft,noun,crew members of a ship,lemma
mantel,noun,"coat, overcoat (long jacket that covers at least part of the thighs)",lemma
mar,noun,crow's nest,form-fallback
mari,noun,money,form-fallback
maria,name,"a female given name, equivalent to English Mary",lemma
markt,noun,market (gathering for sale and purchase),lemma
maschine,noun,machine,lemma
maske,noun,mask,lemma
material,noun,material (matter),lemma
mathe,noun,"math, maths (short form of mathematics)",lemma
mathematik,noun,mathematics (study),lemma
mau,adj,"unwell, queasy, poorly, ill",lemma
maß,noun,Switzerland and Liechtenstein standard spelling of Maß,lemma
medien,noun,"the mediae consonants, 'b', 'd', and 'g'. (e.g. those subject to the Medienverschiebung).",lemma
medikament,noun,"drug, medicine",lemma
medizin,noun,medicine (the study of disease and treatment; the profession based thereon),lemma
meer,noun,sea,lemma
mehl,noun,flour; meal (ground cereal),lemma
mehr,adv,more,lemma
mehrere,pron,"multiple, several; more than one; a number of",lemma
mehreren,pron,"multiple, several; more than one; a number of",form-of
mehrheit,noun,majority; bulk,lemma
mehrmals,adv,"several times, repeatedly",lemma
meilen,noun,mile (unit of distance),form-of
mein,det,my,lemma
meinst,verb,"to opine, to think; to believe; to suppose",form-of
meint,verb,"to opine, to think; to believe; to suppose",form-of
meinung,noun,opinion,lemma
meist,adj,much; many,form-of
meisten,adj,much; many,form-of
melden,verb,"to report, to inform (about an incident or condition)",lemma
menge,noun,quantity,lemma
mensch,pron,"one, they (indefinite third-person singular pronoun)",lemma
menschheit,noun,"humanity, mankind (human beings at large)",lemma
menschlich,adj,"human, manlike",lemma
merken,verb,"to notice, to sense, to be able to tell (the difference in a situation or state)",lemma
mess,noun,knife,form-fallback
met,noun,mead,lemma
methode,noun,manner,lemma
mexiko,name,"Mexico (a country in North America, located south of the United States, and northwest of Guatemala and Belize from Central America)",lemma
mich,pron,I (first person singular nominative (subject) pronoun),form-of
miete,noun,rent,lemma
mieten,verb,"to hire, to rent",lemma
mike,name,a male given name,lemma
milch,noun,milk (white liquid produced by female mammals for their young to consume),lemma
milliarden,noun,billion (10⁹),form-of
million,noun,million (10⁶),lemma
mindesten,adj,"little, few (a small amount, a small number)",form-of
minister,noun,minister (a person who is commissioned by the government for public service),lemma
minute,noun,minute (unit of time; unit of angle),lemma
minuten,noun,minute (unit of time; unit of angle),form-of
mir,pron,alternative form of wir (“we”),lemma
mist,noun,manure (domestic animals’ excrement mixed with hay),lemma
mit,adv,among; denotes a belonging of a person or a thing to a group,lemma
mitarbeit,noun,"cooperation, collaboration",lemma
miteinander,adv,together (with),lemma
mitgebracht,verb,"to bring (along, with), to accompany",form-of
mitglied,noun,member,lemma
mitkommen,verb,"to come with, to join and come along with (another person)",lemma
mitleid,noun,"pity, compassion",lemma
mitnehmen,verb,to take with; to carry along,lemma
mittag,noun,"noon, midday, late morning, early afternoon (time from about 11 a.m. to 2 p.m)",lemma
mittagessen,verb,"to lunch, to have lunch",lemma
mitte,noun,middle,lemma
mitteilen,verb,"to inform about, to tell, to disclose, to impart, to report, to announce",lemma
mittel,adj,"average, middling",lemma
mitten,adv,In the middle.,lemma
mitternacht,noun,midnight,lemma
mittwoch,noun,Wednesday,lemma
mitzuteilen,verb,"to inform about, to tell, to disclose, to impart, to report, to announce",form-of
mobiltelefon,noun,mobile phone (a portable telephone),lemma
mochte,verb,to like (something or someone),form-of
mode,noun,"fashion, trend",lemma
modern,verb,"to rot, to molder",lemma
moment,noun,moment,lemma
momentan,adj,current,lemma
monat,noun,"month (division of a year, usually one twelfth ≈ 30 days)",lemma
mond,noun,moon (a natural satellite that is orbiting its corresponding planet),lemma
montag,noun,Monday,lemma
mord,noun,murder,lemma
morgen,adv,tomorrow,lemma
moschee,noun,mosque,lemma
moskau,name,"Moscow (a federal city, the capital of Russia)",lemma
motor,noun,engine (mechanical device),lemma
motorrad,noun,motorcycle,lemma
mund,noun,mouth of a person,lemma
museum,noun,"museum (building or institution dedicated to the protection and exhibition of items with scientific, historical, cultural or artistic value)",lemma
musik,noun,music,lemma
muss,noun,"necessity, a must",lemma
musst,verb,to have to (do something); must; to be obliged (to do something); to need (to do something).,form-of
mut,noun,courage; bravery,lemma
mutig,adj,courageous,lemma
mutter,noun,mother,lemma
muttersprach,noun,mother tongue; native language,form-fallback
muttersprachler,noun,native speaker (male or of unspecified gender) (a person who grew up with a particular language as their mother tongue),lemma
muß,noun,"necessity, a must",lemma
mußt,verb,to have to (do something); must; to be obliged (to do something); to need (to do something).,form-of
mädchen,noun,girl,lemma
männer,noun,"man, male human being",form-of
männern,noun,"man, male human being",form-of
märchen,noun,fairy tale (folk tale),lemma
märz,noun,March,source-fallback
mäuse,noun,mouse,form-of
möbel,noun,piece of furniture,lemma
möcht,verb,subjunctive II,form-of
möchtest,verb,subjunctive II,form-of
möchtet,verb,subjunctive II,form-of
mögen,verb,to like (something or someone),lemma
möglich,adj,possible (what can be done or achieved),lemma
möglichen,adj,possible (what can be done or achieved),form-of
möglicherweise,adv,"possibly, potentially",lemma
möglichkeit,noun,"possibility, likelihood",lemma
mörder,noun,"murderer, assassin, assassinator, killer, slayer (male or of unspecified gender)",lemma
müde,adj,tired,lemma
müh,noun,"effort, difficulty",form-fallback
müll,noun,"rubbish, refuse, waste, junk, trash (US), garbage (US)",lemma
müssen,verb,to have to (do something); must; to be obliged (to do something); to need (to do something).,lemma
müsst,verb,subjunctive II,form-of
mütze,noun,cap,lemma
müßt,verb,to have to (do something); must; to be obliged (to do something); to need (to do something).,form-of
na,intj,"well!, so!; used to introduce a statement",lemma
nach,adv,Separated form of nach-,lemma
nachbar,noun,neighbour,lemma
nachbarin,noun,female neighbor,lemma
nachbarn,noun,neighbour,form-of
nachdem,conj,after (that),lemma
nachdenken,verb,"to think, to reflect, to ponder",lemma
nachgedacht,verb,"to think, to reflect, to ponder",form-of
nachmittag,noun,afternoon (part of the day from about 2 p.m. to about 6 p.m.),lemma
nachricht,noun,"news, piece of news, notification",lemma
nacht,noun,night,lemma
nachtisch,noun,"dessert, pudding (UK)",lemma
nachzudenken,verb,"to think, to reflect, to ponder",form-of
nacken,noun,nape of the neck,lemma
nagel,noun,"A nail, the horny plate on fingers and toes of humans and certain animals which mostly consists of keratin.",lemma
nah,adj,"near (in space or time or in an abstract sense), close, nearby",lemma
nahm,verb,to take,form-of
nahmen,verb,to take (something into one's possession or on one's body),form-of
nahrung,noun,"nourishment, food",lemma
naiv,adj,green (inexperienced),lemma
nam,verb,to take (something into one's possession or on one's body),form-of
namen,noun,alternative form of Name,lemma
nannte,verb,to name (to give a name to),form-of
narr,noun,"jester, fool",lemma
narren,verb,to fool,lemma
nas,noun,nose,form-fallback
nass,adj,wet (soaked with liquid),lemma
nation,noun,nation (community of people),lemma
natur,noun,nature (the natural world),lemma
natürlich,adj,"natural, normal",lemma
ne,article,alternative spelling of 'ne,lemma
nebel,noun,"fog, mist, haze",lemma
neben,prep,"next to, beside, alongside, adjacent to, near, near to",lemma
nebenan,adv,next door,lemma
nehmen,verb,to take (something into one's possession or on one's body),lemma
neid,noun,"envy, jealousy",lemma
neigen,verb,"to incline, slant, tilt, bend, lower (move something in some direction by bowing or turning slightly)",lemma
nein,noun,a no,lemma
nennen,verb,to name (to give a name to),lemma
nerven,verb,"to annoy, to irritate",lemma
nervös,adj,nervous (anxious),lemma
nett,adj,nice; friendly; likable,lemma
netz,noun,"net; web; mesh (construction of interwoven fibres, e.g. that of a fisher, a spider, etc.)",lemma
neu,adj,new,lemma
neugier,noun,curiosity,lemma
neugierig,adj,"nosy, curious, inquisitive, prying",lemma
neuigkeit,noun,news (item of),lemma
neulich,adv,recently (in the recent past),lemma
neun,noun,nine,lemma
new,adj,new,alias
nicht,adv,"not, non- (negates the meaning of a verb, adjective, or adverb)",lemma
nie,adv,"never, never at all (referring to an indefinite period of time)",lemma
nieder,adj,low,lemma
niederlage,noun,"defeat, loss",lemma
niemals,adv,never (at no time),lemma
niemand,pron,"nobody, no one",lemma
nimm,verb,to take (something into one's possession or on one's body),form-of
nimmst,verb,to take (something into one's possession or on one's body),form-of
nimmt,verb,to take (something into one's possession or on one's body),form-of
nirgend,adv,nowhere (in no place),lemma
nirgendwo,adv,nowhere (in no place),lemma
noch,adv,"still, yet (up to and including a given time)",lemma
nochmal,adv,once again,lemma
nord,noun,the north (used without article; a short form of Norden),lemma
normal,adj,"ordinary, normal",lemma
normalerweise,adv,normally,lemma
not,adv,only used in nottun,lemma
notwendig,adj,necessary; essential; indispensable,lemma
november,noun,November,lemma
null,adj,"null, null and void (invalid)",lemma
nummer,noun,number; see usage notes below,lemma
nun,adv,"now, at this moment",lemma
nur,adv,"only, just, merely, simply",lemma
nutzen,verb,to make use of; to deploy; to exploit; to harness; to take (the opportunity of),lemma
nächst,prep,"besides, in addition to",lemma
nähe,noun,"nearness, closeness",lemma
näher,adj,"further, more precise or detailed",lemma
nämlich,adv,"namely, specifically; used to further specify what exactly one was talking about just before",lemma
nötig,adj,necessary,lemma
nützen,verb,alternative form of nutzen,lemma
nützlich,adj,useful; helpful,lemma
ob,conj,"Introduces an indirect question, a doubt. if, whether.",lemma
oben,adv,above,lemma
obst,noun,fruit (food),lemma
obwohl,conj,"although, though, while",lemma
oder,conj,or,lemma
ofen,noun,clipping of Backofen (“oven”),lemma
off,adj,clipping of offline,lemma
offenbar,adj,apparent (evident),lemma
offensichtlich,adj,obvious,lemma
oft,adv,often,lemma
oh,intj,oh,lemma
ohn,adv,without,form-fallback
ohr,noun,ear (the auditory organ),lemma
okay,adj,OK,lemma
oktober,noun,October,lemma
oma,noun,"grandma, granny, nan",lemma
onkel,noun,uncle,lemma
online,adj,online,lemma
opa,noun,grandpa,lemma
operation,noun,operation,lemma
opfer,noun,sacrifice,lemma
optimistisch,adj,optimistic,lemma
orang,adj,orange,form-of
ordentlich,adj,"tidy, orderly",lemma
ordnung,noun,"arrangement, regulation",lemma
organisation,noun,"organisation, organization",lemma
original,adj,original,lemma
ort,noun,"place, location, point, position",lemma
ost,noun,clipping of Osten: the east,lemma
ozean,noun,ocean,lemma
paar,det,some; few; a few,lemma
packt,verb,"to pack (luggage, a bundle, etc.); to get packed",form-of
paket,noun,"packet, package, parcel (the term is almost exclusively used for packages sent by mail)",lemma
panik,noun,panic,lemma
papa,noun,"dad, daddy",lemma
papi,noun,daddy,lemma
papst,noun,pope (head of the Roman Catholic Church; title of other religious leaders such as the Coptic Pope),lemma
paradies,noun,paradise,lemma
paris,name,Paris (the capital and largest city of France),lemma
park,noun,"park (piece of ground in or near a city or town, enclosed and kept for ornament and recreation)",lemma
parken,verb,to park,lemma
parkplatz,noun,"parking lot, outdoor car park",lemma
parlament,noun,parliament,lemma
partei,noun,political party,lemma
partner,noun,"partner, associate (male or of unspecified gender)",lemma
party,noun,party (social gathering),lemma
pass,noun,"pass, mountain pass",lemma
passen,verb,to fit,lemma
passieren,verb,to happen,lemma
passiert,verb,it happens,lemma
passwort,noun,password,lemma
patient,noun,patient (male or of unspecified sex or female),lemma
pause,noun,pause (temporary interruption in speech or an activity),lemma
pech,noun,pitch (sticky substance),lemma
peinlich,adj,"woeful, hurtful",lemma
per,prep,"by, by means of, through, via",lemma
perfekt,adj,perfect,lemma
person,noun,"person, individual",lemma
persönlich,adj,personal,lemma
persönlichkeit,noun,personality,lemma
pferd,noun,horse,lemma
pflanzen,verb,to plant,lemma
pflegt,verb,providing care or service for someone/something,form-of
pflicht,noun,duty,lemma
pfund,noun,"a metric pound, 500 grams, half a kilogram",lemma
phantasie,noun,alternative spelling of Fantasie,lemma
philosophie,noun,philosophy (study of thought),lemma
pilz,noun,mushroom,lemma
pistole,noun,"pistol, gun",lemma
pizza,noun,pizza,lemma
plan,adj,"planar, flat, level, smooth",lemma
planen,verb,to plan (some action or event),lemma
planet,verb,subjunctive I,form-of
platz,noun,"square, plaza, piazza",lemma
pleite,adj,broke,lemma
plus,adv,"plus, increased by",lemma
pläne,adj,"planar, flat, level, smooth",form-of
plötzlich,adj,"sudden, abrupt, brusque",lemma
pol,noun,pole (point on a spherical body's surface intersected by its rotational axis),lemma
politik,noun,politics,lemma
politisch,adj,political (concerning or related to politics),lemma
polizei,noun,police; law enforcement,lemma
polizist,noun,police officer (male or female); policeman,lemma
pomme,noun,"fries, French fries, chips (UK)",form-fallback
portemonnaie,noun,"wallet, purse",lemma
portugiesisch,adj,Portuguese,lemma
post,noun,"mail, post (sent and received letters etc.)",lemma
posten,verb,"to post (to publish an entry or comment in a forum, chat, or social media)",lemma
praktisch,adj,practical,lemma
praxis,noun,"practice, experience",lemma
preis,noun,price,lemma
priester,noun,priest,lemma
prinz,noun,prince,lemma
prinzessin,noun,"princess (female member of a royal family other than a queen, especially a daughter or granddaughter)",lemma
pro,prep,"per, each",lemma
probieren,verb,to try,lemma
problem,noun,problem,lemma
produkt,noun,product,lemma
professor,noun,professor,lemma
programm,noun,program (set of structured ideas or activities; a list thereof),lemma
projekt,noun,project,lemma
prozent,noun,percent,lemma
präsident,noun,"president; chairman, chairperson, chair (male or of unspecified gender)",lemma
prüfung,noun,an official test or examination on a subject,lemma
publikum,noun,"audience, those who see, hear, read some work or performance (crowd, viewership, readership etc.)",lemma
pullover,noun,sweater; pullover; jumper (UK),lemma
punkt,noun,dot (marking an abbreviation),lemma
puppe,noun,doll,lemma
putzen,verb,"to clean, especially by rubbing with something wet, to brush (one's teeth)",lemma
pünktlich,adj,"punctual, on time",lemma
qualität,noun,"quality (level of excellence, level of being free from defects)",lemma
quell,noun,source,lemma
rache,noun,revenge; vengeance,lemma
rad,noun,wheel,lemma
radio,noun,radio (technology that allows broadcasters to transmit audio programs; such programs),lemma
rannte,verb,"to run; to race; to sprint (said of competing sportsmen, animals etc.)",form-of
rasch,adj,"quick, rapid, swift",lemma
rasen,verb,to race; to speed (drive faster than permitted),lemma
rat,noun,"advice, counsel",lemma
ratschläge,noun,piece of advice; (in plural) advice,form-of
rau,adj,rough,lemma
rauch,noun,"smoke, fume",lemma
rauchen,verb,"to smoke, give off smoke",lemma
raum,adj,"of the sea, wide open",lemma
reagieren,verb,to react; to respond,lemma
realität,noun,reality (state of being real),lemma
rechnen,verb,"to count, reckon, calculate, compute",lemma
rechner,noun,computer,lemma
rechnung,noun,"bill, restaurant bill",lemma
recht,adj,"right, right-hand (direction)",lemma
rechtsanwalt,noun,lawyer,lemma
rechtzeitig,adj,punctual,lemma
reden,verb,"to talk, to speak, to orate",lemma
redet,verb,"to talk, to speak, to orate",form-of
regal,noun,"a rack of shelves, shelving, a shelf (in this collective sense), e.g. an open bookcase",lemma
regel,noun,rule,lemma
regelmäßig,adj,regular; according to the rule; expected; not forming an exception,lemma
regeln,verb,to regulate,lemma
regen,verb,to move (a small amount or unconsciously),lemma
regenschirm,noun,umbrella (used for protection against rain),lemma
regierung,noun,government/administration,lemma
region,noun,region,lemma
regnen,verb,to rain,lemma
regnet,verb,to rain,form-of
rei,verb,to travel,form-of
reich,adj,"rich, wealthy (having a lot of money and possessions)",lemma
reichen,verb,to reach (extend a certain distance),lemma
reicht,verb,to reach (extend a certain distance),form-of
reichtum,noun,"wealth, richness",lemma
reifen,verb,"to ripen, to mature",lemma
reih,verb,to line up; to arrange (according to some structure),form-of
rein,adj,"pure, clear, plain",lemma
reis,noun,rice,lemma
reist,verb,to travel,form-of
reiten,verb,to ride; to do horseriding,lemma
religion,noun,religion,lemma
rennen,verb,"to run; to race; to sprint (said of competing sportsmen, animals etc.)",lemma
reparieren,verb,to repair,lemma
respekt,noun,"respect, regard, reverence",lemma
respektieren,verb,to respect,lemma
rest,noun,"rest, remainder, remnant",lemma
restaurant,noun,restaurant,lemma
retten,verb,"to save, to rescue",lemma
revolution,noun,revolution,lemma
rezept,noun,"recipe, formula, guidance",lemma
richt,noun,judge,form-fallback
richtig,adj,"correct, accurate, right",lemma
richtung,prep,"towards, to (in the context of larger scale orientation; arrival at the location is not implied)",lemma
riechen,verb,to smell (something); to sniff (something),lemma
rief,verb,"to call out, to shout, to cry (of a person or animal)",form-of
riesig,adj,"gigantic, huge",lemma
riet,verb,to advise; to recommend,form-of
ring,noun,"a ring (a circular and hollow object, made of any material.)",lemma
risiko,noun,risk,lemma
riss,noun,"fissure, crack",lemma
robert,name,"a male given name from Frankish, feminine equivalent Roberta, equivalent to English Robert",lemma
roboter,noun,robot,lemma
rock,noun,skirt (garment),lemma
roll,verb,to roll,form-of
rom,noun,"Rom (member of the Roma people), Romani",lemma
roman,noun,novel,lemma
rosa,adj,coloured in a pale shade of pink,lemma
rosen,noun,rose,form-of
rot,adj,red (colour),lemma
rotwein,noun,"red wine (red-coloured wine made mostly from black grapes, including the skin)",lemma
rucksack,noun,backpack,lemma
ruf,noun,"call, shout, cry",lemma
rufen,verb,"to call out, to shout, to cry (of a person or animal)",lemma
ruh,noun,alternative form of Ruhe,lemma
ruhestand,noun,retirement,lemma
ruhig,adj,quiet,lemma
ruhm,noun,"fame, glory",lemma
rund,adj,"round, rounded, similar as in English, especially:",lemma
runter,adv,"down, down here, downstairs (towards the speaker)",lemma
russisch,adj,Russian,lemma
russland,name,Russia (a transcontinental country in Eastern Europe and North Asia),lemma
rätsel,noun,"riddle, puzzle, mystery, enigma",lemma
rücken,verb,"to move, to push",lemma
sach,verb,alternative form of sag,lemma
sack,noun,"sack (large bag, especially one made of fabric)",lemma
saft,noun,juice,lemma
sag,verb,to say (to pronounce; communicate verbally),form-of
sagen,verb,to say (to pronounce; communicate verbally),lemma
sagt,verb,to say (to pronounce; communicate verbally),form-of
sagtest,verb,to say (to pronounce; communicate verbally),form-of
sah,verb,to see; to have sight,form-of
sahen,verb,to see; to have sight,form-of
salat,noun,"salad (mixed, usually cold dish)",lemma
salz,noun,"salt, table salt, sal",lemma
sammeln,verb,to gather; to assemble; to collect,lemma
samstag,noun,Saturday,lemma
sand,noun,sand (particles of rock),lemma
sandwich,noun,sandwich (snack),lemma
sanft,adj,gentle,lemma
sang,verb,to sing,form-of
satt,adj,"not hungry, satiated, full, done",lemma
satz,noun,sentence,lemma
sau,noun,sow (female pig),lemma
sauber,adj,clean,lemma
saß,verb,Switzerland and Liechtenstein standard spelling of saß,lemma
saßen,verb,to sit; to perch,form-of
schach,noun,chess (game),lemma
schachtel,noun,"a small, usually square box, package or case",lemma
schad,adj,alternative form of schade,lemma
schadet,verb,"to hurt, to be harmful",form-of
schaf,noun,sheep,lemma
schaffen,verb,"to create, to call into being",lemma
schalt,verb,to switch,form-of
schaltet,verb,to switch,form-of
schand,noun,"disgrace, infamy, dishonour",form-fallback
scharf,adj,"sharp; able to cut (of a knife, edge)",lemma
schatten,noun,"shade, shadow",lemma
schatz,noun,treasure,lemma
schau,noun,show,lemma
schauen,verb,"to watch, to view (a movie or other performance)",lemma
schauspiel,noun,"play (theatrical performance), drama",lemma
schauspielerin,noun,"actress, actor (female)",lemma
schaut,verb,"to watch, to view (a movie or other performance)",form-of
scheiden,verb,to dissolve (a marriage); to divorce (a couple),lemma
scheidung,noun,separation,lemma
scheinen,verb,to shine; to gleam,lemma
scheitern,verb,"to fail, to conclude unsuccessfully",lemma
scheiß,adj,"shitty, shit",lemma
schenken,verb,"to give as a present, to gift",lemma
schenkt,verb,"to give as a present, to gift",form-of
scher,verb,to cut back something that grows,form-of
scherz,noun,joke,lemma
schi,noun,alternative spelling of Ski,lemma
schicken,verb,"to send, to dispatch (a person, letter, money etc. to a destination or a person)",lemma
schicksal,noun,"destiny, fate (irresistible power that predetermines events)",lemma
schickt,verb,"to send, to dispatch (a person, letter, money etc. to a destination or a person)",form-of
schießen,verb,to shoot; to fire,lemma
schiff,noun,ship,lemma
schild,noun,"sign, plate (flat surface bearing information)",lemma
schirm,noun,screen (movable protective cover),lemma
schlacht,noun,battle,lemma
schlaf,noun,sleep (condition of reduced consciousness),lemma
schlafen,verb,to sleep,lemma
schlafzimmer,noun,"bedroom (bed-room), bedchamber (bed-chamber)",lemma
schlag,noun,"blow, hit",lemma
schlagen,verb,to beat; to hit; to knock; to strike; to punch; to hammer; to pound,lemma
schlang,verb,to wind,form-of
schlau,adj,clever in a way that enables one to achieve one's goals; slightly sly or cunning (but not usually implying any evil intentions),lemma
schlecht,adj,"bad, evil, wicked (the opposite of good; immoral)",lemma
schlief,verb,to sleep,form-of
schließen,verb,Switzerland and Liechtenstein standard spelling of schließen,lemma
schließlich,adv,"in the end, finally, eventually",lemma
schlimm,adj,"bad, terrible, serious (seriously bad), dire, horrible, awful",lemma
schlimmste,adj,"bad, terrible, serious (seriously bad), dire, horrible, awful",form-of
schloss,verb,alternative form of schloss,lemma
schlossen,verb,to hail,lemma
schlug,verb,to beat; to hit; to knock; to strike; to punch; to hammer; to pound,form-of
schluss,noun,"end, ending, conclusion, finish",lemma
schläft,verb,to sleep,form-of
schlägt,verb,to beat; to hit; to knock; to strike; to punch; to hammer; to pound,form-of
schlüssel,noun,a key,lemma
schmecken,verb,to taste,lemma
schmerz,noun,"physical pain, ache (practically, as a sensation)",lemma
schmerzen,verb,"to hurt, to ache (to cause physical/bodily pain, often of parts of one's own body)",lemma
schmetterling,noun,butterfly,lemma
schmidt,name,"a common surname originating as an occupation, equivalent to English Smith",lemma
schmutzig,adj,"dirty, filthy, grimy",lemma
schnee,noun,snow,lemma
schneiden,verb,to cut; to carve; to slice,lemma
schneien,verb,to snow,lemma
schnell,adj,"quick, fast",lemma
schnitt,noun,"cut, the result of cutting",lemma
schockiert,verb,to shock,form-of
schokolade,noun,chocolate (food made from ground roasted cocoa beans),lemma
schon,adv,"already (happening rather early, continuing rather long)",lemma
schoss,noun,lap (area between the waist and knees of a seated person),lemma
schrank,noun,"cabinet (storage closet either separate from, or built into, a wall), or (specifically):",lemma
schrecklich,adj,"awful, terrible, horrible",lemma
schrei,noun,"shout, cry, scream",lemma
schreib,verb,"to write, to write out (use letters to make words and texts)",form-of
schreiben,verb,"to write, to write out (use letters to make words and texts)",lemma
schreibtisch,noun,"desk, cabinet (any table, frame, or case for the use of writers and readers; also a place for storing the papers)",lemma
schreien,verb,to shout; to yell; to cry; to scream; to howl,lemma
schrie,verb,to shout; to yell; to cry; to scream; to howl,form-of
schrieb,noun,"something written, especially (derogatory) an official document or piece of paperwork",lemma
schriftsteller,noun,"author, writer",lemma
schritt,noun,"step, footstep (a single instance of walking)",lemma
schublade,noun,drawer (open-topped box in a cabinet used for storing),lemma
schuh,noun,shoe,lemma
schul,verb,to school,form-of
schuld,adj,only used in schuld sein (“to be at fault”),lemma
schulden,verb,to owe,lemma
schuldig,adj,"[with genitive] guilty (of), culpable",lemma
schult,name,a surname,lemma
schultern,verb,to shoulder (to carry something on one's shoulders),lemma
schutz,noun,protection,lemma
schwach,adj,"weak, lacking in strength",lemma
schwang,noun,swing,lemma
schwanz,noun,tail,lemma
schwarz,adj,"black, reflecting little or no light",lemma
schweden,name,Sweden (a country in Scandinavia in Northern Europe),lemma
schweigen,verb,to be silent; to keep quiet,lemma
schwein,noun,"swine, pig",lemma
schweiz,name,Switzerland (a country in Western Europe and Central Europe),lemma
schwer,adj,"heavy, weighty",lemma
schwert,noun,sword,lemma
schwester,noun,sister,lemma
schwestern,noun,sister,form-of
schwierig,adj,"difficult, hard, challenging, tough",lemma
schwierigkeit,noun,"difficulty, problem",lemma
schwimmen,verb,to swim (to use swimming motions to move in the water),lemma
schwul,adj,gay,lemma
schwäche,noun,weakness,lemma
schätzen,verb,to estimate; to guess; to suppose; to assume,lemma
schön,adj,"beautiful, lovely, pretty, handsome",lemma
schönheit,noun,"beauty, beautifulness",lemma
schönste,adj,"beautiful, lovely, pretty, handsome",form-of
schönsten,adj,"beautiful, lovely, pretty, handsome",form-of
schüchtern,adj,"shy, timid, bashful",lemma
schüler,noun,"pupil, student, schoolboy (male or of unspecified gender)",lemma
schülern,noun,"pupil, student, schoolboy (male or of unspecified gender)",form-of
schützen,verb,to defend; to protect; to shelter; to guard,lemma
sechs,noun,six,lemma
sechzig,noun,sixty (number),lemma
see,noun,lake,lemma
seel,noun,soul,form-fallback
sehen,verb,to see; to have sight,lemma
sehnsucht,noun,"yearning, longing; pining",lemma
sehr,adv,very,lemma
sei,verb,subjunctive I,form-of
seien,verb,subjunctive I,form-of
seil,noun,"rope, line, cord",lemma
sein,verb,forms the present perfect and past perfect tenses of certain verbs,lemma
seitdem,adv,since,lemma
seite,noun,side (a bounding straight edge of a two-dimensional shape),lemma
seiten,noun,pages/sides,form-of
sekretärin,noun,female secretary,lemma
sekunde,noun,A unit of time; a second.,lemma
sekunden,noun,second,form-of
selben,pron,"self (as in myself, yourself, himself etc.)",form-of
selber,pron,"self (as in myself, yourself, himself etc.)",lemma
selbstmord,noun,suicide,lemma
selbstverständlich,adj,"natural, self-evident",lemma
selt,adj,"rare, infrequent, uncommon, scarce",form-fallback
seltsam,adj,"strange, weird, odd, funny, curious",lemma
senden,verb,to broadcast; to transmit,lemma
sendung,noun,delivery (by a postal service),lemma
september,noun,September,lemma
sessel,noun,"armchair, easy chair (comfortable chair with supports for the arms or elbows)",lemma
setz,verb,to sit down,form-of
setzen,verb,to sit down,lemma
setzt,verb,to sit down,form-of
sex,noun,sex (sexual intercourse),lemma
shirt,noun,shirt,lemma
sich,pron,Reciprocal pronoun of the third person plural: each other (in both dative and accusative),lemma
sicher,adj,"safe, secure (not dangerous or in danger)",lemma
sicherheit,noun,certainty,lemma
sicherlich,adv,certainly,lemma
sicht,noun,view,lemma
sie,pron,she,lemma
sieben,verb,to sift; to sieve,lemma
sieg,noun,victory,lemma
sieh,verb,to see; to have sight,form-of
siehst,verb,to see; to have sight,form-of
sieht,verb,to see; to have sight,form-of
singen,verb,to sing,lemma
sinn,noun,sense,lemma
situation,noun,"situation, circumstances",lemma
sitzen,verb,to sit; to perch,lemma
sitzung,noun,meeting,lemma
ski,noun,ski,lemma
so,adv,"so, such, that",lemma
sobald,conj,"as soon as, by the time",lemma
socken,noun,alternative form of Socke,lemma
sofa,noun,"sofa, couch (upholstered seat with a raised back that accommodates at least two people)",lemma
sofort,adv,"immediately, at once",lemma
sogar,adv,"even, actually, in fact",lemma
sohn,noun,son,lemma
solang,adv,synonym of solange,lemma
solch,pron,such,lemma
soldat,noun,soldier,lemma
soll,noun,debit,lemma
sollen,verb,should; to be obligated (to do something); ought; shall,lemma
sollt,verb,should; to be obligated (to do something); ought; shall,form-of
solltest,verb,should; to be obligated (to do something); ought; shall,form-of
solltet,verb,should; to be obligated (to do something); ought; shall,form-of
sommer,noun,summer,lemma
sommerferien,noun,"summer holidays, summer vacation, summer break",lemma
sonderlich,adj,"real, particular",lemma
sondern,verb,"to separate, to sunder",lemma
sonn,noun,apocopic form of Sonne,lemma
sonnenbrille,noun,sunglasses,lemma
sonnenschein,noun,sunshine,lemma
sonnenuntergang,noun,sunset (time of day),lemma
sonntag,noun,"Sunday (the first day of the week in many religious traditions, and the seventh day of the week in systems using the ISO 8601 standard)",lemma
sonst,adv,otherwise (under different circumstances),lemma
sorgen,verb,"to take care of, to care for, to look after",lemma
sorgfältig,adj,"careful, meticulous, thorough, diligent",lemma
soviel,adv,"so much, so many, as much, as many",lemma
soweit,conj,as far as (in the scope in which something holds),lemma
sowie,conj,as well as,lemma
sowieso,adv,"anyway, anyhow, in any case",lemma
sowohl,conj,"both (only in combination with a contrasting second element, see derived terms)",lemma
spanien,name,"Spain (a country in Southern Europe, including most of the Iberian peninsula)",lemma
spanisch,adj,Spanish,lemma
sparen,verb,"to save up; to accumulate, to put aside (for a specific purpose)",lemma
spazieren,verb,"to take a walk, to stroll, to walk leisurely",lemma
spaziergang,noun,walk (trip made by walking),lemma
spaß,noun,fun,lemma
speisen,verb,"to dine, to eat in a cultured (typically upscale) setting (otherwise humorous)",lemma
spiegel,noun,"mirror (smooth surface, usually made of glass with reflective material painted on the underside, that reflects light)",lemma
spiel,noun,a game (instance or way of playing),lemma
spielen,verb,to play (engage in some activity for fun or entertainment),lemma
spielt,verb,to play (engage in some activity for fun or entertainment),form-of
spielzeug,noun,toy,lemma
spinnen,verb,"to spin (a thread, a web, a cocoon, etc.)",lemma
spitz,adj,"pointed, pointy",lemma
sport,noun,sport (athletic activity that uses physical skills competitively under a set of rules),lemma
sprach,verb,"to speak (some language, the truth, etc.)",form-of
sprang,verb,to spring; to leap; to bounce,form-of
sprechen,verb,"to speak (some language, the truth, etc.)",lemma
sprich,particle,"Used to introduce a (typically laconic) clarification or explanation; that is, meaning",lemma
sprichst,verb,"to speak (some language, the truth, etc.)",form-of
spricht,verb,"to speak (some language, the truth, etc.)",form-of
springen,verb,to spring; to leap; to bounce,lemma
spur,noun,trace (rest of something that indicates its former presence; (by extension) any small amount),lemma
spuren,verb,to leave a trace,lemma
spät,adj,late,lemma
spätesten,adj,late,form-of
spüren,verb,"to sense, to detect, to perceive",lemma
staat,noun,"country, state (politically constituted legal person wielding absolute power of a population and territory)",lemma
stadt,noun,city (a large settlement),lemma
stahl,noun,steel,lemma
stammen,verb,"to descend, to originate, to be derived",lemma
stand,noun,"standing, state, status, position, situation",lemma
standen,verb,stand,form-of
starb,verb,to die,form-of
stark,adj,"strong (intense, powerful, unyielding)",lemma
statt,conj,instead of,lemma
staub,noun,dust,lemma
stecken,verb,to stick; to be stuck,lemma
steckt,verb,to stick; to be stuck,form-of
stefan,name,"a male given name, feminine equivalent Stefanie or Stephanie, equivalent to English Stephen; variant form Steffen",lemma
stehen,verb,"to stand (to be upright, support oneself in an erect position)",lemma
stehlen,verb,to steal,lemma
steigen,verb,"to ascend, to climb, to rise",lemma
stein,noun,"stone, rock",lemma
stell,verb,"causative of stehen: to put, place, position (someone or something) such that it stands upright",form-of
stellt,verb,"causative of stehen: to put, place, position (someone or something) such that it stands upright",form-of
sterben,verb,to die,lemma
stern,noun,a star; a small luminous dot that can be seen on the night sky,lemma
stets,adv,always; constantly; the whole time (very often),lemma
steuer,noun,tax,lemma
steuern,verb,"to steer, to navigate, to pilot, to operate, to control",lemma
stich,noun,"sting, prick, stitch, stab",lemma
stiefel,noun,boot (shoe),lemma
stieg,verb,"to ascend, to climb, to rise",form-of
stieß,verb,to push; to shove; to thrust,form-of
stift,noun,"pin (short rod of metal, wood etc., used e.g. for fastening)",lemma
stil,noun,style,lemma
still,adj,"quiet, silent",lemma
stimm,verb,"to be right, to be correct, to be proper, to be true",form-of
stimmt,intj,correct,lemma
stimmung,noun,mood (emotional state),lemma
stinken,verb,to stink,lemma
stirbt,verb,to die,form-of
stirn,noun,"forehead, brow (often used as an indicator of emotion)",lemma
stock,noun,"stick (solid, wooden, broken off twig or small branch mostly clear of leaves or smaller twigs)",lemma
stoff,noun,"stuff, matter, substance",lemma
stolz,adj,proud,lemma
strafe,verb,and imperative,form-of
strand,noun,beach,lemma
straße,noun,"street; road (a way wide enough to be passable for vehicles, generally paved, in or outside a settlement)",lemma
straßen,name,a town in Luxembourg,lemma
streichen,verb,to stroke,lemma
streit,noun,"quarrel, dispute, fight, argument",lemma
streiten,verb,to argue; to fight; to quarrel,lemma
streng,adj,"strict, rigorous",lemma
stress,noun,stress (emotional pressure),lemma
strich,noun,stroke,lemma
strom,noun,a large river,lemma
student,noun,student (person attending lectures at a university; male or of unspecified sex),lemma
studentin,noun,person attending lectures at university,form-of
studieren,verb,to study at university or college level; to be a student (of),lemma
studium,noun,study (the act of studying in general),lemma
stuhl,noun,a chair (to sit on),lemma
stund,noun,apocopic form of Stunde,lemma
stundenlang,adj,lasting for hours,lemma
sturm,adj,"befuddled, dazed, numb; dizzy, giddy; muddled",lemma
städte,noun,city (a large settlement),form-of
ständig,adj,"permanent, constant (without breaks)",lemma
stärk,verb,to strengthen (to add to the power or effect of something),form-of
stören,verb,"to disturb, to interfere, to bother",lemma
stück,noun,"one, item, piece, unit(of something countable; often untranslated in English)",lemma
stürzt,verb,"to fall down, to drop, to tumble",form-of
suchen,verb,"to search, to look for",lemma
sucht,noun,addiction,lemma
summe,noun,sum (maths),lemma
supermarkt,noun,supermarket,lemma
suppe,noun,soup,lemma
system,noun,system,lemma
sämtliche,adj,all,form-of
sänger,noun,"agent noun of singen; singer (person who sings, often regularly or professionally)",lemma
sängerin,noun,"female singer, singeress, songstress",lemma
sätze,noun,sentences,form-of
sätzen,noun,sentence,form-of
söhne,noun,son,form-of
süd,noun,the south,lemma
sünd,noun,sin,form-fallback
süß,adj,sweet,lemma
süßigkeit,noun,"sweet, candy (piece or kind of confectionery)",lemma
tafel,noun,"panel, board (e.g., wooden panel)",lemma
tag,noun,day (a 24-hour period),lemma
tagebuch,noun,"diary, journal",lemma
tal,noun,valley,lemma
talent,noun,talent,lemma
tante,noun,aunt,lemma
tanzen,verb,to dance,lemma
tasche,noun,bag,lemma
taschen,noun,bag,form-of
tasse,noun,"cup, mug (drinking vessel)",lemma
tassen,noun,"cup, mug (drinking vessel)",form-of
tat,noun,deed,lemma
taten,verb,to do (to perform or execute an action),form-of
tatsache,noun,fact (a true observation),lemma
tatsachen,noun,fact (a true observation),form-of
tatsächlich,adj,"actual, real, factual",lemma
taub,adj,deaf (not hearing),lemma
tausend,noun,thousand (set or unit of one thousand items),lemma
taxi,noun,"taxi, cab",lemma
team,noun,team,lemma
technik,noun,technique,lemma
tee,noun,"tea (drink made by infusing parts of a plant, especially leaves or buds of Camellia sinensis, in water)",lemma
teich,noun,pond (natural or man-made),lemma
teil,noun,"part, piece (of a whole, often in relation to living things or an abstract concept)",lemma
teilen,verb,"to split, to share",lemma
teilnehmen,verb,to participate (in),lemma
teilt,verb,"to split, to share",form-of
telefon,noun,telephone,lemma
telefonnummer,noun,telephone number,lemma
tell,noun,"plate, dish",form-fallback
tempel,noun,temple (edifice dedicated to one or multiple deities),lemma
temperatur,noun,temperature,lemma
tennis,noun,tennis,lemma
teppich,noun,"rug, carpet (cloth covering for a floor)",lemma
termin,noun,date (day on which a certain event takes place),lemma
test,noun,test,lemma
teuer,adj,"expensive, dear (high in price)",lemma
teufel,noun,"the Devil, Satan (supreme evil spirit in the Abrahamic religions)",lemma
teurer,adj,"expensive, dear (high in price)",form-of
text,noun,text (writing consisting of several sentences and forming a discrete unit),lemma
theater,noun,theater (a place or building consisting of a stage and seats),lemma
them,noun,"topic, subject, issue",form-of
thema,noun,"topic, subject, issue",lemma
theorie,noun,theory,lemma
thomas,name,Thomas (biblical figure),lemma
tief,adj,"deep (having a long distance to the bottom; of bodies of water, wells, etc.)",lemma
tier,noun,animal (see usage notes below),lemma
tiger,noun,tiger,lemma
tisch,noun,table (a piece of furniture with a relatively deep surface at roughly waist or knee level); specific uses include:,lemma
titel,noun,title,lemma
tochter,noun,daughter,lemma
tod,noun,death,lemma
toilette,noun,toilet,lemma
tokio,name,"Tokyo (a prefecture, the capital and largest city of Japan)",lemma
tokyo,name,alternative spelling of Tokio,lemma
toll,adj,"great, nice, wonderful",lemma
tom,name,a male given name from English,lemma
tomaten,noun,"tomato (plant, fruit of this plant)",form-of
ton,noun,clay,lemma
tor,noun,"gate, archway (passageway covered by an arch, particularly one made of masonry)",lemma
tot,adj,"dead, deceased",lemma
total,adj,"total, absolute, complete, utter (not used in the sense of “entire”)",lemma
tourist,noun,tourist (male or of unspecified gender),lemma
traf,verb,to meet; to encounter,form-of
trafen,verb,to meet; to encounter,form-of
tragen,verb,"to carry, to bear (something on one's person)",lemma
trank,noun,"a drink, generally mixed of several ingredients, and often for medical or magical effect; a potion",lemma
trat,verb,"to step, to walk (a short distance)",form-of
trauen,verb,to trust,lemma
traum,noun,dream,lemma
traurig,adj,sad,lemma
treffen,verb,to meet; to encounter,lemma
treiben,verb,to drive (e.g. livestock); to propel; to force,lemma
trennen,verb,"to separate, sever, part, disunite, uncouple, segregate, unjoin, disjoin",lemma
treppe,noun,stairs,lemma
treten,verb,"to step, to walk (a short distance)",lemma
treu,adj,loyal; faithful; true,lemma
trifft,verb,to meet; to encounter,form-of
trink,verb,"to drink (to drink liquids (in bottles, glasses, etc.) by mouth)",form-of
trinken,verb,"to drink (to drink liquids (in bottles, glasses, etc.) by mouth)",lemma
tritt,noun,step,lemma
trocken,adj,dry (not wet; lacking water),lemma
tropfen,verb,"to drop, drip",lemma
trotz,prep,"in spite of, despite",lemma
trotzdem,adv,"anyhow, nevertheless",lemma
trug,noun,"a deception, delusion, illusion",lemma
trugen,verb,"to carry, to bear (something on one's person)",form-of
trägst,verb,"to carry, to bear (something on one's person)",form-of
trägt,verb,"to carry, to bear (something on one's person)",form-of
tränen,verb,"to water (due to irritation, pain, etc.)",lemma
träum,verb,to dream,form-of
träumt,verb,to dream,form-of
tu,noun,"initialism of Technisch Universität, a university of technology.",lemma
tue,verb,to do (to perform or execute an action),form-of
tugend,noun,virtue,lemma
tun,verb,to do (to perform or execute an action),lemma
turm,noun,"tower, spire (very tall building or structure, especially with a tapering top)",lemma
tust,verb,to do (to perform or execute an action),form-of
tut,verb,to do (to perform or execute an action),form-of
typ,noun,type,lemma
täglich,adj,daily,lemma
tät,verb,subjunctive II,form-of
tätest,verb,subjunctive II,form-of
töchter,noun,daughter,form-of
töten,verb,to kill,lemma
tür,noun,door (rigid plane on a hinge),lemma
türkei,name,Turkey (a country located in Eastern Thrace in Southeastern Europe and Anatolia in West Asia),lemma
türkisch,adj,"Turkish, Turkic",lemma
ufer,noun,"shore, shoreline",lemma
uhr,noun,"hours, o'clock (indicates the time within a twelve- or twenty-four-hour period)",lemma
ukraine,name,"Ukraine (a country in Eastern Europe, bordering on the north shore of the Black Sea)",lemma
um,adj,"up, in the sense of finished",lemma
umbringen,verb,"to kill, to murder, to do away with",lemma
umgang,noun,"dealings, (social) intercourse",lemma
umgeben,verb,to surround (to encircle or simultaneously extend on all sides of something),lemma
umgebracht,verb,"to kill, to murder, to do away with",form-of
umgebung,noun,"environment (area around something), vicinity, surroundings",lemma
umgehen,verb,"to avoid, bypass, to go around (a physical obstacle)",lemma
ums,contraction,contraction of um + das,lemma
umsonst,adv,"free of charge, gratis",lemma
umstände,noun,circumstance (an event; a fact; a particular incident),form-of
umständen,noun,circumstance (an event; a fact; a particular incident),form-of
umwelt,noun,environment; milieu; surroundings,lemma
unbedingt,adj,absolute,lemma
und,conj,and,lemma
unendlich,adj,infinite,lemma
unerträglich,adj,"unbearable, intolerable",lemma
unfall,noun,accident,lemma
ungarisch,adj,"Hungarian (related to Hungary, its language or its people)",lemma
ungarn,name,Hungary (a country in Central Europe),lemma
ungeduldig,adj,impatient,lemma
ungefähr,adj,approximate,lemma
ungewöhnlich,adj,"uncommon, unusual, unordinary",lemma
unglaublich,adj,"unbelievable, incredible",lemma
unglück,noun,unhappiness; sorrow,lemma
unglücklich,adj,"unhappy, unjoyous, unjoyful, misfortunate, miserable",lemma
unhöflich,adj,rude,lemma
union,noun,union,lemma
universität,noun,university,lemma
universum,noun,universe,lemma
unmöglich,adj,impossible,lemma
unrecht,adj,"wrong, unethical",lemma
uns,pron,we,form-of
unschuld,noun,innocence,lemma
unschuldig,adj,innocent,lemma
unser,det,our,lemma
unsinn,noun,nonsense,lemma
unten,adv,below,lemma
unter,prep,under,lemma
unterhalten,verb,to maintain,lemma
unterhaltung,noun,conversation,lemma
unterhielt,verb,to maintain,form-of
unternehmen,verb,to undertake,lemma
unterricht,noun,"lesson, class, instruction, education",lemma
unterrichten,verb,"to teach, to school",lemma
unterscheiden,verb,"to distinguish, differentiate",lemma
unterschied,noun,difference,lemma
unterschreiben,verb,to sign (write one’s signature),lemma
unterstützen,verb,"to support, to assist, to help, to aid",lemma
unterstützung,noun,"support, assistance, backing, also endorsement",lemma
untersuchen,verb,"to examine, investigate (inspect or study carefully in order to reach a conclusion)",lemma
untersuchung,noun,"examination, investigation",lemma
unterwegs,adv,"on one’s way, underway, en route, in transit, going, travelling",lemma
unwahrscheinlich,adj,"unlikely, improbable",lemma
unwissenheit,noun,ignorance,lemma
urlaub,noun,"holiday, vacation",lemma
ursach,noun,cause (source or reason of an event or action),form-fallback
urteil,noun,"judgment (the preferred spelling in a legal context), verdict, sentence (court decision)",lemma
us,name,synonym of USA,lemma
usa,name,initialism of the United States of America: a country in North America: USA,lemma
vase,noun,vase,lemma
vater,noun,father,lemma
vegetarier,noun,vegetarian (person),lemma
verabschieden,verb,to say goodbye (to); to take leave (of),lemma
verantwortlich,adj,responsible,lemma
verantwortung,noun,responsibility,lemma
verbergen,verb,"to hide, conceal from view, keep secret",lemma
verbessern,verb,"to improve (to make better), to enhance",lemma
verbessert,adj,improved,lemma
verbindung,noun,connection,lemma
verbot,noun,"prohibition, ban",lemma
verbracht,verb,"to spend, to pass (a period of time)",form-of
verbrannt,verb,"to burn (to cause to be consumed by fire or flames), to incinerate, to combust",form-of
verbrechen,verb,to do (something wrong); to be at fault for,lemma
verbreiten,verb,"to put about, spread, circulate, disseminate sth.",lemma
verbringen,verb,"to spend, to pass (a period of time)",lemma
verbund,noun,compound,lemma
verdacht,noun,suspicion,lemma
verdammt,adj,damned,lemma
verdienen,verb,"to make money, to earn",lemma
vereinigt,adj,united,lemma
verfassung,noun,constitution,lemma
verfolgen,verb,"to pursue, to follow, to hunt",lemma
verfügen,verb,"to decree, to order",lemma
verfügung,noun,"disposal, disposition (control over something)",lemma
vergangen,adj,"past, bygone",lemma
vergangenheit,noun,the past (time),lemma
vergaß,verb,to forget (lose remembrance of),form-of
vergeben,verb,to forgive,lemma
vergeblich,adj,"unavailing, in vain, futile, useless",lemma
vergehen,verb,"to pass, to elapse",lemma
vergessen,verb,to forget (lose remembrance of),lemma
vergiss,verb,to forget (lose remembrance of),form-of
vergisst,verb,to forget (lose remembrance of),form-of
vergleich,noun,comparison,lemma
vergleichen,verb,to compare,lemma
vergnügen,verb,to please,lemma
verhaften,verb,"to stop moving and instead stick, or make or become bound (more or less literally or figuratively)",lemma
verhalten,verb,to behave,lemma
verheiratet,adj,married (in a state of marriage; having a wife or a husband),lemma
verhindern,verb,"to prevent, to inhibit, to keep (something) from happening.",lemma
verirren,verb,to get lost,lemma
verkauf,noun,sale,lemma
verkaufen,verb,to sell (something in exchange for money),lemma
verkehr,noun,ellipsis of Straßenverkehr (“road traffic”),lemma
verlangen,verb,"to ask for, demand",lemma
verlassen,verb,"to leave, to abandon; to depart, to forsake",lemma
verlauf,noun,"course (of a border, etc.)",lemma
verletzen,verb,"to hurt, to injure (cause bodily harm to someone)",lemma
verletzt,adj,"hurt, injured",lemma
verlieben,verb,to fall in love,lemma
verliebt,adj,"in love, enamored",lemma
verlieren,verb,"to lose (something, or a game)",lemma
verließ,verb,"to leave, to abandon; to depart, to forsake",form-of
verlor,verb,"to lose (something, or a game)",form-of
verloren,adj,"lost, missing",lemma
verlust,noun,"loss (all senses, except defeat, for which Niederlage is used)",lemma
verlässt,verb,"to leave, to abandon; to depart, to forsake",form-of
vermag,verb,to be able to; may,form-of
vermeiden,verb,"to avoid (something happening, doing something)",lemma
vermissen,verb,to miss (to feel the absence of someone or something),lemma
vermute,verb,"to assume, suppose, presume, suspect, (US) guess",form-of
vermutlich,adj,"suspected, presumable, assumed",lemma
vermögen,verb,to be able to; may,lemma
vernunft,noun,"reason, good sense",lemma
vernünftig,adj,"reasonable, sensible",lemma
verpassen,verb,to miss (be late for; be unable to use or attend),lemma
verpflichtet,adj,"committed, bound, obliged, indebted, beholden",lemma
verrat,noun,"treason, betrayal, treachery, backstabbing, bewrayment",lemma
verrückt,adj,"crazy, mad",lemma
versammlung,noun,"gathering, meeting, assembly, congregation",lemma
verschieben,verb,"to move, to shift",lemma
verschieden,adj,different,lemma
verschwand,verb,"to disappear, to vanish, to move out of view",form-of
verschwinden,verb,"to disappear, to vanish, to move out of view",lemma
verschwunden,adj,disappeared,lemma
versehen,verb,to perform (a service or duty),lemma
versprach,verb,to promise,form-of
versprechen,verb,to promise,lemma
versprochen,verb,to promise,form-of
verspäten,verb,"to be late, to be delayed",lemma
verspätung,noun,"delay, lateness, late arrival",lemma
verstand,noun,intellect,lemma
verstanden,verb,to understand,form-of
verstecken,verb,to conceal,lemma
versteckt,adj,hidden,lemma
verstehen,verb,to understand,lemma
verständlich,adj,"understandable, comprehensible",lemma
verständnis,noun,"understanding, comprehension",lemma
versuch,noun,attempt,lemma
versuchen,verb,"to try, to attempt (often with an uncertain result)",lemma
versucht,verb,"to try, to attempt (often with an uncertain result)",form-of
verteidigen,verb,to defend (from attack),lemma
vertrag,noun,"contract, agreement",lemma
vertrauen,verb,"to trust, to place confidence in",lemma
verursachen,verb,"to cause, to induce",lemma
verurteilen,verb,"to convict, condemn, sentence",lemma
verwandelt,verb,"to turn, to change, to transform",form-of
verwandt,verb,"to use, to utilize",form-of
verwechselt,verb,to mix up; to confuse or mistake something for something else,form-of
verwenden,verb,"to use, to employ, to apply",lemma
verwirren,verb,to confuse,lemma
verzeihen,verb,to forgive; to pardon; to excuse,lemma
verzeihung,noun,forgiveness,lemma
verzichten,verb,"to give up, to go without, to live without, to make do without, to do without, to forgo, to dispense with",lemma
verzweifelt,adj,desperate,lemma
verändern,verb,"to alter, to change",lemma
verändert,adj,"changed, altered",lemma
veränderung,noun,change (process of becoming different),lemma
verärgert,adj,"upset, annoyed, angry",lemma
veröffentlichen,verb,to publish,lemma
video,noun,video,lemma
viel,adv,"much, a lot",lemma
vielleicht,adv,"perhaps, maybe",lemma
vier,noun,four (digit or figure 4),lemma
viertel,noun,"quarter, fourth",lemma
vierzig,noun,forty (number),lemma
virus,noun,virus,lemma
vogel,noun,a bird,lemma
volk,noun,"people, nation, folk, tribe, race (group united by culture, history, descent, and/or language)",lemma
voll,adj,full; filled,lemma
vollkommen,adj,perfect (fitting its definition precisely),lemma
vollständig,adj,complete,lemma
vom,contraction,"contraction of von + dem, literally “from the, of the”",lemma
von,prep,from,lemma
voneinander,adv,"from / of one another, from / of each other",lemma
vor,prep,"in front of, ahead of (relative location in space)",lemma
voran,adv,"forth, ahead, forwards",lemma
voraus,adv,"in front, ahead",lemma
vorbei,adj,"over, past, up (of time)",lemma
vorbereiten,verb,to prepare,lemma
vorfahren,verb,to drive up,lemma
vorfall,noun,incident (event or occurrence),lemma
vorgeschlagen,verb,"to propose, to suggest",form-of
vorgestellt,adj,"envisaged, imagined",lemma
vorgestern,adv,"ereyesterday, the day before yesterday",lemma
vorhaben,verb,"to intend, to have (something) planned, to have (something) to do",lemma
vorher,adv,"beforehand, previously, before (a previously mentioned point or action)",lemma
vorn,adv,in front,lemma
vorschlag,noun,"suggestion, proposal (something proposed)",lemma
vorsicht,noun,"caution, cautiousness",lemma
vorsichtig,adj,"deliberate (not hasty or sudden); careful, cautious, wary, circumspect",lemma
vorstellen,verb,"to introduce (someone), to present",lemma
vorstellung,noun,"idea, image, representation (the transcript, image, or picture of a visible object that is formed by the mind)",lemma
vorteil,noun,"advantage, plus, benefit, perk (of a job)",lemma
vortrag,noun,"talk, lecture",lemma
vorüber,adv,"gone, over, past",lemma
vögel,verb,to mate,form-of
völker,noun,"people, nation, folk, tribe, race (group united by culture, history, descent, and/or language)",form-of
völlig,adj,"complete, total, utter",lemma
wach,adj,awake,lemma
wachsen,verb,to grow,lemma
waffe,noun,"weapon, arm",lemma
waffen,noun,"weapon, arm",form-of
wagen,verb,"to dare (to do something, despite possible risks)",lemma
wahl,noun,"choice, selection",lemma
wahnsinn,noun,"insanity, madness",lemma
wahnsinnig,adj,"mad, insane",lemma
wahr,adj,"true, real",lemma
wahrheit,noun,truth,lemma
wahrscheinlich,adj,"likely, probable, plausible",lemma
wald,noun,forest; woods; woodland,lemma
wand,noun,"wall, partition",lemma
wandern,verb,"to hike, to go trekking",lemma
wandt,verb,to turn something so as to cook or roast it from both sides,form-of
wann,adv,when,lemma
warf,verb,to throw,form-of
warm,adj,warm; mildly hot,lemma
warnen,verb,"to warn, to caution, to admonish",lemma
warten,verb,to wait (for),lemma
wartet,verb,to wait (for),form-of
warum,adv,why; for what reason,lemma
was,adv,"clipping of etwas: a bit, somewhat",lemma
waschen,verb,to wash,lemma
waschmaschine,noun,washing machine,lemma
wasser,noun,water (H₂O),lemma
website,noun,website,lemma
wechseln,verb,"to change, to exchange",lemma
weck,noun,bread roll,lemma
wecken,verb,"to wake, to wake up",lemma
weder,conj,neither (only with noch),lemma
weg,adj,unconscious; passed out,lemma
wegen,prep,"for, because of",lemma
weggehen,verb,"to go away, leave, scram",lemma
weh,adj,"sore, painful",lemma
weht,verb,"to blow (of wind, a storm, etc.)",form-of
weigert,verb,to refuse,form-of
weihnachten,verb,to be nearly Christmas; to have a Christmassy atmosphere,lemma
weihnachtsmann,noun,"Santa Claus, Father Christmas",lemma
weil,conj,"because, given that",lemma
wein,noun,wine,lemma
weinen,verb,"to weep, cry",lemma
weint,verb,"to weep, cry",form-of
weis,adv,alternative form of weise,lemma
weisheit,noun,wisdom,lemma
weit,adj,wide,lemma
weiter,adv,"further, farther, more",lemma
weiterhin,adv,still,lemma
weitermachen,verb,"go on, keep going, continue to do something",lemma
weiß,adj,white,lemma
weißt,verb,Switzerland and Liechtenstein standard spelling of weißt,lemma
welch,det,what,lemma
wellen,verb,to wave,lemma
welt,noun,world,lemma
weltkrieg,noun,world war,lemma
wem,pron,who (what person or people),form-of
wen,pron,who (what person or people),form-of
wenden,verb,to turn something so as to cook or roast it from both sides,lemma
wenig,adj,"little, few (a small amount, a small number)",lemma
wenigsten,adj,"little, few (a small amount, a small number)",form-of
wenn,conj,"when, whenever",lemma
wer,pron,who (what person or people),lemma
werbung,noun,"promotion, solicitation, recruitment",lemma
werden,verb,"will, to be going to, forms the future tense",lemma
werfen,verb,to throw,lemma
werk,noun,"work, achievement (the result of working)",lemma
werkzeug,noun,tool,lemma
wert,adj,"worth, worthy of",lemma
wesen,noun,"creature, being",lemma
weshalb,adv,why,lemma
wessen,adv,"clipping of etwas: a bit, somewhat",form-of
west,noun,the west (used without article; a short form of Westen),lemma
wett,verb,to bet,form-of
wettbewerb,noun,competition (contest for a prize or award),lemma
wichtig,adj,"important, relevant, significant, weighty",lemma
wichtigste,adj,"important, relevant, significant, weighty",form-of
wichtigsten,adj,"important, relevant, significant, weighty",form-of
widerstehen,verb,"to withstand, to resist",lemma
wie,adv,how,lemma
wieder,adv,again; indicates that the action taking place has happened before,lemma
wiederholen,verb,to repeat (to do or say again),lemma
wiederkommen,verb,"to return, to come back, to come again",lemma
wiedersehen,verb,"to see again, to meet again",lemma
wiederzusehen,verb,"to see again, to meet again",form-of
wiegt,verb,to weigh; to be of a certain weight,form-of
wies,name,"a municipality of Styria, Austria",lemma
wieso,adv,why,lemma
wieviel,adv,how much; how many,curated-phrase
wilhelm,name,"a male given name from Old High German, feminine equivalent Wilhelmina, Wilhelmine, or Minna, equivalent to English William; diminutive forms Willi, Willy",lemma
will,verb,to want; to wish; to desire; to demand,form-of
willen,noun,alternative form of Wille (“will”),lemma
willkommen,adj,welcome (received with gladness),lemma
wind,noun,wind; the movement of air usually caused by convection or differences of air pressure,lemma
winter,noun,winter,lemma
wir,pron,we,lemma
wirf,verb,to throw,form-of
wirft,verb,to throw,form-of
wirken,verb,"to function, to be effective, to work",lemma
wirklich,adj,real,lemma
wirklichkeit,noun,reality,lemma
wirkt,verb,"to function, to be effective, to work",form-of
wirkung,noun,effect,lemma
wirtschaft,noun,economy,lemma
wissen,verb,to know; to be aware of (a fact),lemma
wissenschaft,noun,science (a branch of knowledge or academic discipline dealing with a systematic body of facts or truths),lemma
wissenschaftler,noun,scientist,lemma
witz,noun,joke,lemma
wißt,verb,to know; to be aware of (a fact),form-of
wo,adv,where (at what place),lemma
woanders,adv,"elsewhere, somewhere else",lemma
woche,noun,"week (period of seven days counting from Monday to Sunday, or from Sunday to Saturday)",lemma
wochen,noun,"week (period of seven days counting from Monday to Sunday, or from Sunday to Saturday)",form-of
wochenende,noun,"weekend (break in the working week, usually Saturday and Sunday)",lemma
wofür,adv,"for what, wherefore, why",lemma
woher,adv,"where from, whence",lemma
wohin,adv,"where to, whither",lemma
wohl,adv,"possibly, probably; as I was told (modal particle expressing an assumption, often like English must + infinitive, or (US) guess + clause)",lemma
wohnen,verb,"to live, reside, dwell (to remain or be settled permanently, or for a considerable time)",lemma
wohnt,verb,"to live, reside, dwell (to remain or be settled permanently, or for a considerable time)",form-of
wohnung,noun,domicile; dwelling; lodging; abode; accommodation (any place someone lives in for a span of time longer than a holiday),lemma
wohnzimmer,noun,living room,lemma
wolf,noun,wolf,lemma
wolken,name,a surname transferred from the given name,lemma
wollen,verb,to want; to wish; to desire; to demand,lemma
wollt,verb,to want; to wish; to desire; to demand,form-of
wolltest,verb,to want; to wish; to desire; to demand,form-of
wolltet,verb,to want; to wish; to desire; to demand,form-of
womit,adv,"with what, what…with",lemma
wonach,adv,after what,lemma
woran,adv,"on what, at what",lemma
worauf,adv,whereupon; upon which; on which; to which; at which; above which; upon.,lemma
worin,adv,"in what, wherein",lemma
wort,noun,word as an isolated unit,lemma
worum,adv,about what,lemma
worüber,adv,generally corresponding to über was; mainly:,lemma
wovon,adv,"about what, what ... about",lemma
wozu,adv,"for what reason, to what purpose, what for, why?",lemma
wuchs,noun,growth; growing,lemma
wund,adj,"wounded, injured, sore",lemma
wunderbar,adj,wonderful,lemma
wunderschön,adj,"gorgeous, very beautiful",lemma
wunsch,noun,wish (an act of wishing),lemma
wurdest,verb,"will, to be going to, forms the future tense",form-of
wusst,verb,to know; to be aware of (a fact),form-of
wusstest,verb,to know; to be aware of (a fact),form-of
wut,noun,rage; fury; outrage,lemma
wußte,verb,to know; to be aware of (a fact),form-of
wußten,verb,to know; to be aware of (a fact),form-of
wußtest,verb,to know; to be aware of (a fact),form-of
wußtet,verb,to know; to be aware of (a fact),form-of
wächst,verb,to grow,form-of
wählen,verb,"to choose, to select",lemma
währen,verb,"to last, persist",lemma
wände,verb,subjunctive II,form-of
wär,verb,alternative form of wäre,lemma
wärest,verb,subjunctive II,form-of
wärm,verb,to warm,form-of
wärst,verb,subjunctive II,form-of
wäsch,noun,"wash, washing, laundry (the act of cleaning with water; an instance thereof)",form-fallback
wäscht,verb,alternative form of wäschst,lemma
wölfe,noun,wolf,form-of
wörter,noun,word as an isolated unit,form-of
wörterbuch,noun,"dictionary (reference work with a list of words from one or more languages, and their definitions or translations)",lemma
wörtern,noun,word as an isolated unit,form-of
wünsch,verb,to wish for; to make a wish for; to want; to desire,form-of
wünscht,verb,to wish for; to make a wish for; to want; to desire,form-of
würdest,verb,subjunctive II,form-of
würdet,verb,subjunctive II,form-of
wüsst,verb,subjunctive II,form-of
wüst,adj,"desert, desolate",lemma
wütend,adj,"furious, angry",lemma
yen,noun,yen (unit of Japanese currency),lemma
zahl,noun,"number, numeral, figure",lemma
zahlen,verb,to pay,lemma
zahlreich,adj,numerous,lemma
zahn,noun,tooth,lemma
zahnarzt,noun,dentist,lemma
zaun,noun,fence,lemma
zehn,noun,ten (number),lemma
zeichen,noun,"sign, token (object representing something)",lemma
zeichnen,verb,"to draw, to sketch",lemma
zeig,verb,"to show, make see",form-of
zeigen,verb,"to show, make see",lemma
zeigt,verb,"to show, make see",form-of
zeit,prep,"for the entire time of, during",lemma
zeitlang,noun,while,lemma
zeitpunkt,noun,"moment (instant of time), point in time, a timepoint",lemma
zeitschrift,noun,magazine (published in regular intervals),lemma
zeitung,noun,newspaper,lemma
zelt,noun,"tent, marquee",lemma
zentrum,noun,"center, centre",lemma
zerbrochen,adj,broken,lemma
zerstören,verb,"to destroy, demolish, devastate, eliminate",lemma
zeug,noun,"stuff, gear, equipment",lemma
zieh,verb,to pull; to drag,form-of
ziehen,verb,to pull; to drag,lemma
ziel,noun,target,lemma
ziemlich,adj,"considerable, sizable",lemma
zigarette,noun,cigarette,lemma
zigaretten,noun,cigarette,form-of
zimmer,noun,"room (separate part of a building, enclosed by walls, a floor and a ceiling)",lemma
zog,verb,to pull; to drag,form-of
zogen,verb,to pull; to drag,form-of
zoo,noun,zoo,lemma
zu,adj,"shut, closed (made inaccessible or impassable; not open)",lemma
zubereiten,verb,to prepare,lemma
zuck,verb,"to jerk, twitch",form-of
zuerst,adv,"first, firstly",lemma
zufall,noun,"chance, coincidence, randomness",lemma
zufolge,prep,according to,lemma
zufrieden,adj,"satisfied, content, happy (with something)",lemma
zufällig,adj,"random, by chance or stochastic",lemma
zug,noun,procession (larger group moving together along a common route),lemma
zugeben,verb,"to admit, confess (to own up to something)",lemma
zugenommen,verb,to increase,form-of
zugleich,adv,"at the same time, simultaneously",lemma
zuhaus,adv,alternative form of zu Hause,lemma
zuhören,verb,to listen,lemma
zukunft,noun,future,lemma
zulassen,verb,to allow,lemma
zuletzt,adv,finally; lastly; in the end,lemma
zum,contraction,"contraction of zu + dem, literally “to the; for the”",lemma
zumindest,adv,at least,lemma
zumut,adv,Mainly used in set phrases.,form-fallback
zung,noun,tongue (organ in the mouth),form-fallback
zunächst,adv,"first, first of all, in the first place, to begin with, initially",lemma
zur,contraction,"contraction of zu + der, literally “to the (feminine)”",lemma
zurecht,adv,only used in zurechtweisen etc.,lemma
zurzeit,adv,currently,lemma
zurück,adv,"back, backward, backwards, to the rear.",lemma
zurückgekehrt,verb,to return,form-of
zurückgekommen,verb,to return (to come back),form-of
zurückkehren,verb,to return,lemma
zurückkommen,verb,to return (to come back),lemma
zusammen,adj,"together, in the same place",lemma
zusammenhang,noun,"coherence, cohesion",lemma
zustand,verb,dependent preterite,form-of
zustimmen,verb,to agree,lemma
zuviel,adv,alternative spelling of zu viel,lemma
zuvor,adv,"before, previously",lemma
zuzuhören,verb,to listen,form-of
zwang,noun,"compulsion, obligation, duress",lemma
zwanzig,noun,twenty (number),lemma
zwar,adv,"Signals a following contrary clause, which is usually introduced with aber (“but”), stressing that the speaker is aware of the contradiction, but that it does not invalidate the st",lemma
zweck,noun,purpose,lemma
zwei,noun,two (digit or figure),lemma
zweifel,noun,doubt,lemma
zweifellos,adj,doubtless,lemma
zweimal,adv,twice,lemma
zweit,particle,only used in zu zweit.,lemma
zwiebeln,verb,"to hassle, harass, bully, torment",lemma
zwilling,noun,twin (male or female; the feminine form Zwillingin is rare),lemma
zwingen,verb,to force; to compel; to make (someone do something),lemma
zwischen,prep,between,lemma
zwölf,noun,"twelve, a dozen",lemma
zählen,verb,to count (to determine the number of objects in a group),lemma
zähne,noun,tooth,form-of
züge,noun,procession (larger group moving together along a common route),form-of
ägypten,name,Egypt (a country in North Africa and West Asia),lemma
ähnelt,verb,"[with dative] to resemble, be or look similar to",form-of
ähnlich,adj,"similar, alike, resembling",lemma
älter,adj,old,form-of
älteste,adj,old,form-of
ändern,verb,"to change, to alter",lemma
ändert,verb,"to change, to alter",form-of
änderung,noun,"change, modification",lemma
äpfel,noun,apple (fruit),form-of
ärger,noun,"annoyance, anger",lemma
ärgern,verb,"to annoy, to make angry",lemma
ärgert,verb,"to annoy, to make angry",form-of
ärzte,noun,"doctor, physician (male or of unspecified gender) (without necessarily having a postgraduate degree)",form-of
ärztin,noun,"doctor, physician (female)",lemma
äußeren,verb,to utter; to say; to express,form-of
öffentlich,adj,public,lemma
öffentlichkeit,noun,public,lemma
öffnen,verb,to open (to make something accessible or allow for passage by moving from a shut position),lemma
öffnet,verb,to open (to make something accessible or allow for passage by moving from a shut position),form-of
öfter,adv,"ofttimes, from time to time",lemma
öl,noun,oil,lemma
österreich,name,Austria (a country in Central Europe),lemma
übel,adj,"bad, evil, terrible (not good, in quality or morality)",lemma
üben,verb,"to practice, to drill, to train",lemma
über,adj,"left over, remaining, replaces übrig in all its predicative instances, including those lexicalized as verb prefixoids.",lemma
überall,adv,everywhere,lemma
überaus,adv,extremely,lemma
überein,adv,"equal, matching",lemma
überhaupt,adv,"overall, in general",lemma
überlassen,verb,to relinquish something (definitely or temporarily) and leave it to someone else,lemma
überleben,verb,to survive,lemma
überlegen,verb,"to think about, to think over",lemma
übermorgen,adv,"overmorrow, the day after tomorrow",lemma
übernehmen,verb,"to take over (a task, a position, responsibilities from someone else)",lemma
überprüfen,verb,"to check, to verify",lemma
überqueren,verb,"to cross, to traverse",lemma
überraschen,verb,to surprise,lemma
überrascht,adj,surprised,lemma
überraschung,noun,surprise,lemma
überreden,verb,"to talk over, to talk into, to persuade (implying that the person gives in, but is not inwardly convinced; unlike überzeugen)",lemma
übersehen,verb,"to overlook, disregard, ignore",lemma
übersetz,verb,"to translate, to interpret",form-of
übersetzen,verb,"to translate, to interpret",lemma
übersetzung,noun,translation,lemma
überwinden,verb,"to overcome, to get over",lemma
überzeugen,verb,to convince,lemma
übrig,adj,"rest of, remaining",lemma
übrigen,adj,"rest of, remaining",form-of
übung,noun,practice (degree of being used to and proficient in some activity),lemma
