lemma,form,rank,tier,count,forms
ich,ich,1,core,192104,ich
sein,ist,2,core,130683,ist;sind;war;sein;bin;bist
die,die,3,core,121118,die;dies
nicht,nicht,4,core,114029,nicht;nichts
sie,sie,5,core,113708,sie
das,das,7,core,100750,das
der,der,8,core,94353,der;deren
du,du,9,core,85543,du
zu,zu,10,core,82877,zu
es,es,11,core,76013,es
er,er,12,core,66901,er
in,in,13,core,64317,in
und,und,14,core,63496,und
ein,ein,15,core,59731,ein;eine;einen;einem;einer;eines
haben,hat,16,core,51374,hat;habe;haben;hast;hatte;hätte
den,den,17,core,42877,den;denen
wir,wir,18,core,41048,wir
sich,sich,19,core,40235,sich
dass,dass,20,core,40163,dass
mit,mit,22,core,38767,mit
auf,auf,23,core,38396,auf;aufs
was,was,24,core,35900,was
mir,mir,26,core,34070,mir
wie,wie,27,core,33549,wie
ihr,ihr,28,core,33500,ihr;ihre;ihren;ihrer;ihrem;ihres
von,von,30,core,28783,von
mich,mich,32,core,28359,mich
an,an,34,core,26552,an
als,als,36,core,25936,als
dem,dem,37,core,25203,dem
so,so,39,core,24426,so
für,für,40,core,24083,für;fürs
kann,kann,41,core,23761,kann
im,im,42,core,23514,im
wenn,wenn,43,core,23208,wenn
man,man,44,core,22590,man
noch,noch,45,core,21466,noch
aus,aus,46,core,19310,aus
um,um,48,core,18060,um
werden,wird,49,core,17930,wird;werden;wurde;werde;würde;wirst
nach,nach,52,core,16958,nach
dich,dich,53,core,16444,dich
dir,dir,54,core,16368,dir
uns,uns,55,core,16022,uns
sehr,sehr,56,core,15402,sehr
nur,nur,57,core,14817,nur
aber,aber,58,core,14542,aber
mein,meine,59,core,13652,meine;mein;meinen;meiner;meinem;meines
schon,schon,60,core,13514,schon
hier,hier,61,core,13345,hier
immer,immer,62,core,13140,immer
mehr,mehr,64,core,12888,mehr
etwas,etwas,65,core,12689,etwas
des,des,66,core,12653,des
vor,vor,68,core,11925,vor
auch,auch,69,core,11903,auch
kein,keine,70,core,11625,keine;kein;keinen;keiner;keinem;keines
ihn,ihn,71,core,11552,ihn
warum,warum,73,core,10778,warum
dies,diese,74,core,10683,diese;dieses;dieser;diesem;diesen
am,am,75,core,10641,am
weiß,weiß,76,core,10337,weiß;weiße;weißen;weißes
bei,bei,77,core,10202,bei
zum,zum,78,core,10201,zum
will,will,79,core,10118,will
gut,gut,82,core,9985,gut;gute;guten;guter;gutes
über,über,83,core,9936,über;übers
ihm,ihm,85,core,9735,ihm
viel,viel,86,core,9718,viel;viele;vielen;vieles;vieler
heute,heute,87,core,9691,heute
oder,oder,89,core,9304,oder
tun,tun,91,core,9274,tun;getan
all,alles,92,core,9259,alles;alle;allen;all;aller;allem
muss,muss,93,core,9238,muss
können,können,94,core,9225,können;könnt;könne
gibt,gibt,97,core,8917,gibt
da,da,98,core,8915,da
leben,leben,99,core,8775,leben;lebt;lebens;lebe;gelebt;lebst
euch,euch,100,core,8772,euch
wo,wo,102,core,8771,wo
daß,daß,103,core,8531,daß
machen,machen,104,core,8501,machen;macht;gemacht;mache;machst
zeit,zeit,105,core,8320,zeit;zeiten
sagen,sagen,107,core,8225,sagen;gesagt;sagt;sage;sagst
jetzt,jetzt,108,core,8218,jetzt
wer,wer,109,core,8206,wer
bitt,bitte,111,core,8116,bitte;bitten
gehen,gehen,112,core,8050,gehen;geht;gehe;gegangen;gehst
nie,nie,113,core,7928,nie
mal,mal,115,core,7724,mal
doch,doch,117,core,7627,doch
ihnen,ihnen,118,core,7512,ihnen
mensch,menschen,120,core,7166,menschen;mensch
dein,deine,123,core,6654,deine;dein;deinen;deiner;deinem;deines
wieder,wieder,124,core,6432,wieder
sagt,sagte,125,core,6299,sagte;sagten
möcht,möchte,126,core,6206,möchte;möchten
geld,geld,127,core,6131,geld;geldes
morgen,morgen,128,core,6031,morgen;morgens
einmal,einmal,129,core,6012,einmal
zur,zur,131,core,5845,zur
kannst,kannst,133,core,5669,kannst
müssen,müssen,134,core,5667,müssen;müsst;müsse
wirklich,wirklich,135,core,5621,wirklich
sehen,sehen,136,core,5618,sehen;gesehen;sehe;seht
tag,tag,137,core,5587,tag;tage;tagen;tages
wissen,wissen,140,core,5341,wissen;gewusst;wisst;gewissen;wisse
ohn,ohne,141,core,5300,ohne
kommen,kommt,142,core,5201,kommt;kommen;gekommen;komme;kommst
dann,dann,143,core,5161,dann
zwei,zwei,144,core,5139,zwei
drei,drei,145,core,5026,drei
haus,hause,146,core,5001,hause;hauses
selben,selbst,147,core,4950,selbst;selben
bis,bis,150,core,4920,bis
frau,frau,151,core,4894,frau;frauen
essen,essen,153,core,4885,essen;esse;esst
hau,haus,154,core,4856,haus
glaub,glaube,155,core,4849,glaube;glauben;glaub
durch,durch,156,core,4808,durch;durchs
sei,sei,157,core,4805,sei
wollt,wollte,160,core,4709,wollte;wollten
gerade,gerade,161,core,4677,gerade
arbeit,arbeit,162,core,4676,arbeit;arbeiter
denn,denn,163,core,4660,denn
mann,mann,164,core,4592,mann;mannes
gern,gerne,165,core,4588,gerne;gern
welt,welt,168,core,4546,welt
bess,besser,169,core,4537,besser
buch,buch,170,core,4519,buch;buches
helfen,helfen,171,core,4512,helfen;geholfen;helfe;helft
sprechen,sprechen,172,core,4497,sprechen;gesprochen;spreche;sprecht
soll,soll,173,core,4452,soll
ins,ins,174,core,4429,ins
mag,mag,175,core,4417,mag
lang,lange,176,core,4412,lange;lang;langen;langer;langem;langes
lassen,lassen,179,core,4397,lassen;lasst;gelassen;lasse
tom,toms,181,core,4228,toms
kind,kinder,182,core,4214,kinder;kind;kindes
ob,ob,183,core,4148,ob
wollen,wollen,184,core,4140,wollen;wollt;wolle;gewollt
ganz,ganz,185,core,4122,ganz;ganze;ganzen;ganzes
ja,ja,186,core,4096,ja
auto,auto,187,core,4095,auto;autos
oft,oft,188,core,4050,oft
gestern,gestern,189,core,4040,gestern
willen,willst,191,core,3970,willst;willen;wille
anderen,anderen,192,core,3945,anderen
weg,weg,193,core,3941,weg;wege
lieb,liebe,194,core,3920,liebe;lieber;lieben;lieb
einfach,einfach,197,core,3858,einfach;einfacher;einfache;einfachen
vater,vater,198,core,3846,vater;vaters
wann,wann,199,core,3801,wann
ab,ab,200,core,3787,ab
boston,boston,202,core,3721,boston
französisch,französisch,203,core,3696,französisch;französische;französischen
dort,dort,205,core,3665,dort
weil,weil,206,core,3647,weil;weile
konnt,konnte,207,core,3646,konnte;konnten
niemand,niemand,209,core,3538,niemand;niemanden;niemandem
mutter,mutter,210,core,3507,mutter
sollt,sollte,211,core,3455,sollte;sollten
damit,damit,212,core,3415,damit
schul,schule,214,core,3397,schule;schulen
leut,leute,215,core,3352,leute;leuten
uhr,uhr,217,core,3347,uhr
könnt,könnte,218,core,3344,könnte;könnten
lernen,lernen,219,core,3285,lernen;gelernt;lernt;lerne;lernst
hören,gehört,220,core,3278,gehört;hören;hört;höre;gehören;hörst
unter,unter,221,core,3265,unter
kam,kam,222,core,3246,kam
ging,ging,223,core,3225,ging
unser,unsere,224,core,3216,unsere;unser;unserer;unseren;unserem;unseres
seien,seit,225,core,3204,seit;seien
jed,jeden,227,core,3148,jeden;jeder;jede;jedes;jedem
vom,vom,228,core,3147,vom
hund,hund,229,core,3143,hund;hunde;hunden
andere,andere,230,core,3132,andere;anderes
frag,frage,231,core,3099,frage;fragen;frag
jahr,jahre,234,core,3066,jahre;jahr;jahren;jahres
wasser,wasser,235,core,3033,wasser
sicher,sicher,237,core,2996,sicher
vielleicht,vielleicht,238,core,2970,vielleicht
sondern,sondern,239,core,2933,sondern
sprach,sprache,240,core,2917,sprache;sprachen;sprach
sah,sah,241,core,2892,sah
tut,tut,242,core,2886,tut
geben,geben,243,core,2881,geben;gegeben;gebe;gebt
beim,beim,244,core,2876,beim
jemand,jemand,245,core,2871,jemand;jemanden;jemandem
zimmer,zimmer,246,core,2870,zimmer
freund,freund,248,core,2864,freund;freunde;freunden;freundes
abend,abend,249,core,2864,abend;abends
zurück,zurück,250,core,2835,zurück
gar,gar,251,core,2834,gar
stadt,stadt,252,core,2831,stadt
allein,allein,253,core,2817,allein;alleine
sieht,sieht,254,core,2805,sieht
davon,davon,256,core,2797,davon
schnell,schnell,260,core,2702,schnell;schneller
sollen,sollen,261,core,2698,sollen;sollst;solle;sollt
recht,recht,262,core,2664,recht;rechts;rechten;rechte
mädchen,mädchen,264,core,2652,mädchen
angst,angst,266,core,2585,angst
gab,gab,267,core,2582,gab
bleiben,bleiben,268,core,2574,bleiben;bleibt;geblieben;bleibe;bleibst
denk,denke,269,core,2567,denke;denken;denk
wahrheit,wahrheit,270,core,2552,wahrheit
schön,schön,271,core,2549,schön;schöne;schönes;schönen;schöner
wohl,wohl,273,core,2535,wohl
vergessen,vergessen,274,core,2523,vergessen;vergesse
finden,finden,275,core,2501,finden;finde;findet;findest
stehen,steht,276,core,2492,steht;stehen;stehe;stehst
musst,musst,278,core,2483,musst;musste;mussten
fast,fast,279,core,2452,fast
nacht,nacht,280,core,2441,nacht;nachts
fehl,fehler,281,core,2440,fehler
kaufen,kaufen,282,core,2430,kaufen;gekauft;kaufe;kauft
gegen,gegen,283,core,2406,gegen
warten,warten,284,core,2394,warten;warte;wartet;gewartet
wahr,wahr,286,core,2392,wahr;wahre;wahren
paar,paar,287,core,2388,paar
fahren,fahren,288,core,2388,fahren;gefahren;fahre;fahrt
aug,augen,289,core,2387,augen;auge
woche,woche,290,core,2376,woche
weißt,weißt,291,core,2362,weißt
lass,lass,292,core,2358,lass
problem,problem,293,core,2352,problem;probleme;problemen;problems
zusammen,zusammen,294,core,2347,zusammen
eltern,eltern,295,core,2345,eltern
alt,alt,296,core,2320,alt;alte;alter;alten;altes
neu,neue,298,core,2317,neue;neuen;neues;neu;neuer
englisch,englisch,299,core,2314,englisch;englische;englischen
spricht,spricht,301,core,2310,spricht
tür,tür,302,core,2301,tür;türen;türe
land,land,304,core,2287,land;landes;lande
genug,genug,305,core,2284,genug
hilf,hilfe,306,core,2283,hilfe;hilf
welch,welche,308,core,2262,welche;welches;welcher;welchen;welchem
erst,erst,311,core,2242,erst;ersten;erste;erster;erstes
passieren,passiert,312,core,2238,passiert;passieren
reden,reden,313,core,2236,reden;rede;redet;geredet;redest
darüber,darüber,314,core,2226,darüber
daran,daran,315,core,2224,daran
darf,darf,318,core,2211,darf
bekommen,bekommen,319,core,2210,bekommen;bekommt;bekomme;bekommst
lesen,lesen,320,core,2199,lesen;gelesen;lese
schwer,schwer,321,core,2193,schwer;schwerer;schwere;schweren
wort,wort,324,core,2175,wort;worte;worten;wortes
groß,große,325,core,2133,große;großen;groß;großer;großes;großem
dacht,dachte,326,core,2130,dachte;dachten
je,je,327,core,2128,je
bruder,bruder,328,core,2128,bruder
scheinen,scheint,329,core,2115,scheint;scheinen;scheinst
glücklich,glücklich,330,core,2113,glücklich;glücklicher;glückliche;glücklichen
zwischen,zwischen,331,core,2110,zwischen
gleich,gleich,332,core,2109,gleich;gleiche;gleichen
darauf,darauf,334,core,2105,darauf
dafür,dafür,336,core,2094,dafür
brauchen,braucht,337,core,2084,braucht;brauchen;brauche;brauchst;gebraucht;gebrauchen
liegen,liegt,338,core,2080,liegt;liegen
spielen,spielen,339,core,2079,spielen;spielt;gespielt;spiele;spielst
end,ende,340,core,2077,ende;enden;endes
bald,bald,343,core,2055,bald
währen,während,344,core,2051,während
wusst,wusste,345,core,2035,wusste;wussten
dazu,dazu,346,core,2031,dazu
kaffe,kaffee,349,core,2021,kaffee
früh,früher,350,core,2011,früher;früh;frühen
nein,nein,351,core,2004,nein
nehmen,nehmen,352,core,2004,nehmen;genommen;nehme;nehmt
einig,einige,353,core,2003,einige;einigen;einiges;einiger;einig
fällen,gefällt,354,core,1998,gefällt;fällt;fällen
arbeiten,arbeiten,356,core,1957,arbeiten;arbeitet;arbeite;gearbeitet;arbeitest
hoffe,hoffe,357,core,1930,hoffe
fallen,gefallen,358,core,1929,gefallen;fallen;falle
heißen,heißt,359,core,1921,heißt;heißen;heiße
solltest,solltest,361,core,1914,solltest
australien,australien,362,core,1912,australien
schwester,schwester,363,core,1907,schwester
gefund,gefunden,364,core,1891,gefunden
geschicht,geschichte,365,core,1883,geschichte;geschichten
verstehen,verstehen,367,core,1872,verstehen;verstehe;versteht;verstehst
einzig,einzige,368,core,1859,einzige;einzigen;einziges;einziger;einzig
meinung,meinung,369,core,1852,meinung;meinungen
überhaupt,überhaupt,370,core,1851,überhaupt
katz,katze,371,core,1849,katze;katzen
spät,spät,373,core,1842,spät;später
beten,bett,374,core,1831,bett;gebeten;beten
bücher,bücher,375,core,1827,bücher
verloren,verloren,376,core,1819,verloren
zug,zug,377,core,1810,zug
familie,familie,378,core,1808,familie
gott,gott,380,core,1805,gott;gottes
letzt,letzte,381,core,1800,letzte;letzten;letzter;letztes
wegen,wegen,383,core,1773,wegen
brief,brief,384,core,1765,brief;briefe
dabei,dabei,385,core,1762,dabei
glück,glück,386,core,1756,glück
ding,dinge,387,core,1754,dinge;dingen;ding
satz,satz,388,core,1753,satz;satzes
hand,hand,389,core,1752,hand
lehr,lehrer,391,core,1723,lehrer
jung,junge,392,core,1722,junge;jungen;jung;jungs;junger
leicht,leicht,394,core,1720,leicht;leichter;leichte
genau,genau,397,core,1698,genau;genauer
zehn,zehn,399,core,1692,zehn
wenig,wenig,402,core,1687,wenig;weniger;wenige;wenigen
nam,namen,403,core,1681,namen;name
schreiben,schreiben,404,core,1668,schreiben;geschrieben;schreibt;schreibe;schreibst
sag,sag,405,core,1658,sag
fertig,fertig,406,core,1655,fertig
fenster,fenster,407,core,1642,fenster
kaum,kaum,408,core,1639,kaum
gegessen,gegessen,409,core,1638,gegessen
kennt,kennt,412,core,1628,kennt
kenn,kenne,414,core,1626,kenne
sohn,sohn,415,core,1623,sohn
bringen,bringen,416,core,1618,bringen;bringt;gebracht;bringe;bringst
eigentlich,eigentlich,417,core,1614,eigentlich
dank,danke,418,core,1604,danke;dank;danken
trinken,trinken,419,core,1600,trinken;trinkt;getrunken;trinke;trinkst
hin,hin,421,core,1597,hin
fünf,fünf,422,core,1593,fünf
richtig,richtig,423,core,1592,richtig;richtige;richtigen;richtiger
bevor,bevor,424,core,1583,bevor
straße,straße,425,core,1583,straße
kopf,kopf,426,core,1578,kopf
beide,beide,428,core,1559,beide;beides
halten,halten,429,core,1556,halten;halte;gehalten;haltet
treffen,treffen,432,core,1549,treffen;getroffen;treffe
ziemlich,ziemlich,434,core,1515,ziemlich
sofort,sofort,436,core,1503,sofort
weit,weiter,437,core,1501,weiter;weit;weitem
leid,leid,439,core,1491,leid;leider
manchmal,manchmal,441,core,1471,manchmal
müde,müde,442,core,1467,müde
schlafen,schlafen,443,core,1455,schlafen;geschlafen;schlafe
bus,bus,444,core,1453,bus
wichtig,wichtig,445,core,1451,wichtig;wichtiger;wichtige;wichtiges;wichtigen
sonst,sonst,447,core,1446,sonst
nahm,nahm,449,core,1440,nahm
nun,nun,450,core,1438,nun
arzt,arzt,451,core,1437,arzt
stund,stunden,452,core,1436,stunden;stunde
bisschen,bisschen,453,core,1433,bisschen
tisch,tisch,454,core,1429,tisch
macht,machte,457,core,1417,machte;machten
sorgen,sorgen,458,core,1415,sorgen;sorge;sorgt
mach,mach,459,core,1407,mach
hinter,hinter,460,core,1405,hinter
lässt,lässt,462,core,1401,lässt
freundin,freundin,463,core,1399,freundin
eur,eure,464,core,1397,eure;euren;eurer;eurem
beiden,beiden,465,core,1395,beiden
glaubt,glaubt,466,core,1394,glaubt;glaubte;glaubten
sonn,sonne,468,core,1380,sonne
krank,krank,471,core,1370,krank
best,beste,475,core,1363,beste;besten;bestes;bester
bereit,bereits,476,core,1363,bereits;bereit
gib,gib,477,core,1362,gib
hättest,hättest,478,core,1358,hättest
nächst,nächsten,479,core,1350,nächsten;nächste;nächstes
meist,meisten,480,core,1344,meisten;meist;meister;meiste
antwort,antwort,481,core,1342,antwort
schlecht,schlecht,485,core,1330,schlecht;schlechte;schlechter;schlechten;schlechtes
tat,tat,487,core,1329,tat
los,los,489,core,1322,los
schwimmen,schwimmen,490,core,1320,schwimmen;schwimmt
tochter,tochter,492,core,1307,tochter
minuten,minuten,493,core,1304,minuten
beschäftigen,beschäftigt,494,core,1297,beschäftigt
fragt,fragte,495,core,1297,fragte;fragt
also,also,496,core,1293,also
musik,musik,498,core,1292,musik;musiker
niemals,niemals,499,core,1283,niemals
liebt,liebt,500,core,1283,liebt;liebte
film,film,501,core,1283,film;filme
draußen,draußen,504,core,1274,draußen
wagen,wagen,506,core,1272,wagen
verlassen,verlassen,507,core,1266,verlassen
wohnen,wohnt,508,core,1266,wohnt;wohnen;wohne;gewohnt;wohnst
grund,grund,509,core,1265,grund;grunde
garten,garten,510,core,1265,garten
klein,kleine,511,core,1262,kleine;kleinen;klein;kleiner;kleines
herr,herr,512,core,1260,herr;herren
kennen,kennen,513,core,1253,kennen;gekannt
bestehen,besteht,514,core,1250,besteht;bestehen
versuchen,versucht,518,core,1247,versucht;versuchen;versuche;versuchst
stell,stelle,519,core,1246,stelle;stellen;stell
erd,erde,520,core,1240,erde;erden
möglich,möglich,521,core,1235,möglich
würdest,würdest,522,core,1232,würdest
isst,isst,523,core,1231,isst
tod,tod,524,core,1228,tod;tode;todes
maria,marias,525,core,1228,marias
sach,sache,526,core,1218,sache;sachen
spaß,spaß,527,core,1213,spaß
vier,vier,528,core,1210,vier
möchtest,möchtest,530,core,1206,möchtest
deutschland,deutschland,532,core,1202,deutschland;deutschlands
himmel,himmel,534,core,1200,himmel
spiel,spiel,535,core,1199,spiel;spieler
endlich,endlich,536,core,1199,endlich
glaubst,glaubst,537,core,1197,glaubst
anders,anders,538,core,1193,anders
idee,idee,539,core,1191,idee
könntest,könntest,540,core,1186,könntest
geboren,geboren,545,core,1174,geboren
reich,reich,546,core,1173,reich;reicher
kalt,kalt,550,core,1164,kalt;kalte;kalten
licht,licht,552,core,1157,licht
stand,stand,553,core,1152,stand
brot,brot,554,core,1148,brot
herz,herz,556,core,1144,herz;herzen
hört,hörte,557,core,1142,hörte;hörten
wahrscheinlich,wahrscheinlich,558,core,1137,wahrscheinlich
ließ,ließ,564,core,1130,ließ
her,her,565,core,1129,her
tee,tee,566,core,1124,tee
eigenen,eigenen,568,core,1120,eigenen;eigene
seite,seite,570,core,1117,seite
wünscht,wünschte,572,core,1115,wünschte;wünscht
japan,japan,574,core,1114,japan;japaner
kurz,kurz,576,core,1103,kurz;kurze;kurzem;kurzen
polizei,polizei,577,core,1100,polizei
bestimmen,bestimmt,578,core,1100,bestimmt
komm,komm,579,core,1099,komm
außer,außer,580,core,1098,außer
stimmt,stimmt,581,core,1094,stimmt;stimmte
baum,baum,584,core,1088,baum
deutsch,deutsch,585,core,1087,deutsch;deutschen;deutsche;deutscher
sami,sami,587,core,1084,sami
esperanto,esperanto,588,core,1082,esperanto
wett,wetter,589,core,1079,wetter;wette
mögen,mögen,590,core,1072,mögen;möge;mögt
fährt,fährt,591,core,1071,fährt
gedacht,gedacht,592,core,1069,gedacht
männer,männer,593,core,1067,männer
erzählen,erzählt,595,core,1060,erzählt;erzählen;erzähle
stimm,stimme,596,core,1060,stimme;stimmen
fahrrad,fahrrad,597,core,1053,fahrrad
siehst,siehst,599,core,1048,siehst
gesicht,gesicht,600,core,1046,gesicht
schuh,schuhe,602,core,1045,schuhe
platz,platz,604,core,1040,platz
langsam,langsam,605,core,1040,langsam;langsamer
denkt,denkt,606,core,1034,denkt
art,art,607,core,1031,art
fand,fand,608,core,1031,fand
krieg,krieg,609,core,1029,krieg;krieges
falsch,falsch,610,core,1022,falsch;falschen;falsche
schüler,schüler,611,core,1022,schüler
monat,monat,612,core,1021,monat;monate;monaten;monats
zeigen,zeigen,613,core,1020,zeigen;zeigt;gezeigt;zeige
zukunft,zukunft,614,core,1017,zukunft
muß,muß,615,core,1010,muß
sterben,sterben,616,core,1009,sterben
bier,bier,618,core,1004,bier
sommer,sommer,619,core,1003,sommer
denkst,denkst,620,core,1000,denkst
völlig,völlig,621,core,999,völlig
schlüssel,schlüssel,622,core,999,schlüssel
erfolg,erfolg,624,core,986,erfolg
hält,hält,625,core,985,hält
fall,fall,626,core,985,fall;falls
lust,lust,628,core,977,lust
milch,milch,629,core,975,milch
egal,egal,630,core,974,egal
menge,menge,631,core,970,menge
wem,wem,632,core,963,wem
tragen,tragen,634,core,961,tragen;trage;getragen
bedeuten,bedeutet,637,core,960,bedeutet;bedeuten
wert,wert,638,core,959,wert
plan,plan,639,core,959,plan
besuchen,besuchen,641,core,957,besuchen;besucht
wein,wein,642,core,956,wein
teil,teil,643,core,955,teil
zwar,zwar,644,core,946,zwar
klar,klar,646,core,944,klar
etwa,etwa,648,core,942,etwa
wohin,wohin,649,core,940,wohin
versucht,versuchte,651,core,939,versuchte;versuchten
interessieren,interessiert,652,core,938,interessiert;interessieren;interessiere
erinnern,erinnern,653,core,938,erinnern
telefon,telefon,654,core,937,telefon
bild,bild,655,core,937,bild;bilder
trägt,trägt,656,core,937,trägt
gedanken,gedanken,657,core,935,gedanken;gedanke
suchen,suchen,658,core,934,suchen;suche;sucht;gesucht;suchst
geh,geh,659,core,933,geh
sätze,sätze,660,core,930,sätze
fuß,fuß,662,core,928,fuß
nachricht,nachricht,663,core,927,nachricht;nachrichten
bat,bat,665,core,924,bat
hielt,hielt,667,core,923,hielt
weis,weise,669,core,916,weise;weisen
fest,fest,670,core,915,fest
blum,blumen,671,core,914,blumen;blume
darin,darin,673,core,909,darin
gewöhnlich,gewöhnlich,674,core,908,gewöhnlich
darum,darum,675,core,907,darum
bahnhof,bahnhof,676,core,905,bahnhof
fühl,fühle,677,core,897,fühle;fühlen
ändern,ändern,678,core,896,ändern
sinn,sinn,679,core,892,sinn;sinne
schuld,schuld,680,core,888,schuld
sechs,sechs,681,core,887,sechs
feu,feuer,682,core,884,feuer
büro,büro,683,core,882,büro
woher,woher,684,core,880,woher
vorbei,vorbei,685,core,880,vorbei
hände,hände,687,core,880,hände
frei,frei,688,core,879,frei
arm,arm,689,core,875,arm;armen;arme;armer
obwohl,obwohl,690,core,873,obwohl
nachdem,nachdem,691,core,870,nachdem
gewinnen,gewinnen,692,core,866,gewinnen;gewinnt
neben,neben,693,core,866,neben
fluss,fluss,694,core,865,fluss;flusses
rauchen,rauchen,698,core,855,rauchen;raucht;geraucht
computer,computer,700,core,853,computer
wohnung,wohnung,702,core,850,wohnung
meer,meer,704,core,847,meer
regen,regen,705,core,847,regen;regens
hör,hör,706,core,846,hör
hoch,hoch,707,core,844,hoch
montag,montag,709,core,844,montag;montags
dollar,dollar,710,core,843,dollar
erklären,erklären,711,core,842,erklären;erklärt;erkläre
stolz,stolz,712,core,842,stolz
sieben,sieben,714,core,840,sieben
lachen,lachen,715,core,838,lachen;lacht;gelacht
natürlich,natürlich,717,core,837,natürlich;natürliche;natürlichen
verstanden,verstanden,718,core,835,verstanden
länger,länger,719,core,834,länger
reis,reise,722,core,832,reise;reisen
kuchen,kuchen,723,core,832,kuchen
haar,haare,724,core,831,haare;haar;haaren
fiel,fiel,725,core,830,fiel
natur,natur,726,core,829,natur
lag,lage,727,core,827,lage;lag;lagen
unterschied,unterschied,728,core,825,unterschied
statt,statt,730,core,820,statt
zog,zog,732,core,818,zog
stark,stark,733,core,818,stark;starken;starke
gestorben,gestorben,735,core,816,gestorben
heiraten,heiraten,736,core,815,heiraten;geheiratet;heiratet
dorthin,dorthin,737,core,813,dorthin
singen,singen,738,core,813,singen;singt;gesungen
erfahren,erfahren,739,core,810,erfahren
besonders,besonders,740,core,809,besonders
gegenüber,gegenüber,741,core,806,gegenüber
selt,selten,742,core,803,selten
gefragt,gefragt,743,core,800,gefragt
kindern,kindern,744,core,799,kindern
überraschen,überrascht,745,core,798,überrascht
moment,moment,747,core,796,moment
plötzlich,plötzlich,748,core,796,plötzlich
freud,freude,751,core,793,freude
voll,voller,752,core,793,voller;voll
schwierig,schwierig,753,core,792,schwierig;schwierige;schwieriger
wieviel,wieviel,754,core,792,wieviel
boden,boden,755,core,791,boden
überall,überall,756,core,789,überall
erwarten,erwartet,757,core,787,erwartet;erwarten;erwarte
krankenhaus,krankenhaus,758,core,787,krankenhaus
geschehen,geschehen,759,core,786,geschehen
winter,winter,760,core,785,winter
unfall,unfall,761,core,782,unfall
sogar,sogar,764,core,781,sogar
nähe,nähe,765,core,778,nähe
verlieren,verlieren,766,core,777,verlieren;verliert
tatoeba,tatoeba,767,core,777,tatoeba
schi,schien,768,core,777,schien
nimmt,nimmt,769,core,776,nimmt
luft,luft,770,core,776,luft
manch,manche,771,core,775,manche;manchen;mancher
tot,tot,772,core,773,tot;toten;tote
nimm,nimm,773,core,772,nimm
dürfen,dürfen,774,core,770,dürfen;dürft
saß,saß,776,core,770,saß
solch,solche,779,core,768,solche;solchen;solch;solcher;solches
eher,eher,780,core,766,eher
größer,größer,781,core,766,größer;größere
schaffen,schaffen,782,core,765,schaffen;geschafft;schafft;schaffe;geschaffen;schaffst
kennst,kennst,783,core,763,kennst
abendessen,abendessen,784,core,761,abendessen
nachmittag,nachmittag,785,core,761,nachmittag;nachmittags
park,park,787,core,756,park
magen,magst,790,core,752,magst;magen
starb,starb,791,core,752,starb;starben
laufen,laufen,792,core,751,laufen;laufe;gelaufen
übersetzen,übersetzen,793,core,750,übersetzen;übersetzt;übersetze
zufrieden,zufrieden,794,core,750,zufrieden
bezahlen,bezahlen,796,core,749,bezahlen;bezahlt
weder,weder,797,core,748,weder
stellt,stellte,798,core,748,stellte;stellt
begann,begann,800,core,747,begann;begannen
rat,rat,801,core,746,rat;rate;raten
wald,wald,802,core,746,wald
elke,elke,804,core,746,elke
wochenende,wochenende,805,core,745,wochenende
pferd,pferd,806,core,741,pferd;pferde
geschenk,geschenk,807,core,741,geschenk;geschenke
froh,froh,809,core,738,froh
genauso,genauso,810,core,737,genauso
laut,laut,812,core,734,laut;lauter
acht,acht,813,core,733,acht
größte,größte,815,core,733,größte
küche,küche,816,core,732,küche
wen,wen,817,core,732,wen
könig,könig,818,core,731,könig
sitzen,sitzt,819,core,731,sitzt;sitzen;sitze;gesessen
ruh,ruhe,820,core,730,ruhe
person,person,822,core,727,person;personen
hilft,hilft,823,core,727,hilft
tier,tiere,824,core,727,tiere;tier;tieren
befinden,befindet,825,core,727,befindet;befinden
vertrauen,vertrauen,826,core,726,vertrauen;vertraut;vertraue
mund,mund,827,core,724,mund
ziehen,ziehen,828,core,723,ziehen;zieht;ziehe
geburtstag,geburtstag,829,core,722,geburtstag
traum,traum,830,core,722,traum
ziel,ziel,832,core,720,ziel;ziele
lied,lied,834,core,716,lied;lieder
wind,wind,835,core,715,wind
trug,trug,837,core,714,trug
glas,glas,838,core,714,glas
ahnung,ahnung,840,core,707,ahnung
fisch,fisch,841,core,706,fisch;fische;fischen
zuerst,zuerst,842,core,706,zuerst
verdienen,verdient,843,core,706,verdient;verdienen
damals,damals,844,core,705,damals
ständig,ständig,846,core,705,ständig
hunger,hunger,847,core,704,hunger
setzen,setzen,848,core,704,setzen;setzt;gesetzt;setze
kosten,kostet,849,core,703,kostet;kosten;gekostet
preis,preis,850,core,702,preis;preise
verheiratet,verheiratet,851,core,701,verheiratet
liest,liest,852,core,701,liest
paris,paris,853,core,699,paris
lösen,lösen,854,core,699,lösen;gelöst;löst
hut,hut,855,core,698,hut
wütend,wütend,856,core,697,wütend
bös,böse,857,core,697,böse;bösen;böses
verlieben,verliebt,858,core,697,verliebt
halb,halb,859,core,697,halb;halbe;halben
kunst,kunst,860,core,695,kunst
heiß,heiß,861,core,694,heiß
fleisch,fleisch,863,core,692,fleisch
heraus,heraus,864,core,692,heraus
kleid,kleid,866,core,689,kleid;kleider
ort,ort,867,core,688,ort
entscheidung,entscheidung,868,core,687,entscheidung;entscheidungen
wochen,wochen,869,core,685,wochen
fing,fing,870,core,684,fing;finger
bracht,brachte,872,core,683,brachte;brachten
ordnung,ordnung,873,core,683,ordnung
schnee,schnee,874,core,683,schnee
gesundheit,gesundheit,875,core,681,gesundheit
weinen,weinen,876,core,680,weinen;weint;geweint;weine
hotel,hotel,877,core,680,hotel
chef,chef,878,core,680,chef
herum,herum,880,core,678,herum
dessen,dessen,881,core,677,dessen
euer,euer,882,core,674,euer
situation,situation,885,core,672,situation
erreichen,erreichen,886,core,672,erreichen;erreicht
dumm,dumm,887,core,671,dumm;dumme;dummen
älter,älter,889,core,669,älter;ältere;älteren;älterer
blieb,blieb,890,core,667,blieb
prüfung,prüfung,891,core,666,prüfung
staat,staaten,892,core,664,staaten;staat
stück,stück,893,core,664,stück;stücke
desto,desto,895,core,663,desto
dreißig,dreißig,896,core,662,dreißig
angekommen,angekommen,898,core,662,angekommen
mama,mama,899,core,661,mama
hausaufgaben,hausaufgaben,900,core,661,hausaufgaben
tasche,tasche,901,core,661,tasche
freu,freue,902,core,660,freue;freuen
antworten,antworten,903,core,659,antworten;geantwortet;antwortet;antworte
benutzen,benutzen,905,core,658,benutzen;benutzt;benutze
raum,raum,908,core,655,raum
hoffnung,hoffnung,909,core,654,hoffnung
bekannt,bekannt,910,core,654,bekannt;bekannte
gestohlen,gestohlen,911,core,654,gestohlen
dorf,dorf,912,core,654,dorf
ernst,ernst,913,core,653,ernst
aufhören,aufhören,914,core,653,aufhören;aufhört
verrückt,verrückt,915,core,652,verrückt
kamen,kamen,916,core,652,kamen
unbedingt,unbedingt,917,core,651,unbedingt
läuft,läuft,918,core,651,läuft
restaurant,restaurant,919,core,650,restaurant
laden,laden,923,core,645,laden
aufgab,aufgabe,924,core,644,aufgabe;aufgaben
fuhr,fuhr,925,core,644,fuhr
regnen,regnet,926,core,643,regnet;regnen;geregnet
irgendwo,irgendwo,927,core,643,irgendwo
fernsehen,fernsehen,928,core,640,fernsehen
schwierigkeit,schwierigkeiten,929,core,639,schwierigkeiten
gefühl,gefühl,933,core,636,gefühl;gefühle
fliegen,fliegen,934,core,635,fliegen;fliege;fliegt
ach,ach,936,core,632,ach
entschuldigen,entschuldigen,937,core,632,entschuldigen;entschuldige;entschuldigt
danach,danach,938,core,631,danach
ruhig,ruhig,939,core,631,ruhig
thema,thema,941,core,631,thema
zeitung,zeitung,942,core,630,zeitung;zeitungen
nett,nett,943,core,630,nett;netter
verstand,verstand,944,core,630,verstand
versprochen,versprochen,945,core,630,versprochen
gingen,gingen,946,core,630,gingen;ginge
klasse,klasse,949,core,628,klasse
leisten,leisten,950,core,627,leisten;geleistet
wahl,wahl,951,core,626,wahl
sonntag,sonntag,952,core,626,sonntag;sonntags
blick,blick,953,core,625,blick
ehe,ehe,954,core,624,ehe
party,party,955,core,622,party
führen,führen,957,core,621,führen;führt;geführt;führe
firma,firma,958,core,621,firma
verkaufen,verkauft,959,core,620,verkauft;verkaufen
kochen,kochen,960,core,620,kochen;kocht;gekocht;koche
weh,weh,961,core,620,weh
gewonnen,gewonnen,962,core,619,gewonnen
verletzen,verletzt,963,core,619,verletzt;verletzen
fehlen,fehlt,964,core,619,fehlt;fehlen;gefehlt
mehrere,mehrere,965,core,619,mehrere
teuer,teuer,968,core,613,teuer
leiden,leiden,969,core,613,leiden;leidet
anderer,anderer,970,core,612,anderer
farb,farbe,971,core,612,farbe;farben
gefährlich,gefährlich,972,core,611,gefährlich
hass,hasse,974,core,610,hasse;hass
schiff,schiff,975,core,610,schiff
seel,seele,976,core,609,seele
angefangen,angefangen,977,core,609,angefangen
bescheid,bescheid,979,core,608,bescheid
deshalb,deshalb,980,core,607,deshalb
sprichst,sprichst,981,core,606,sprichst
körper,körper,982,core,604,körper
schmecken,schmeckt,983,core,604,schmeckt;schmecken;geschmeckt
schau,schau,985,core,603,schau
hauptstadt,hauptstadt,986,core,603,hauptstadt
freiheit,freiheit,987,core,602,freiheit
frühstück,frühstück,988,core,602,frühstück
miteinander,miteinander,989,core,602,miteinander
setzt,setzte,990,core,602,setzte
interessant,interessant,991,core,601,interessant;interessante;interessantes;interessanter
anfangen,anfangen,992,core,601,anfangen
politik,politiker,995,core,600,politiker;politik
anfang,anfang,996,core,600,anfang;anfangs
urlaub,urlaub,997,core,599,urlaub
tanzen,tanzen,999,core,598,tanzen;tanzt
schloss,schloss,1000,core,598,schloss
nachbarn,nachbarn,1002,core,594,nachbarn
ausland,ausland,1005,core,593,ausland
eier,eier,1006,core,592,eier
wörterbuch,wörterbuch,1007,core,590,wörterbuch
ehrlich,ehrlich,1008,core,590,ehrlich
rot,rot,1010,core,590,rot;rote;roten;rotes
solltet,solltet,1011,core,590,solltet
erinner,erinnere,1016,core,588,erinnere
anrufen,anrufen,1017,core,587,anrufen
frankreich,frankreich,1018,core,587,frankreich
vereinigt,vereinigten,1019,core,586,vereinigten
echt,echt,1020,core,586,echt;echte;echter
tue,tue,1021,core,585,tue
gehabt,gehabt,1022,core,585,gehabt
tasse,tasse,1024,core,585,tasse
bank,bank,1025,core,585,bank
lächeln,lächeln,1028,core,584,lächeln
erfahrung,erfahrung,1029,core,584,erfahrung;erfahrungen
jedoch,jedoch,1030,core,584,jedoch
funktionieren,funktioniert,1031,core,583,funktioniert;funktionieren
kirche,kirche,1033,core,583,kirche
strand,strand,1034,core,583,strand
geheimnis,geheimnis,1035,core,583,geheimnis
geist,geist,1036,core,582,geist;geister
passen,passt,1037,core,582,passt;passen
gebäude,gebäude,1040,core,581,gebäude
oben,oben,1041,core,580,oben
nennen,nennen,1043,core,579,nennen;nennt;nenne
unmöglich,unmöglich,1045,core,578,unmöglich
regierung,regierung,1047,core,577,regierung
lehrerin,lehrerin,1049,core,577,lehrerin
gesellschaft,gesellschaft,1050,core,576,gesellschaft
kauft,kaufte,1051,core,575,kaufte
selber,selber,1052,core,572,selber
gefängnis,gefängnis,1053,core,572,gefängnis
dagegen,dagegen,1054,core,572,dagegen
off,offen,1056,core,569,offen
onkel,onkel,1058,core,568,onkel
legt,legte,1059,core,568,legte
schläft,schläft,1061,core,565,schläft
chance,chance,1062,core,565,chance
bloß,bloß,1063,core,565,bloß
eingeladen,eingeladen,1065,core,564,eingeladen
lustig,lustig,1066,core,563,lustig
müh,mühe,1067,core,562,mühe
wünsch,wünsche,1068,core,562,wünsche;wünschen
öffnen,öffnen,1069,core,562,öffnen;geöffnet;öffnet;öffne
student,studenten,1070,core,562,studenten;student
see,see,1071,core,562,see
tust,tust,1073,core,560,tust
zahlen,zahlen,1074,core,558,zahlen;zahlt
darfst,darfst,1075,core,557,darfst
traurig,traurig,1076,core,556,traurig
sobald,sobald,1077,core,554,sobald
beginnen,beginnt,1078,core,553,beginnt;beginnen
schlossen,geschlossen,1081,core,550,geschlossen
brill,brille,1083,core,547,brille
folgen,folgen,1084,core,547,folgen;folge;folgt;gefolgt
angerufen,angerufen,1085,core,544,angerufen
vogel,vogel,1087,core,542,vogel
einander,einander,1089,core,541,einander
flugzeug,flugzeug,1091,core,540,flugzeug
hierher,hierher,1092,core,540,hierher
wörter,wörter,1093,core,538,wörter
solang,solange,1094,core,538,solange
apfel,apfel,1095,core,538,apfel
bekam,bekam,1097,core,533,bekam
kino,kino,1098,core,531,kino
geschäft,geschäft,1099,core,531,geschäft;geschäfte
thomas,thomas,1100,core,531,thomas
weihnachten,weihnachten,1101,core,530,weihnachten
nas,nase,1102,core,530,nase
gefahr,gefahr,1103,core,529,gefahr
schrieb,schrieb,1104,core,529,schrieb
beantworten,beantworten,1105,core,529,beantworten;beantwortet
fried,frieden,1106,core,528,frieden
jemals,jemals,1108,core,528,jemals
lügen,lügen,1109,core,526,lügen;lüge;lügt
versprechen,versprechen,1110,core,525,versprechen;verspreche
ans,ans,1111,core,525,ans
eis,eis,1112,core,525,eis;eisen
mond,mond,1113,core,523,mond
schlaf,schlaf,1114,core,523,schlaf
europa,europa,1115,core,523,europa;europas
rau,raus,1116,core,523,raus
teufel,teufel,1117,core,523,teufel
lösung,lösung,1118,core,522,lösung
mut,mut,1119,core,522,mut
amerika,amerika,1120,core,521,amerika
verhalten,verhalten,1121,core,521,verhalten
spazieren,spazieren,1122,core,521,spazieren
vorstellen,vorstellen,1123,core,521,vorstellen
bibliothek,bibliothek,1124,core,520,bibliothek
studieren,studieren,1125,core,519,studieren;studiert;studiere
rief,rief,1126,core,519,rief
enttäuschen,enttäuscht,1127,core,517,enttäuscht
mittagessen,mittagessen,1128,core,517,mittagessen
übersetzung,übersetzung,1129,core,517,übersetzung;übersetzungen
hängen,hängt,1130,core,516,hängt;hängen
still,still,1133,core,511,still;stille
mess,messer,1134,core,510,messer
na,na,1136,core,509,na
kennengelernt,kennengelernt,1139,core,509,kennengelernt
vögel,vögel,1140,core,508,vögel
mittag,mittag,1141,core,507,mittag
erkennen,erkennen,1142,core,506,erkennen;erkennt
beispiel,beispiel,1144,core,505,beispiel;beispiele
äpfel,äpfel,1146,core,504,äpfel
ruf,ruf,1147,core,503,ruf
trotzdem,trotzdem,1148,core,503,trotzdem
lief,lief,1149,core,502,lief;liefen
tennis,tennis,1150,core,501,tennis
zuck,zucker,1151,core,501,zucker
bäume,bäume,1152,core,499,bäume
traf,traf,1153,core,498,traf
wußte,wußte,1154,core,498,wußte
gelegenheit,gelegenheit,1155,core,497,gelegenheit
regeln,regeln,1156,core,496,regeln
angelegenheit,angelegenheit,1157,core,496,angelegenheit;angelegenheiten
kraft,kraft,1158,core,495,kraft
entfernen,entfernt,1161,core,493,entfernt;entfernen
schicken,geschickt,1162,core,492,geschickt;schicken;schickt;schicke
fühlt,fühlte,1163,core,492,fühlte;fühlt
tu,tu,1165,core,490,tu
krankheit,krankheit,1166,core,490,krankheit;krankheiten
großvater,großvater,1167,core,490,großvater
rufen,rufen,1168,core,489,rufen;rufe;ruft;gerufen
foto,foto,1170,core,487,foto;fotos
hättet,hättet,1171,core,486,hättet
hundert,hundert,1172,core,486,hundert
süß,süß,1173,core,486,süß;süßes;süße
unternehmen,unternehmen,1174,core,485,unternehmen
schönheit,schönheit,1179,core,480,schönheit
ohr,ohren,1180,core,480,ohren;ohr
china,china,1181,core,480,china
schlug,schlug,1182,core,480,schlug
schließlich,schließlich,1186,core,478,schließlich
tief,tief,1187,core,478,tief;tiefe;tiefen
rücken,rücken,1188,core,477,rücken
erhalten,erhalten,1189,core,477,erhalten
papa,papa,1190,core,477,papa
öffnet,öffnete,1191,core,476,öffnete
augenblick,augenblick,1192,core,476,augenblick
indem,indem,1193,core,475,indem
zuhaus,zuhause,1194,core,475,zuhause
deswegen,deswegen,1195,core,474,deswegen
klug,klug,1197,core,473,klug;kluge
vergiss,vergiss,1198,core,473,vergiss
stein,stein,1200,core,472,stein;steine
großmutter,großmutter,1201,core,472,großmutter
zweit,zweiten,1203,core,470,zweiten;zweite
feier,feier,1207,core,469,feier
küssen,küssen,1208,core,469,küssen;geküsst
vorsichtig,vorsichtig,1210,core,468,vorsichtig;vorsichtiger
zwanzig,zwanzig,1211,core,468,zwanzig
ungefähr,ungefähr,1212,core,468,ungefähr
schlief,schlief,1213,core,468,schlief
erledigen,erledigen,1214,core,468,erledigen;erledigt
gilt,gilt,1215,core,467,gilt
insel,insel,1216,core,467,insel
tränen,tränen,1217,core,466,tränen
schweigen,schweigen,1218,core,465,schweigen;schweigend
eben,eben,1219,core,465,eben
eindruck,eindruck,1220,core,464,eindruck
allzu,allzu,1221,core,464,allzu
sahen,sahen,1223,core,463,sahen
kümmern,kümmern,1224,core,463,kümmern
aufgrund,aufgrund,1226,core,461,aufgrund
träum,träume,1227,core,460,träume;träumen
wirklichkeit,wirklichkeit,1228,core,460,wirklichkeit
kleidung,kleidung,1231,core,458,kleidung
wieso,wieso,1232,core,457,wieso
langweilig,langweilig,1233,core,457,langweilig
vergangenheit,vergangenheit,1234,core,457,vergangenheit
dam,dame,1235,core,457,dame;damen
entscheiden,entscheiden,1236,core,456,entscheiden
stets,stets,1237,core,456,stets
flughafen,flughafen,1238,core,456,flughafen
warm,warm,1239,core,456,warm
suppe,suppe,1240,core,454,suppe
herrn,herrn,1241,core,453,herrn
hemd,hemd,1242,core,453,hemd
oktober,oktober,1243,core,452,oktober
schließen,schließen,1244,core,450,schließen;schließt;schließe
gesetz,gesetz,1245,core,450,gesetz;gesetze
pass,pass,1246,core,449,pass
mantel,mantel,1248,core,449,mantel
wand,wand,1249,core,449,wand
roman,roman,1250,core,448,roman;romane
feind,feind,1251,core,448,feind;feinde
unterhalten,unterhalten,1252,core,448,unterhalten
list,liste,1253,core,448,liste
daher,daher,1256,core,446,daher
zweimal,zweimal,1257,core,446,zweimal
fürcht,fürchte,1258,core,446,fürchte;fürchten
normalerweise,normalerweise,1259,core,445,normalerweise
brück,brücke,1260,core,445,brücke
zähne,zähne,1261,core,444,zähne
baby,baby,1262,core,444,baby
form,form,1264,core,443,form
freundlich,freundlich,1266,core,443,freundlich
erinnert,erinnert,1267,core,440,erinnert;erinnerte
klavier,klavier,1268,core,439,klavier
versuch,versuch,1270,core,439,versuch
sowohl,sowohl,1271,core,438,sowohl
las,las,1272,core,437,las
schreibtisch,schreibtisch,1273,core,437,schreibtisch
rein,rein,1274,core,437,rein;reine
oh,oh,1275,core,436,oh
entschieden,entschieden,1276,core,436,entschieden
berg,berg,1277,core,436,berg;berge;bergen
euro,euro,1278,core,435,euro
hart,hart,1279,core,435,hart;harte
hallo,hallo,1280,core,435,hallo
hälfte,hälfte,1281,core,434,hälfte
leihen,leihen,1284,core,433,leihen
verändert,verändert,1285,core,432,verändert
kaputt,kaputt,1286,core,432,kaputt
unterricht,unterricht,1287,core,431,unterricht
reichen,reichen,1288,core,431,reichen;reicht;reiche
flasche,flasche,1289,core,431,flasche
schwarz,schwarz,1290,core,430,schwarz;schwarze;schwarzen
entschuldigung,entschuldigung,1291,core,429,entschuldigung
betrunken,betrunken,1292,core,429,betrunken
wählen,wählen,1293,core,428,wählen;gewählt
tatsächlich,tatsächlich,1294,core,428,tatsächlich
gesund,gesund,1296,core,428,gesund
fängt,fängt,1297,core,427,fängt
trotz,trotz,1298,core,427,trotz
gestellt,gestellt,1301,core,425,gestellt
london,london,1302,core,424,london
stuhl,stuhl,1303,core,424,stuhl
koffer,koffer,1304,core,424,koffer
volk,volk,1305,core,424,volk;volkes
verbringen,verbringen,1306,core,422,verbringen;verbringt
leer,leer,1308,core,422,leer;leere;leeren
zeigt,zeigte,1309,core,422,zeigte
fort,fort,1310,core,421,fort
warf,warf,1311,core,421,warf
bedeutung,bedeutung,1312,core,421,bedeutung
geduld,geduld,1313,core,420,geduld
besitzen,besitzt,1314,core,419,besitzt;besitzen
blut,blut,1315,core,419,blut
dunkel,dunkel,1317,core,418,dunkel
schicksal,schicksal,1318,core,418,schicksal
vorschlag,vorschlag,1319,core,417,vorschlag
klingen,klingt,1320,core,417,klingt
million,millionen,1321,core,417,millionen;million
schauen,schauen,1323,core,417,schauen;schaut;schaue;schaust
sieh,sieh,1324,core,417,sieh
eichhörnchen,eichhörnchen,1326,core,417,eichhörnchen
braucht,brauchte,1327,core,416,brauchte
fangen,fangen,1328,core,416,fangen;gefangen;fange
ideen,ideen,1329,core,415,ideen
hassen,hasst,1330,core,415,hasst;hassen
zweifel,zweifel,1332,core,415,zweifel
irgendwie,irgendwie,1333,core,415,irgendwie
gemüs,gemüse,1334,core,414,gemüse
universität,universität,1335,core,414,universität
taxi,taxi,1336,core,414,taxi
fernseh,fernseher,1337,core,414,fernseher
aß,aß,1338,core,413,aß
hältst,hältst,1340,core,412,hältst
liebst,liebsten,1341,core,412,liebsten;liebst
bauen,gebaut,1342,core,411,gebaut;bauen;baut
unrecht,unrecht,1343,core,411,unrecht
stern,sterne,1345,core,410,sterne;stern;sternen
legen,legen,1346,core,410,legen;legt;gelegt;lege
verwenden,verwendet,1347,core,409,verwendet;verwenden
fußball,fußball,1348,core,409,fußball
beschloss,beschlossen,1349,core,409,beschlossen;beschloss
fern,fern,1350,core,408,fern;ferne
frühling,frühling,1351,core,408,frühling
artikel,artikel,1352,core,407,artikel
bericht,bericht,1354,core,406,bericht
brach,brach,1355,core,406,brach
zufällig,zufällig,1357,core,405,zufällig
nötig,nötig,1359,core,404,nötig
jünger,jünger,1360,core,404,jünger;jüngere
dach,dach,1361,core,404,dach
job,job,1362,core,404,job
japanisch,japanisch,1366,core,403,japanisch;japanische;japanischen
geliebt,geliebt,1367,core,403,geliebt
konzert,konzert,1368,core,402,konzert
mußt,mußt,1370,core,402,mußt;mußte
bemerken,bemerkt,1371,core,401,bemerkt;bemerken
internet,internet,1372,core,399,internet
papi,papier,1373,core,399,papier
schritt,schritt,1374,core,398,schritt;schritte
übrig,übrig,1375,core,398,übrig
möglichkeit,möglichkeit,1376,core,397,möglichkeit;möglichkeiten
amerikaner,amerikaner,1377,core,397,amerikaner
waschen,waschen,1378,core,396,waschen;gewaschen;wasche
brüder,brüder,1379,core,395,brüder
zahl,zahl,1380,core,395,zahl
spielt,spielte,1381,core,395,spielte;spielten
wach,wach,1383,core,394,wach
ball,ball,1384,core,394,ball
ziri,ziri,1385,core,394,ziri
absicht,absicht,1386,core,393,absicht
lärm,lärm,1387,core,393,lärm
mindesten,mindestens,1389,core,392,mindestens
gruppe,gruppe,1391,core,392,gruppe
reparieren,reparieren,1395,core,389,reparieren;repariert
halt,halt,1396,core,389,halt
überzeugen,überzeugt,1397,core,388,überzeugt;überzeugen
hungrig,hungrig,1400,core,387,hungrig
gitarre,gitarre,1401,core,387,gitarre
adresse,adresse,1402,core,387,adresse
rechtzeitig,rechtzeitig,1403,core,387,rechtzeitig
handelt,handelt,1404,core,386,handelt
karte,karte,1405,core,386,karte
dran,dran,1407,core,385,dran
nervös,nervös,1408,core,385,nervös
planet,planeten,1409,core,385,planeten
wenigsten,wenigstens,1412,core,385,wenigstens;wenigsten
freundschaft,freundschaft,1415,core,384,freundschaft
bein,beine,1416,core,384,beine;bein;beinen
offensichtlich,offensichtlich,1417,core,384,offensichtlich
wüsst,wüsste,1418,core,383,wüsste
genannt,genannt,1421,core,382,genannt
worum,worum,1423,core,382,worum
müßt,müßt,1424,core,382,müßt
meinst,meinst,1425,core,381,meinst
zogen,gezogen,1426,core,381,gezogen;zogen
ergebnis,ergebnis,1428,core,381,ergebnis
punkt,punkt,1429,core,380,punkt;punkte
vergnügen,vergnügen,1430,core,380,vergnügen
pünktlich,pünktlich,1431,core,380,pünktlich
handeln,handeln,1432,core,380,handeln
erzählt,erzählte,1433,core,379,erzählte
geschieht,geschieht,1434,core,379,geschieht
pause,pause,1436,core,378,pause
kühlschrank,kühlschrank,1437,core,377,kühlschrank
sicherheit,sicherheit,1438,core,377,sicherheit
behalten,behalten,1439,core,377,behalten
schaut,schaute,1441,core,376,schaute
hinaus,hinaus,1442,core,376,hinaus
witz,witz,1443,core,376,witz;witze
neun,neun,1445,core,375,neun
jugend,jugend,1447,core,375,jugend
geändert,geändert,1448,core,374,geändert
verlor,verlor,1449,core,374,verlor
töten,getötet,1450,core,374,getötet;töten
entlassen,entlassen,1452,core,374,entlassen
nah,nahe,1454,core,373,nahe;nah
mannschaft,mannschaft,1456,core,373,mannschaft
roll,rolle,1457,core,373,rolle
gespräch,gespräch,1458,core,372,gespräch
blau,blau,1460,core,372,blau;blaue;blauen
half,half,1461,core,372,half
aufgehört,aufgehört,1462,core,371,aufgehört
zuvor,zuvor,1463,core,371,zuvor
dick,dick,1464,core,370,dick;dicke
sprich,sprich,1465,core,370,sprich
lebt,lebte,1466,core,370,lebte;lebten
derjenige,derjenige,1467,core,370,derjenige
erlauben,erlaubt,1468,core,369,erlaubt;erlauben
sport,sport,1470,core,369,sport
unterscheiden,unterscheiden,1471,core,368,unterscheiden;unterscheidet
weiter,weitere,1473,core,367,weitere;weiteren;weiteres
nutzen,nutzen,1475,core,366,nutzen
projekt,projekt,1476,core,365,projekt
käs,käse,1477,core,365,käse
schlagen,geschlagen,1479,core,365,geschlagen;schlagen;schlage
pflicht,pflicht,1480,core,364,pflicht
wachsen,wachsen,1481,core,364,wachsen;gewachsen
spanisch,spanisch,1482,core,364,spanisch
soweit,soweit,1483,core,364,soweit
meint,meint,1484,core,364,meint;meinte
willkommen,willkommen,1485,core,364,willkommen
pro,pro,1486,core,363,pro
möglicherweise,möglicherweise,1490,core,362,möglicherweise
dahin,dahin,1491,core,362,dahin
wissenschaft,wissenschaft,1494,core,361,wissenschaft
größten,größten,1495,core,361,größten
unten,unten,1496,core,361,unten
händen,händen,1497,core,361,händen
wund,wunder,1499,core,360,wunder;wunde
wiedersehen,wiedersehen,1501,core,360,wiedersehen
herbst,herbst,1503,core,359,herbst
menschheit,menschheit,1504,core,359,menschheit
stieg,stieg,1505,core,359,stieg
berlin,berlin,1506,core,359,berlin;berliner
angebot,angebot,1508,core,358,angebot;angeboten
verließ,verließ,1509,core,358,verließ
gold,gold,1512,core,357,gold
retten,retten,1514,core,357,retten;gerettet
radio,radio,1515,core,356,radio
regel,regel,1516,core,356,regel
gemeinsam,gemeinsam,1517,core,356,gemeinsam;gemeinsame
interesse,interesse,1518,core,355,interesse
link,links,1519,core,355,links;linken;linke
russland,russland,1520,core,354,russland
besuch,besuch,1521,core,353,besuch
pizza,pizza,1522,core,353,pizza
rei,reis,1523,core,353,reis
seiten,seiten,1526,core,352,seiten
eigen,eigenes,1528,core,352,eigenes;eigener
holen,holen,1529,core,352,holen;hole;holt
einkaufen,einkaufen,1530,core,351,einkaufen
dennoch,dennoch,1532,core,350,dennoch
bring,bring,1533,core,350,bring
täglich,täglich,1534,core,350,täglich
dankbar,dankbar,1535,core,350,dankbar
irgendwelche,irgendwelche,1536,core,349,irgendwelche
gäste,gäste,1537,core,349,gäste
kamera,kamera,1538,core,349,kamera
schatten,schatten,1539,core,349,schatten
muttersprach,muttersprache,1540,core,349,muttersprache
davor,davor,1541,core,349,davor
schokolade,schokolade,1542,core,348,schokolade
bewusst,bewusst,1543,core,348,bewusst
dauert,dauert,1544,core,348,dauert;dauerte
jener,jener,1546,core,348,jener
länder,länder,1547,core,347,länder
new,new,1548,core,347,new
reih,reihe,1549,core,347,reihe
verbracht,verbracht,1550,core,346,verbracht;verbrachte
england,england,1553,core,346,england
führt,führte,1556,core,345,führte
verbot,verboten,1557,core,345,verboten
fleißig,fleißig,1558,core,345,fleißig
ertragen,ertragen,1559,core,344,ertragen
sofa,sofa,1565,core,343,sofa
trank,trank,1566,core,343,trank
könntet,könntet,1567,core,343,könntet
text,text,1568,core,342,text
präsident,präsident,1570,core,342,präsident;präsidenten
dreimal,dreimal,1571,core,341,dreimal
schad,schade,1573,core,340,schade;schaden
holz,holz,1575,core,340,holz
grün,grün,1576,core,340,grün
hoffen,hoffen,1577,core,340,hoffen
verpassen,verpasst,1578,core,340,verpasst;verpassen
mari,marie,1579,core,339,marie
bisher,bisher,1580,core,339,bisher
müsst,müsste,1581,core,338,müsste;müssten
seltsam,seltsam,1583,core,338,seltsam;seltsame
ebenso,ebenso,1584,core,338,ebenso
äußeren,äußerst,1585,core,338,äußerst
taten,taten,1586,core,337,taten
italien,italien,1587,core,337,italien;italiener
wartet,wartete,1588,core,337,wartete;warteten
richtung,richtung,1589,core,337,richtung
irgendwann,irgendwann,1591,core,336,irgendwann
drüben,drüben,1592,core,336,drüben
pflanzen,pflanzen,1593,core,336,pflanzen;pflanze;gepflanzt
erklärung,erklärung,1594,core,335,erklärung
wunsch,wunsch,1595,core,335,wunsch
anwalt,anwalt,1597,core,335,anwalt
wolltest,wolltest,1598,core,334,wolltest
hauen,haut,1599,core,334,haut
perfekt,perfekt,1600,core,334,perfekt;perfekte
aufmerksamkeit,aufmerksamkeit,1601,core,334,aufmerksamkeit
nummer,nummer,1602,core,334,nummer
aussehen,aussehen,1603,core,333,aussehen
schmerz,schmerz,1604,core,333,schmerz
geraten,geraten,1605,core,333,geraten
kiste,kiste,1606,core,333,kiste
zählen,zählen,1607,core,332,zählen;zählt
häufig,häufig,1608,core,332,häufig
füße,füße,1609,core,332,füße
met,meter,1610,core,332,meter
vorher,vorher,1611,core,332,vorher
hübsch,hübsch,1613,core,330,hübsch;hübsche;hübsches
russisch,russisch,1615,core,330,russisch;russischen;russische
layla,layla,1616,core,330,layla
spiegel,spiegel,1617,core,329,spiegel
kannte,kannte,1618,core,329,kannte
heutzutage,heutzutage,1619,core,328,heutzutage
würdet,würdet,1623,core,326,würdet
ähnlich,ähnlich,1624,core,325,ähnlich
alkohol,alkohol,1625,core,325,alkohol
behandelt,behandelt,1626,core,325,behandelt
ländern,ländern,1627,core,324,ländern
loch,loch,1628,core,324,loch
typ,typ,1629,core,323,typ;typen
schach,schach,1630,core,323,schach
dauern,dauern,1632,core,322,dauern
einsam,einsam,1633,core,322,einsam
gebroch,gebrochen,1637,core,321,gebrochen
schmerzen,schmerzen,1640,core,320,schmerzen;schmerzt
fressen,fressen,1641,core,320,fressen;gefressen
worüber,worüber,1642,core,320,worüber
schwestern,schwestern,1643,core,320,schwestern
salz,salz,1645,core,319,salz
schlimm,schlimmer,1646,core,319,schlimmer;schlimm
tante,tante,1647,core,319,tante
mitgebracht,mitgebracht,1648,core,319,mitgebracht
schenken,geschenkt,1651,core,318,geschenkt;schenken;schenkt
streiten,streiten,1652,core,317,streiten
teilen,teilen,1654,core,317,teilen;teile;teilt
verstecken,versteckt,1655,core,317,versteckt;verstecken
irgendetwas,irgendetwas,1656,core,316,irgendetwas
wesen,wesen,1657,core,316,wesen
trat,trat,1659,core,316,trat
entweder,entweder,1660,core,316,entweder
verschieden,verschiedene,1661,core,315,verschiedene;verschiedenen
schrecklich,schrecklich,1662,core,315,schrecklich;schreckliche
schluss,schluss,1663,core,315,schluss
soviel,soviel,1664,core,315,soviel
schönste,schönste,1665,core,314,schönste
beeindrucken,beeindruckt,1667,core,314,beeindruckt;beeindrucken
besorgen,besorgt,1668,core,314,besorgt;besorgen
mathematik,mathematik,1669,core,313,mathematik
wovon,wovon,1670,core,313,wovon
religion,religion,1671,core,313,religion
einverstanden,einverstanden,1672,core,312,einverstanden
bemerkt,bemerkte,1673,core,312,bemerkte
schirm,schirm,1675,core,311,schirm
wolken,wolken,1676,core,311,wolken
telefonnummer,telefonnummer,1677,core,311,telefonnummer
obst,obst,1680,core,310,obst
stärk,stärker,1681,core,310,stärker;stärke
rest,rest,1682,core,309,rest
prozent,prozent,1683,core,309,prozent
gegend,gegend,1686,core,309,gegend
beziehung,beziehung,1687,core,309,beziehung;beziehungen
zeichen,zeichen,1689,core,307,zeichen
ansehen,ansehen,1690,core,307,ansehen
york,york,1692,core,306,york
tor,tor,1693,core,306,tor
usa,usa,1696,core,305,usa
male,male,1697,core,305,male
sauber,sauber,1698,core,304,sauber
hingehen,hingehen,1699,core,304,hingehen
häuser,häuser,1701,core,304,häuser
ums,ums,1702,core,304,ums
vollkommen,vollkommen,1705,core,303,vollkommen
information,informationen,1707,core,303,informationen;information
museum,museum,1711,core,302,museum
mau,maus,1713,core,302,maus;mauer
per,per,1714,core,301,per
yen,yen,1715,core,301,yen
minute,minute,1716,core,301,minute
bleib,bleib,1717,core,301,bleib
zwölf,zwölf,1718,core,300,zwölf
freut,freut,1719,core,300,freut;freute
anscheinend,anscheinend,1720,core,300,anscheinend
wozu,wozu,1723,core,300,wozu
tokio,tokio,1725,core,298,tokio
sitzung,sitzung,1726,core,298,sitzung
wolf,wolf,1727,core,298,wolf
algerien,algerien,1729,core,298,algerien
nachdenken,nachdenken,1730,core,297,nachdenken
medizin,medizin,1731,core,297,medizin
freitag,freitag,1734,core,296,freitag
gäb,gäbe,1736,core,296,gäbe
notwendig,notwendig,1737,core,295,notwendig
leis,leise,1738,core,295,leise;leiser
soldat,soldaten,1739,core,295,soldaten;soldat
schätzen,schätzen,1741,core,294,schätzen;schätze
grad,grad,1742,core,294,grad
dummheit,dummheit,1743,core,294,dummheit
weisheit,weisheit,1744,core,293,weisheit
wissenschaftler,wissenschaftler,1745,core,293,wissenschaftler
erfolgreich,erfolgreich,1746,core,293,erfolgreich
herein,herein,1751,core,292,herein
rechner,rechner,1752,core,292,rechner
eifersüchtig,eifersüchtig,1753,core,292,eifersüchtig
schuldig,schuldig,1754,core,291,schuldig
zufall,zufall,1755,core,291,zufall
tausend,tausend,1756,core,291,tausend;tausende
vermutlich,vermutlich,1759,core,289,vermutlich
behaupten,behauptet,1760,core,289,behauptet;behaupten
jene,jene,1761,core,289,jene;jenes
laune,laune,1763,core,289,laune
befreundet,befreundet,1764,core,289,befreundet
opfer,opfer,1765,core,289,opfer
begegnen,begegnet,1767,core,288,begegnet;begegnen
chinesisch,chinesisch,1768,core,288,chinesisch;chinesische;chinesischen
streit,streit,1769,core,288,streit
medikament,medikament,1770,core,288,medikament;medikamente
gewalt,gewalt,1772,core,288,gewalt
berühmt,berühmt,1773,core,287,berühmt;berühmter;berühmte
rom,rom,1774,core,287,rom
kämpfen,kämpfen,1775,core,287,kämpfen
kümmert,kümmert,1776,core,287,kümmert
oma,oma,1777,core,287,oma
sturm,sturm,1778,core,286,sturm
verbrechen,verbrechen,1779,core,286,verbrechen
wächst,wächst,1780,core,286,wächst
beruf,beruf,1781,core,286,beruf
geschah,geschah,1783,core,285,geschah
gedächtnis,gedächtnis,1785,core,284,gedächtnis
zerstören,zerstört,1786,core,284,zerstört;zerstören
direkt,direkt,1787,core,284,direkt
gewöhnen,gewöhnt,1789,core,283,gewöhnt;gewöhnen
markt,markt,1791,core,282,markt
besser,bessere,1793,core,282,bessere;besseres;besseren
arbeitet,arbeitete,1794,core,282,arbeitete
hinein,hinein,1795,core,282,hinein
unglück,unglück,1796,core,282,unglück
wichtigste,wichtigste,1797,core,282,wichtigste
intelligenz,intelligenz,1798,core,281,intelligenz
hochzeit,hochzeit,1799,core,281,hochzeit
näher,näher,1800,core,281,näher
mary,marys,1801,core,280,marys
unterwegs,unterwegs,1802,core,280,unterwegs
antwortet,antwortete,1803,core,279,antwortete
gegenteil,gegenteil,1804,core,279,gegenteil
ankommen,ankommen,1806,core,279,ankommen
drin,drin,1807,core,279,drin
wirken,wirkt,1809,core,279,wirkt;wirken
möchtet,möchtet,1810,core,279,möchtet
letztemal,letztemal,1811,core,279,letztemal
theorie,theorie,1812,core,278,theorie
jahrhundert,jahrhundert,1813,core,278,jahrhundert;jahrhunderts
gleichzeitig,gleichzeitig,1815,core,277,gleichzeitig
eck,ecke,1816,core,277,ecke
total,total,1817,core,277,total
butter,butter,1818,core,277,butter
gelogen,gelogen,1819,core,277,gelogen
brasilien,brasilien,1820,core,277,brasilien
kultur,kultur,1821,core,277,kultur
dasselbe,dasselbe,1822,core,276,dasselbe
satt,satt,1823,core,276,satt
post,post,1824,core,276,post
kilometer,kilometer,1825,core,276,kilometer
entdecken,entdeckt,1826,core,276,entdeckt;entdecken
enthält,enthält,1827,core,276,enthält
stock,stock,1828,core,276,stock
umgebracht,umgebracht,1829,core,276,umgebracht
regenschirm,regenschirm,1830,core,276,regenschirm
fließen,fließend,1831,core,276,fließend;fließt
fährst,fährst,1832,core,276,fährst
hinten,hinten,1833,core,276,hinten
kanadier,kanadier,1834,core,276,kanadier
ewig,ewig,1835,core,275,ewig
verrat,verraten,1836,core,275,verraten
dicht,dichter,1837,core,275,dichter;dicht
mittel,mittel,1838,core,275,mittel
beinah,beinahe,1839,core,275,beinahe
wofür,wofür,1840,core,275,wofür
künstler,künstler,1841,core,274,künstler
blind,blind,1842,core,274,blind
hölle,hölle,1845,core,274,hölle
pläne,pläne,1846,core,272,pläne
verantwortlich,verantwortlich,1847,core,272,verantwortlich
kindheit,kindheit,1848,core,272,kindheit
straßen,straßen,1849,core,272,straßen
steigen,steigen,1851,core,271,steigen;steigt
übel,übel,1854,core,271,übel
verbessern,verbessern,1855,core,270,verbessern
wessen,wessen,1856,core,270,wessen
aufgewachsen,aufgewachsen,1857,core,270,aufgewachsen
ärztin,ärztin,1858,core,270,ärztin
tell,teller,1859,core,270,teller
bewegen,bewegen,1864,core,269,bewegen;bewegt
polizist,polizist,1865,core,269,polizist;polizisten
zung,zunge,1866,core,269,zunge
maschine,maschine,1867,core,268,maschine
gelang,gelang,1868,core,268,gelang
aufstehen,aufstehen,1869,core,268,aufstehen
sucht,suchte,1871,core,268,suchte
irgendwas,irgendwas,1873,core,268,irgendwas
zustand,zustand,1874,core,268,zustand
hos,hose,1875,core,267,hose
menschlich,menschliche,1876,core,267,menschliche;menschlichen
gra,gras,1877,core,267,gras
ei,ei,1879,core,267,ei
werfen,werfen,1881,core,265,werfen;geworfen
sprang,sprang,1883,core,265,sprang
supermarkt,supermarkt,1884,core,265,supermarkt
bahn,bahn,1885,core,265,bahn
ky,ky,1888,core,265,ky
demokratie,demokratie,1890,core,264,demokratie
grenzen,grenzen,1891,core,264,grenzen;grenze
blöd,blöd,1893,core,263,blöd
handy,handy,1894,core,263,handy
rechnung,rechnung,1895,core,263,rechnung
rannte,rannte,1896,core,263,rannte
boot,boot,1898,core,262,boot
hal,hals,1899,core,262,hals
rosen,rosen,1901,core,262,rosen;rose
gehirn,gehirn,1903,core,261,gehirn
begonnen,begonnen,1904,core,261,begonnen
spanien,spanien,1906,core,261,spanien
sand,sand,1907,core,261,sand
iss,iss,1908,core,261,iss
beigebracht,beigebracht,1909,core,261,beigebracht
mochte,mochte,1910,core,260,mochte
erklärt,erklärte,1911,core,260,erklärte
lächelt,lächelte,1912,core,260,lächelte;lächelt
charakter,charakter,1913,core,260,charakter
daraus,daraus,1915,core,259,daraus
samstag,samstag,1916,core,259,samstag
frisch,frisch,1917,core,259,frisch;frische
belieben,beliebt,1920,core,259,beliebt
inzwischen,inzwischen,1921,core,259,inzwischen
treppe,treppe,1922,core,259,treppe
heimat,heimat,1923,core,259,heimat
elefant,elefanten,1924,core,258,elefanten;elefant
theater,theater,1929,core,257,theater
gericht,gericht,1930,core,256,gericht
voraus,voraus,1931,core,256,voraus
drinnen,drinnen,1934,core,255,drinnen
angesehen,angesehen,1937,core,255,angesehen
schlang,schlange,1938,core,255,schlange;schlangen
rennen,rennen,1939,core,254,rennen
gedicht,gedicht,1940,core,254,gedicht;gedichte
merken,merken,1941,core,254,merken;merkt;gemerkt
streng,streng,1942,core,254,streng
kanada,kanada,1943,core,254,kanada
jack,jacke,1945,core,254,jacke;jack
dadurch,dadurch,1946,core,253,dadurch
karten,karten,1947,core,253,karten
trauen,trauen,1949,core,253,trauen;traue;traut
längst,längst,1950,core,253,längst
angeln,angeln,1952,core,253,angeln
saßen,saßen,1953,core,253,saßen
fürchtet,fürchtet,1954,core,253,fürchtet
wißt,wißt,1956,core,253,wißt
unschuldig,unschuldig,1957,core,252,unschuldig
lautet,lautet,1958,core,252,lautet
bißchen,bißchen,1959,core,252,bißchen
prinzessin,prinzessin,1960,core,251,prinzessin
bad,bad,1962,core,251,bad
kartoffeln,kartoffeln,1964,core,250,kartoffeln
dunkelheit,dunkelheit,1966,core,250,dunkelheit
ausdruck,ausdruck,1967,core,250,ausdruck
tatsache,tatsache,1968,core,250,tatsache
europäisch,europäischen,1969,core,250,europäischen;europäische
stirbt,stirbt,1970,core,249,stirbt
herrschen,herrscht,1971,core,249,herrscht
annehmen,annehmen,1972,core,249,annehmen
größe,größe,1973,core,249,größe
patient,patienten,1974,core,248,patienten;patient
anzug,anzug,1977,core,248,anzug
schulden,schulden,1978,core,248,schulden;schulde
trifft,trifft,1979,core,248,trifft
fahr,fahrer,1982,core,247,fahrer
küsst,küsste,1983,core,247,küsste
toll,toll,1984,core,247,toll;tolle
liisa,liisa,1985,core,247,liisa
vermeiden,vermeiden,1986,core,246,vermeiden
lacht,lachte,1987,core,246,lachte;lachten
gibst,gibst,1989,core,246,gibst
ehemann,ehemann,1990,core,245,ehemann
gefiel,gefiel,1991,core,245,gefiel
dieb,dieb,1992,core,245,dieb
stecken,steckt,1993,core,245,steckt;stecken
faul,faul,1994,core,244,faul
königin,königin,1995,core,244,königin
kampf,kampf,1997,core,244,kampf
not,not,1998,core,244,not;noten
laß,laß,1999,core,244,laß
vermissen,vermisst,2000,core,243,vermisst;vermissen;vermisse
ausgehen,ausgehen,2001,ext,243,ausgehen
mitte,mitte,2002,ext,243,mitte
unterrichten,unterrichtet,2004,ext,243,unterrichtet;unterrichten
vorbereiten,vorbereitet,2005,ext,242,vorbereitet
aufmerksam,aufmerksam,2006,ext,242,aufmerksam
unglaublich,unglaublich,2007,ext,242,unglaublich
kopfschmerz,kopfschmerzen,2009,ext,242,kopfschmerzen
vertrag,vertrag,2010,ext,242,vertrag
hohen,hohen,2011,ext,242,hohen
bezeichnen,bezeichnet,2012,ext,242,bezeichnet
beweisen,beweisen,2013,ext,241,beweisen;beweise
blätter,blätter,2014,ext,241,blätter
sau,sauer,2015,ext,241,sauer
durst,durst,2016,ext,241,durst
autor,autor,2018,ext,241,autor
versprach,versprach,2019,ext,241,versprach
zieh,zieh,2021,ext,240,zieh
gezwungen,gezwungen,2022,ext,239,gezwungen
fähigkeit,fähigkeit,2024,ext,239,fähigkeit;fähigkeiten
gegenwart,gegenwart,2026,ext,239,gegenwart
feiern,feiern,2027,ext,239,feiern
unglücklich,unglücklich,2028,ext,238,unglücklich
ferien,ferien,2029,ext,238,ferien
mitten,mitten,2031,ext,238,mitten
bleistift,bleistift,2032,ext,238,bleistift
lernt,lernte,2033,ext,238,lernte
strom,strom,2034,ext,237,strom
erinnerst,erinnerst,2035,ext,237,erinnerst
schachtel,schachtel,2036,ext,237,schachtel
betrachten,betrachtet,2037,ext,237,betrachtet;betrachten;betrachte
keks,kekse,2038,ext,237,kekse
worauf,worauf,2039,ext,237,worauf
fünfzig,fünfzig,2042,ext,236,fünfzig
aufgeben,aufgeben,2043,ext,236,aufgeben
entlang,entlang,2044,ext,236,entlang
hohe,hohe,2045,ext,236,hohe
sieg,sieg,2046,ext,236,sieg
entwicklung,entwicklung,2048,ext,235,entwicklung
energie,energie,2049,ext,235,energie
wirtschaft,wirtschaft,2050,ext,235,wirtschaft
stören,stört,2051,ext,235,stört;stören
verantwortung,verantwortung,2052,ext,235,verantwortung
schneiden,schneiden,2053,ext,234,schneiden
zoo,zoo,2054,ext,234,zoo
einst,einst,2055,ext,234,einst
verärgert,verärgert,2056,ext,234,verärgert
üben,üben,2057,ext,234,üben
genießen,genießen,2058,ext,234,genießen;genießt
schatz,schatz,2059,ext,234,schatz
höchst,höchste,2060,ext,234,höchste;höchsten
krawatte,krawatte,2061,ext,234,krawatte
verschwinden,verschwinden,2064,ext,234,verschwinden
bart,bart,2065,ext,233,bart
sparen,sparen,2066,ext,233,sparen
pullover,pullover,2067,ext,233,pullover
nimmst,nimmst,2068,ext,233,nimmst
schüchtern,schüchtern,2070,ext,233,schüchtern
bereiten,bereitet,2071,ext,233,bereitet;bereiten
erdbeben,erdbeben,2072,ext,233,erdbeben
lohnen,lohnt,2074,ext,232,lohnt
mail,mail,2075,ext,231,mail
aussieht,aussieht,2076,ext,231,aussieht
erlaubnis,erlaubnis,2077,ext,231,erlaubnis
sicherlich,sicherlich,2079,ext,231,sicherlich
test,test,2080,ext,231,test
humor,humor,2081,ext,231,humor
waffe,waffe,2082,ext,231,waffe
kerl,kerl,2085,ext,231,kerl
standen,standen,2086,ext,231,standen;gestanden
aufgestanden,aufgestanden,2087,ext,230,aufgestanden
überraschung,überraschung,2088,ext,230,überraschung
geschmack,geschmack,2089,ext,230,geschmack
eingeschlafen,eingeschlafen,2090,ext,230,eingeschlafen
honig,honig,2091,ext,230,honig
tät,täte,2093,ext,230,täte;täten
wärst,wärst,2094,ext,229,wärst
kälte,kälte,2097,ext,229,kälte
geräusch,geräusch,2099,ext,229,geräusch
allmählich,allmählich,2100,ext,229,allmählich
kund,kunden,2101,ext,229,kunden;kunde
erzähl,erzähl,2103,ext,228,erzähl
deck,decke,2104,ext,228,decke
normal,normal,2105,ext,228,normal
ansicht,ansicht,2106,ext,228,ansicht
universum,universum,2107,ext,227,universum;universums
begriff,begriff,2108,ext,227,begriff
geglaubt,geglaubt,2109,ext,227,geglaubt
angenommen,angenommen,2110,ext,227,angenommen
verursachen,verursacht,2111,ext,227,verursacht
bildung,bildung,2112,ext,226,bildung
ärger,ärger,2113,ext,226,ärger
schult,schulter,2115,ext,226,schulter
doktor,doktor,2116,ext,226,doktor
höflich,höflich,2117,ext,226,höflich
absolut,absolut,2118,ext,226,absolut
betreten,betreten,2121,ext,226,betreten
verschwunden,verschwunden,2123,ext,225,verschwunden
bestrafen,bestraft,2124,ext,225,bestraft
termin,termin,2125,ext,225,termin
keller,keller,2128,ext,225,keller
erkannt,erkannte,2129,ext,225,erkannte;erkannt
womit,womit,2130,ext,225,womit
schlimmste,schlimmste,2131,ext,224,schlimmste
verwirren,verwirrt,2134,ext,224,verwirrt
hitze,hitze,2135,ext,224,hitze
beibringen,beibringen,2136,ext,224,beibringen
hervor,hervor,2137,ext,224,hervor
markku,markku,2138,ext,224,markku
kennenlernen,kennenlernen,2139,ext,223,kennenlernen
verzeihen,verzeihen,2140,ext,223,verzeihen
reichtum,reichtum,2141,ext,223,reichtum
überlegen,überlegen,2142,ext,223,überlegen;überlegt;überlege
genie,genie,2143,ext,223,genie
ärzte,ärzte,2145,ext,223,ärzte
abgeschlossen,abgeschlossen,2146,ext,223,abgeschlossen
vorn,vorne,2148,ext,223,vorne
laßt,laßt,2149,ext,223,laßt
weiterhin,weiterhin,2150,ext,222,weiterhin
erkältung,erkältung,2152,ext,222,erkältung
ehr,ehre,2153,ext,222,ehre
deutlich,deutlich,2154,ext,222,deutlich
achten,achten,2155,ext,222,achten;achte
partei,partei,2156,ext,222,partei
früchte,früchte,2160,ext,221,früchte
stift,stift,2161,ext,221,stift
methode,methode,2162,ext,221,methode
aufpassen,aufpassen,2163,ext,221,aufpassen
publikum,publikum,2164,ext,220,publikum
vermögen,vermögen,2165,ext,220,vermögen
kollegen,kollegen,2166,ext,220,kollegen
kuh,kuh,2167,ext,220,kuh
schenkt,schenkte,2168,ext,220,schenkte
geliehen,geliehen,2169,ext,220,geliehen
engel,engel,2171,ext,219,engel
persönlich,persönlich,2172,ext,219,persönlich
flug,flug,2174,ext,219,flug
rad,rad,2175,ext,219,rad
studium,studium,2176,ext,219,studium
esel,esel,2178,ext,219,esel
diejenigen,diejenigen,2179,ext,218,diejenigen
wechseln,wechseln,2180,ext,218,wechseln
hob,hob,2181,ext,218,hob
schauspiel,schauspieler,2182,ext,218,schauspieler
schriftsteller,schriftsteller,2183,ext,218,schriftsteller
fremd,fremden,2184,ext,218,fremden;fremde;fremder
schmutzig,schmutzig,2185,ext,218,schmutzig
nachbar,nachbar,2186,ext,217,nachbar
spaziergang,spaziergang,2188,ext,217,spaziergang
talent,talent,2190,ext,217,talent
erschöpft,erschöpft,2191,ext,217,erschöpft
buchstaben,buchstaben,2192,ext,217,buchstaben
backen,gebacken,2193,ext,217,gebacken;backen
kuss,kuss,2194,ext,217,kuss
nochmal,nochmal,2195,ext,216,nochmal
riechen,riecht,2196,ext,216,riecht;riechen
innerhalb,innerhalb,2197,ext,216,innerhalb
rund,rund,2200,ext,215,rund
schützen,schützen,2201,ext,215,schützen
bestanden,bestanden,2202,ext,215,bestanden
riet,riet,2204,ext,215,riet
bär,bären,2205,ext,215,bären;bär
professor,professor,2206,ext,215,professor
wärest,wärest,2207,ext,215,wärest
aufhalten,aufhalten,2208,ext,215,aufhalten
allgemein,allgemeinen,2213,ext,214,allgemeinen
wusstest,wusstest,2214,ext,214,wusstest
setz,setz,2215,ext,214,setz
opa,opa,2216,ext,214,opa
erscheinen,erscheint,2218,ext,214,erscheint;erscheinen
weint,weinte,2219,ext,214,weinte
zeig,zeig,2220,ext,214,zeig
erneut,erneut,2221,ext,214,erneut
nachgedacht,nachgedacht,2223,ext,213,nachgedacht
socken,socken,2226,ext,213,socken
vierzig,vierzig,2227,ext,213,vierzig
aufgegeben,aufgegeben,2230,ext,213,aufgegeben
waffen,waffen,2231,ext,213,waffen
nämlich,nämlich,2232,ext,213,nämlich
hinterlassen,hinterlassen,2233,ext,212,hinterlassen
bevölkerung,bevölkerung,2234,ext,212,bevölkerung
beeilen,beeilen,2235,ext,212,beeilen
entschloss,entschlossen,2236,ext,212,entschlossen
wohnzimmer,wohnzimmer,2238,ext,212,wohnzimmer
vernunft,vernunft,2239,ext,212,vernunft
kauf,kauf,2240,ext,212,kauf
angenehm,angenehm,2243,ext,211,angenehm
woran,woran,2244,ext,211,woran
käm,käme,2246,ext,210,käme
praktisch,praktisch,2247,ext,210,praktisch
existieren,existiert,2248,ext,210,existiert;existieren
gepäck,gepäck,2249,ext,210,gepäck
überleben,überleben,2251,ext,210,überleben;überlebt
lippen,lippen,2252,ext,210,lippen
unterstützung,unterstützung,2253,ext,210,unterstützung
union,union,2254,ext,210,union
zweck,zweck,2256,ext,209,zweck
verändern,verändern,2258,ext,209,verändern
kriegen,kriegen,2259,ext,209,kriegen;kriege;kriegt
erfunden,erfunden,2260,ext,209,erfunden
heutigen,heutigen,2261,ext,209,heutigen
fassen,fassen,2264,ext,209,fassen;gefasst
zurückkommen,zurückkommen,2265,ext,208,zurückkommen
nerven,nerven,2269,ext,207,nerven
gemeint,gemeint,2270,ext,207,gemeint
diskussion,diskussion,2271,ext,207,diskussion
anziehen,anziehen,2272,ext,207,anziehen
vorstellung,vorstellung,2275,ext,206,vorstellung
band,band,2276,ext,206,band
bestellen,bestellt,2278,ext,206,bestellt;bestellen
mar,mars,2280,ext,206,mars
hieß,hieß,2281,ext,206,hieß
erinnerung,erinnerung,2282,ext,205,erinnerung;erinnerungen
eilig,eilig,2284,ext,205,eilig
schneien,schneit,2285,ext,205,schneit;schneien
erhielt,erhielt,2286,ext,205,erhielt
müll,müll,2288,ext,205,müll;müller
umsonst,umsonst,2289,ext,205,umsonst
irgend,irgend,2290,ext,205,irgend
schwang,schwanger,2291,ext,204,schwanger
golf,golf,2293,ext,204,golf
betrat,betrat,2298,ext,203,betrat
meisten,meistens,2299,ext,203,meistens
nass,nass,2300,ext,203,nass
gründe,gründe,2301,ext,203,gründe
nützlich,nützlich,2302,ext,202,nützlich
dringend,dringend,2303,ext,202,dringend
ehefrau,ehefrau,2304,ext,202,ehefrau
gelungen,gelungen,2305,ext,202,gelungen
mitglied,mitglied,2307,ext,202,mitglied;mitglieder
sagtest,sagtest,2308,ext,202,sagtest
neugierig,neugierig,2309,ext,201,neugierig
ändert,ändert,2311,ext,201,ändert
bestand,bestand,2315,ext,201,bestand
trennen,getrennt,2316,ext,201,getrennt;trennen
verbindung,verbindung,2317,ext,201,verbindung
kritik,kritik,2318,ext,201,kritik
fuchs,fuchs,2319,ext,201,fuchs
risiko,risiko,2321,ext,200,risiko
hügel,hügel,2322,ext,200,hügel
freundinnen,freundinnen,2324,ext,200,freundinnen
armut,armut,2325,ext,200,armut
zunächst,zunächst,2326,ext,200,zunächst
wäsch,wäsche,2327,ext,199,wäsche
geruch,geruch,2330,ext,199,geruch
ausmachen,ausmachen,2331,ext,199,ausmachen
bauch,bauch,2332,ext,199,bauch
beenden,beenden,2334,ext,198,beenden;beendet
öfter,öfter,2335,ext,198,öfter
realität,realität,2336,ext,198,realität
schrie,schrie,2337,ext,198,schrie
schlafzimmer,schlafzimmer,2338,ext,198,schlafzimmer
netz,netz,2339,ext,198,netz
kaninchen,kaninchen,2340,ext,197,kaninchen
wiederholen,wiederholen,2341,ext,197,wiederholen;wiederholt
söhne,söhne,2342,ext,197,söhne
baseball,baseball,2343,ext,197,baseball
dieselbe,dieselbe,2344,ext,197,dieselbe
benehmen,benehmen,2345,ext,197,benehmen
besucht,besuchte,2346,ext,197,besuchte
kehrt,kehrte,2347,ext,197,kehrte
zuviel,zuviel,2348,ext,197,zuviel
anderem,anderem,2349,ext,196,anderem
verhindern,verhindern,2350,ext,196,verhindern
steckt,steckte,2353,ext,196,steckte
knopf,knopf,2354,ext,196,knopf
mitternacht,mitternacht,2356,ext,195,mitternacht
gewicht,gewicht,2357,ext,195,gewicht
dritt,dritten,2358,ext,195,dritten;dritte
gelb,gelb,2359,ext,195,gelb
mitnehmen,mitnehmen,2360,ext,195,mitnehmen
respekt,respekt,2361,ext,195,respekt
verlangen,verlangt,2363,ext,195,verlangt;verlangen
kompliziert,kompliziert,2365,ext,194,kompliziert
bürger,bürger,2366,ext,194,bürger
bilden,bilden,2367,ext,194,bilden;bildet
programm,programm,2368,ext,194,programm
bedecken,bedeckt,2369,ext,194,bedeckt
komisch,komisch,2370,ext,194,komisch
ergibt,ergibt,2371,ext,194,ergibt
vergisst,vergisst,2373,ext,194,vergisst
jenem,jenem,2374,ext,194,jenem
irren,irren,2376,ext,194,irren;geirrt;irrt;irre
zeug,zeug,2378,ext,193,zeug
intelligent,intelligent,2379,ext,193,intelligent
fieber,fieber,2380,ext,193,fieber
männern,männern,2381,ext,193,männern
grab,grab,2382,ext,193,grab
afrika,afrika,2383,ext,193,afrika
ofen,ofen,2384,ext,193,ofen
nebel,nebel,2387,ext,192,nebel
mai,mai,2388,ext,192,mai
akzent,akzent,2389,ext,192,akzent
schreien,schreien,2390,ext,192,schreien;schreit
video,video,2391,ext,192,video
gemein,gemein,2392,ext,192,gemein
schlägt,schlägt,2393,ext,192,schlägt
yanni,yanni,2394,ext,192,yanni
unhöflich,unhöflich,2395,ext,191,unhöflich
heiratet,heiratete,2397,ext,191,heiratete
fünfzehn,fünfzehn,2398,ext,191,fünfzehn
verfügung,verfügung,2399,ext,191,verfügung
ukraine,ukraine,2401,ext,191,ukraine
lie,lies,2403,ext,190,lies
amerikanisch,amerikanischen,2404,ext,190,amerikanischen;amerikanische
ausgegangen,ausgegangen,2406,ext,190,ausgegangen
flog,flog,2407,ext,190,flog
führerschein,führerschein,2408,ext,190,führerschein
schaf,schafe,2409,ext,190,schafe;schaf
lügner,lügner,2410,ext,190,lügner
gegenseitig,gegenseitig,2412,ext,189,gegenseitig
geträumt,geträumt,2413,ext,189,geträumt
zahnarzt,zahnarzt,2414,ext,189,zahnarzt
anzurufen,anzurufen,2415,ext,189,anzurufen
hingegen,hingegen,2416,ext,189,hingegen
freien,freien,2417,ext,189,freien;freie
besprechen,besprechen,2418,ext,189,besprechen
blatt,blatt,2420,ext,189,blatt
werk,werk,2421,ext,189,werk;werke
hof,hof,2422,ext,189,hof
bar,bar,2424,ext,189,bar
rasch,rasch,2425,ext,189,rasch
drauf,drauf,2427,ext,189,drauf
team,team,2428,ext,188,team
hergestellt,hergestellt,2429,ext,188,hergestellt
behandeln,behandeln,2430,ext,188,behandeln
löwen,löwen,2431,ext,188,löwen
wut,wut,2432,ext,188,wut
dürft,dürfte,2433,ext,188,dürfte
bewegung,bewegung,2436,ext,187,bewegung
mode,mode,2439,ext,187,mode
kennenzulernen,kennenzulernen,2440,ext,187,kennenzulernen
regnet,regnete,2441,ext,187,regnete
angezogen,angezogen,2442,ext,187,angezogen
erfreuen,erfreut,2443,ext,187,erfreut
verständlich,verständlich,2444,ext,187,verständlich
sänger,sänger,2445,ext,187,sänger
akzeptieren,akzeptieren,2446,ext,187,akzeptieren
umgehen,umgehen,2448,ext,187,umgehen
facebook,facebook,2449,ext,187,facebook
erleben,erlebt,2450,ext,187,erlebt;erleben
tugend,tugend,2451,ext,187,tugend
ring,ring,2454,ext,186,ring
griff,griff,2455,ext,186,griff
schwert,schwert,2456,ext,186,schwert
km,km,2457,ext,186,km
höh,höher,2458,ext,186,höher;höhe
freizeit,freizeit,2461,ext,186,freizeit
furcht,furcht,2462,ext,186,furcht
salat,salat,2463,ext,186,salat
begleiten,begleiten,2464,ext,186,begleiten;begleitet
feld,feld,2465,ext,186,feld;felder
kilo,kilo,2466,ext,186,kilo
insekt,insekten,2467,ext,186,insekten
entgegen,entgegen,2468,ext,186,entgegen
toilette,toilette,2470,ext,185,toilette
leit,leiter,2471,ext,185,leiter
einladung,einladung,2472,ext,185,einladung
hinzu,hinzu,2473,ext,185,hinzu
nieder,nieder,2476,ext,185,nieder
umbringen,umbringen,2477,ext,185,umbringen
anzusehen,anzusehen,2478,ext,184,anzusehen
grünen,grünen,2481,ext,184,grünen;grüne
garage,garage,2483,ext,184,garage
brechen,brechen,2484,ext,184,brechen
karl,karl,2485,ext,184,karl
nahmen,nahmen,2486,ext,184,nahmen
weigert,weigerte,2488,ext,183,weigerte
viertel,viertel,2489,ext,183,viertel
vollständig,vollständig,2490,ext,183,vollständig
warnen,gewarnt,2491,ext,183,gewarnt
schwach,schwach,2492,ext,183,schwach
miete,miete,2493,ext,183,miete
reifen,reifen,2494,ext,183,reifen
unterstützen,unterstützen,2495,ext,183,unterstützen;unterstützt
ergebnisse,ergebnisse,2496,ext,183,ergebnisse
klang,klang,2497,ext,183,klang
vorsicht,vorsicht,2498,ext,183,vorsicht
hielten,hielten,2500,ext,182,hielten
erfüllen,erfüllt,2502,ext,182,erfüllt;erfüllen
verbergen,verbergen,2503,ext,182,verbergen
lediglich,lediglich,2504,ext,182,lediglich
bedarf,bedarf,2506,ext,182,bedarf
töchter,töchter,2508,ext,181,töchter
besondere,besonderes,2510,ext,181,besonderes;besondere
benötigen,benötigen,2512,ext,181,benötigen;benötigt;benötige
bot,bot,2513,ext,181,bot
koch,koch,2514,ext,181,koch
italienisch,italienisch,2516,ext,180,italienisch
hässlich,hässlich,2518,ext,180,hässlich
april,april,2520,ext,180,april
motorrad,motorrad,2521,ext,180,motorrad
geburt,geburt,2522,ext,180,geburt
diskutieren,diskutieren,2523,ext,180,diskutieren
zaun,zaun,2524,ext,180,zaun
ausländer,ausländer,2526,ext,179,ausländer
titel,titel,2527,ext,179,titel
vorteil,vorteil,2528,ext,179,vorteil;vorteile
fremdsprache,fremdsprache,2530,ext,179,fremdsprache
leg,leg,2531,ext,179,leg
seitdem,seitdem,2532,ext,179,seitdem
vergeben,vergeben,2534,ext,179,vergeben
tritt,tritt,2535,ext,178,tritt
gemälde,gemälde,2537,ext,178,gemälde
scharf,scharf,2542,ext,178,scharf
klüger,klüger,2543,ext,178,klüger
fühlst,fühlst,2544,ext,177,fühlst
zuhören,zuhören,2545,ext,177,zuhören
einladen,einladen,2546,ext,177,einladen
beschreiben,beschreiben,2547,ext,177,beschreiben
drehen,dreht,2548,ext,177,dreht;drehen
schrank,schrank,2549,ext,177,schrank
gerücht,gerücht,2551,ext,177,gerücht;gerüchte
ähnelt,ähnelt,2552,ext,177,ähnelt
begang,begangen,2553,ext,177,begangen
drücken,drücken,2554,ext,177,drücken
fabrik,fabrik,2555,ext,177,fabrik
system,system,2557,ext,177,system
mitarbeit,mitarbeiter,2558,ext,177,mitarbeiter
schönsten,schönsten,2559,ext,177,schönsten
wunderschön,wunderschön,2560,ext,176,wunderschön
erwischen,erwischt,2561,ext,176,erwischt
empfehlen,empfehlen,2564,ext,176,empfehlen
muttersprachler,muttersprachler,2565,ext,176,muttersprachler
fortschritt,fortschritt,2566,ext,175,fortschritt;fortschritte
temperatur,temperatur,2567,ext,175,temperatur
mutig,mutig,2568,ext,175,mutig
null,null,2569,ext,175,null
vergehen,vergeht,2570,ext,175,vergeht
billig,billig,2571,ext,175,billig;billiger
lebensmittel,lebensmittel,2572,ext,175,lebensmittel
schweiz,schweiz,2573,ext,175,schweiz
dienstag,dienstag,2574,ext,175,dienstag
aufzuhören,aufzuhören,2575,ext,175,aufzuhören
teilnehmen,teilnehmen,2576,ext,175,teilnehmen
teppich,teppich,2577,ext,175,teppich
bieten,bietet,2578,ext,175,bietet;bieten
hilfst,hilfst,2579,ext,175,hilfst
hierbleiben,hierbleiben,2580,ext,175,hierbleiben
zurückkehren,zurückkehren,2581,ext,175,zurückkehren
brunnen,brunnen,2582,ext,175,brunnen
verspätung,verspätung,2583,ext,174,verspätung
elf,elf,2584,ext,174,elf
brennen,brennt,2585,ext,174,brennt
modern,moderne,2588,ext,174,moderne;modernen
aff,affen,2589,ext,174,affen;affe
motor,motor,2590,ext,174,motor
wohnt,wohnte,2591,ext,174,wohnte
aufgefallen,aufgefallen,2592,ext,174,aufgefallen
zumindest,zumindest,2593,ext,173,zumindest
gebiet,gebiet,2595,ext,173,gebiet
hell,hell,2596,ext,173,hell
frosch,frosch,2598,ext,173,frosch
flügel,flügel,2600,ext,173,flügel
hobby,hobby,2601,ext,173,hobby
ausleihen,ausleihen,2602,ext,173,ausleihen
wonach,wonach,2604,ext,173,wonach
bewahren,bewahren,2606,ext,173,bewahren
mangel,mangel,2607,ext,173,mangel
geheimnisse,geheimnisse,2609,ext,173,geheimnisse
aufzustehen,aufzustehen,2610,ext,172,aufzustehen
knie,knie,2611,ext,172,knie
jan,jane,2612,ext,172,jane
probieren,probieren,2613,ext,172,probieren;probiert
begeistert,begeistert,2614,ext,172,begeistert
kur,kurs,2617,ext,172,kurs
zeitschrift,zeitschrift,2618,ext,172,zeitschrift
beleidigen,beleidigt,2620,ext,172,beleidigt
absichtlich,absichtlich,2623,ext,171,absichtlich
leidenschaft,leidenschaft,2624,ext,171,leidenschaft
öffentlichkeit,öffentlichkeit,2625,ext,171,öffentlichkeit
runter,runter,2626,ext,171,runter
beobachten,beobachtet,2627,ext,171,beobachtet;beobachten
eile,eile,2628,ext,171,eile
trägst,trägst,2629,ext,171,trägst
aufzug,aufzug,2630,ext,171,aufzug
herunter,herunter,2631,ext,171,herunter
endet,endet,2632,ext,171,endet;endete
huhn,huhn,2633,ext,171,huhn
han,hans,2635,ext,171,hans
arten,arten,2637,ext,170,arten
schickt,schickte,2638,ext,170,schickte
rock,rock,2639,ext,170,rock
verkehr,verkehr,2640,ext,170,verkehr
strafe,strafe,2641,ext,170,strafe
angelogen,angelogen,2642,ext,170,angelogen
regelmäßig,regelmäßig,2643,ext,170,regelmäßig
gestrichen,gestrichen,2644,ext,170,gestrichen
zurückgekommen,zurückgekommen,2645,ext,170,zurückgekommen
doppelt,doppelt,2646,ext,170,doppelt
steuer,steuer,2651,ext,170,steuer
treten,treten,2652,ext,170,treten;getreten
gesamte,gesamte,2654,ext,170,gesamte
caf,caf,2655,ext,170,caf
lächerlich,lächerlich,2656,ext,169,lächerlich
köstlich,köstlich,2657,ext,169,köstlich
kontakt,kontakt,2658,ext,169,kontakt
arbeitsplatz,arbeitsplatz,2662,ext,169,arbeitsplatz
gerechtigkeit,gerechtigkeit,2665,ext,168,gerechtigkeit
rasen,rasen,2666,ext,168,rasen
aussicht,aussicht,2668,ext,168,aussicht
paket,paket,2669,ext,168,paket
verliebt,verliebte,2670,ext,168,verliebte
schutz,schutz,2672,ext,168,schutz
scheiden,scheiden,2673,ext,168,scheiden
ratschläge,ratschläge,2674,ext,168,ratschläge
diesmal,diesmal,2675,ext,168,diesmal
selbstverständlich,selbstverständlich,2677,ext,167,selbstverständlich
rätsel,rätsel,2678,ext,167,rätsel
bill,bill,2679,ext,167,bill
steuern,steuern,2680,ext,167,steuern
parken,parken,2681,ext,167,parken;geparkt
städte,städte,2682,ext,167,städte
zurückgekehrt,zurückgekehrt,2683,ext,167,zurückgekehrt
literatur,literatur,2684,ext,167,literatur
klima,klima,2685,ext,167,klima
latein,latein,2686,ext,167,latein
zeitpunkt,zeitpunkt,2687,ext,167,zeitpunkt
betrog,betrogen,2688,ext,167,betrogen
atem,atem,2689,ext,167,atem
schwein,schwein,2690,ext,167,schwein
hol,hol,2691,ext,166,hol
knapp,knapp,2692,ext,166,knapp
beweis,beweis,2693,ext,166,beweis
indien,indien,2694,ext,166,indien
jederzeit,jederzeit,2695,ext,166,jederzeit
bauern,bauern,2697,ext,166,bauern
erreicht,erreichte,2699,ext,166,erreichte
keinerlei,keinerlei,2700,ext,166,keinerlei
bau,bauer,2701,ext,166,bauer;bau
vergangen,vergangenen,2702,ext,166,vergangenen;vergangen
frisst,frisst,2703,ext,166,frisst
zustimmen,zustimmen,2704,ext,166,zustimmen
phantasie,phantasie,2705,ext,166,phantasie
nacken,nackt,2706,ext,166,nackt
verdammt,verdammt,2707,ext,165,verdammt
gerät,gerät,2709,ext,165,gerät
tourist,touristen,2710,ext,165,touristen
beträgt,beträgt,2712,ext,165,beträgt
neulich,neulich,2714,ext,165,neulich
juni,juni,2715,ext,164,juni
bord,bord,2716,ext,164,bord
tagebuch,tagebuch,2718,ext,164,tagebuch
fuhren,fuhren,2720,ext,164,fuhren
ausgezeichnet,ausgezeichnet,2721,ext,164,ausgezeichnet
gelingen,gelingt,2723,ext,164,gelingt;gelingen
zwingen,zwingen,2724,ext,164,zwingen
neuigkeit,neuigkeiten,2727,ext,163,neuigkeiten
qualität,qualität,2728,ext,163,qualität
bewusstsein,bewusstsein,2729,ext,163,bewusstsein
teurer,teurer,2730,ext,163,teurer
korrekt,korrekt,2732,ext,163,korrekt
versteckt,versteckte,2733,ext,163,versteckte
schlau,schlau,2734,ext,163,schlau
derzeit,derzeit,2735,ext,163,derzeit
märchen,märchen,2736,ext,163,märchen
furchtbar,furchtbar,2737,ext,163,furchtbar
atmen,atmen,2738,ext,163,atmen
hoffentlich,hoffentlich,2739,ext,163,hoffentlich
abgenommen,abgenommen,2741,ext,162,abgenommen
lehren,lehren,2742,ext,162,lehren;lehrt;lehre
erschien,erschien,2743,ext,162,erschien
blieben,blieben,2744,ext,162,blieben
sorgfältig,sorgfältig,2745,ext,162,sorgfältig
regal,regal,2747,ext,162,regal
gaben,gaben,2748,ext,162,gaben
übermorgen,übermorgen,2749,ext,162,übermorgen
stammen,stammt,2750,ext,162,stammt
wär,wär,2751,ext,162,wär
gebiss,gebissen,2754,ext,161,gebissen
blitz,blitz,2756,ext,161,blitz
verlust,verlust,2757,ext,161,verlust
gast,gast,2758,ext,161,gast
entwickelt,entwickelt,2759,ext,161,entwickelt
füßen,füßen,2760,ext,161,füßen
irgendein,irgendeine,2763,ext,161,irgendeine;irgendein;irgendeinem
enthalt,enthalten,2764,ext,161,enthalten
arme,armee,2765,ext,161,armee
umgebung,umgebung,2766,ext,161,umgebung
großartig,großartig,2769,ext,161,großartig
weshalb,weshalb,2770,ext,161,weshalb
nahrung,nahrung,2771,ext,160,nahrung
wiederzusehen,wiederzusehen,2772,ext,160,wiederzusehen
sammeln,sammeln,2773,ext,160,sammeln
portemonnaie,portemonnaie,2774,ext,160,portemonnaie
spitz,spitze,2775,ext,160,spitze
löffel,löffel,2776,ext,160,löffel
anblick,anblick,2777,ext,160,anblick
wüst,wüste,2780,ext,160,wüste
appetit,appetit,2781,ext,159,appetit
taub,taub,2782,ext,159,taub
zuletzt,zuletzt,2783,ext,159,zuletzt
ausgegeben,ausgegeben,2784,ext,159,ausgegeben
öl,öl,2785,ext,159,öl
wäscht,wäscht,2786,ext,159,wäscht
ann,anne,2787,ext,159,anne
namen,namens,2788,ext,159,namens
aufgeregt,aufgeregt,2789,ext,159,aufgeregt
entkommen,entkommen,2790,ext,159,entkommen
vergaß,vergaß,2791,ext,159,vergaß
einfluss,einfluss,2792,ext,159,einfluss
bäumen,bäumen,2793,ext,159,bäumen
dokument,dokument,2794,ext,159,dokument;dokumente
fahrkarte,fahrkarte,2797,ext,158,fahrkarte
süßigkeit,süßigkeiten,2798,ext,158,süßigkeiten
auswendig,auswendig,2799,ext,158,auswendig
gründen,gründen,2800,ext,158,gründen
teich,teich,2803,ext,158,teich
frucht,frucht,2804,ext,158,frucht
nirgend,nirgends,2806,ext,158,nirgends
sack,sack,2807,ext,158,sack
zufolge,zufolge,2808,ext,158,zufolge
ursach,ursache,2809,ext,157,ursache
januar,januar,2811,ext,157,januar
fähig,fähig,2813,ext,157,fähig
mitkommen,mitkommen,2814,ext,157,mitkommen
konzentrieren,konzentrieren,2816,ext,156,konzentrieren
dusch,dusche,2817,ext,156,dusche
konntest,konntest,2818,ext,156,konntest
sicht,sicht,2819,ext,156,sicht
süd,süden,2821,ext,156,süden
west,westen,2823,ext,156,westen
letztlich,letztlich,2824,ext,156,letztlich
außerhalb,außerhalb,2826,ext,156,außerhalb
dienen,dienst,2828,ext,156,dienst;dienen;dient
nation,nation,2829,ext,156,nation;nationen
füttern,füttern,2830,ext,156,füttern
griechenland,griechenland,2831,ext,156,griechenland
mobiltelefon,mobiltelefon,2832,ext,156,mobiltelefon
toki,toki,2833,ext,156,toki
algier,algier,2834,ext,156,algier
rima,rima,2835,ext,156,rima
politisch,politische,2836,ext,155,politische;politischen
wecken,wecken,2837,ext,155,wecken;geweckt
ließen,ließen,2838,ext,155,ließen
reist,reist,2839,ext,155,reist;reiste
erlernen,erlernen,2842,ext,155,erlernen
pona,pona,2843,ext,155,pona
geduldig,geduldig,2844,ext,154,geduldig
betrifft,betrifft,2845,ext,154,betrifft
international,internationale,2846,ext,154,internationale;internationalen
mist,mist,2849,ext,154,mist
ewigkeit,ewigkeit,2850,ext,154,ewigkeit
ungarn,ungarn,2853,ext,154,ungarn
beherrschen,beherrschen,2854,ext,153,beherrschen;beherrscht
verbund,verbunden,2855,ext,153,verbunden
kat,kater,2857,ext,153,kater
juli,juli,2858,ext,153,juli
schreib,schreib,2859,ext,153,schreib
lehnt,lehnte,2860,ext,153,lehnte
büchern,büchern,2862,ext,153,büchern
gipfel,gipfel,2863,ext,153,gipfel
stehlen,stehlen,2864,ext,153,stehlen
wußten,wußten,2865,ext,153,wußten
narren,narren,2866,ext,152,narren
heim,heim,2867,ext,152,heim
lauf,lauf,2868,ext,152,lauf
spinnen,spinnen,2869,ext,152,spinnen;spinne
strich,strich,2870,ext,152,strich
trink,trink,2871,ext,152,trink
bien,bienen,2872,ext,152,bienen
streichen,streichen,2873,ext,152,streichen
zigarette,zigarette,2874,ext,152,zigarette
knochen,knochen,2875,ext,152,knochen
badezimmer,badezimmer,2876,ext,152,badezimmer
gestiegen,gestiegen,2878,ext,151,gestiegen
irrtum,irrtum,2879,ext,151,irrtum
beschützen,beschützen,2881,ext,151,beschützen
hofft,hofft,2882,ext,151,hofft;hoffte
österreich,österreich,2883,ext,151,österreich
älteste,älteste,2884,ext,151,älteste
möbel,möbel,2885,ext,151,möbel
schauspielerin,schauspielerin,2886,ext,151,schauspielerin
rauch,rauch,2887,ext,151,rauch
staub,staub,2888,ext,151,staub
milliarden,milliarden,2891,ext,151,milliarden
philosophie,philosophie,2892,ext,151,philosophie
verspäten,verspäten,2894,ext,151,verspäten;verspätet
abnehmen,abnehmen,2895,ext,150,abnehmen
ozean,ozean,2896,ext,150,ozean
summe,summe,2897,ext,150,summe
erfordert,erfordert,2898,ext,150,erfordert
kräfte,kräfte,2899,ext,150,kräfte
tiger,tiger,2901,ext,150,tiger
quell,quelle,2902,ext,150,quelle
schnitt,schnitt,2903,ext,150,schnitt
vernünftig,vernünftig,2904,ext,150,vernünftig
durchaus,durchaus,2905,ext,150,durchaus
zumut,zumute,2906,ext,150,zumute
treiben,treiben,2907,ext,150,treiben;treibt
grammatik,grammatik,2908,ext,150,grammatik
übernehmen,übernehmen,2909,ext,150,übernehmen
mehreren,mehreren,2911,ext,150,mehreren
wiegt,wiegt,2912,ext,150,wiegt
frühstücken,frühstücken,2913,ext,150,frühstücken
fragst,fragst,2914,ext,149,fragst
mehrheit,mehrheit,2916,ext,149,mehrheit
erdbeer,erdbeeren,2918,ext,149,erdbeeren
bricht,bricht,2919,ext,149,bricht
verzeihung,verzeihung,2920,ext,149,verzeihung
aufgenommen,aufgenommen,2921,ext,149,aufgenommen
kontrolle,kontrolle,2922,ext,149,kontrolle
schlag,schlag,2923,ext,149,schlag
bibel,bibel,2924,ext,149,bibel
kommentar,kommentar,2926,ext,149,kommentar;kommentare
idiot,idiot,2927,ext,149,idiot;idioten
dan,dan,2928,ext,149,dan
bemühen,bemühen,2930,ext,149,bemühen;bemüht
begehen,begehen,2931,ext,148,begehen
region,region,2935,ext,148,region
einschlafen,einschlafen,2936,ext,148,einschlafen
jesu,jesus,2937,ext,148,jesus
scheitern,scheitern,2938,ext,148,scheitern
küh,kühe,2941,ext,148,kühe
ost,osten,2942,ext,148,osten
großeltern,großeltern,2944,ext,148,großeltern
ufer,ufer,2945,ext,148,ufer
höhl,höhle,2946,ext,147,höhle
schwanz,schwanz,2947,ext,147,schwanz
dr,dr,2949,ext,147,dr
erwachsen,erwachsene,2950,ext,147,erwachsene;erwachsen
weihnachtsmann,weihnachtsmann,2952,ext,147,weihnachtsmann
spielzeug,spielzeug,2953,ext,147,spielzeug
verbessert,verbessert,2954,ext,147,verbessert
einsamkeit,einsamkeit,2955,ext,147,einsamkeit
entschied,entschied,2956,ext,147,entschied
paradies,paradies,2960,ext,147,paradies
krebs,krebs,2962,ext,146,krebs
folgt,folgte,2963,ext,146,folgte
ski,ski,2964,ext,146,ski
dummkopf,dummkopf,2967,ext,146,dummkopf
vorgestellt,vorgestellt,2968,ext,146,vorgestellt
fanden,fanden,2970,ext,146,fanden
voran,voran,2971,ext,146,voran
götter,götter,2973,ext,146,götter
maß,maß,2974,ext,146,maß;maße
stefan,stefan,2978,ext,146,stefan
fremdsprachen,fremdsprachen,2979,ext,145,fremdsprachen
gewohnheit,gewohnheit,2980,ext,145,gewohnheit
gewann,gewann,2981,ext,145,gewann
gebrauch,gebrauch,2983,ext,145,gebrauch
putzen,putzen,2984,ext,145,putzen
umgeben,umgeben,2985,ext,145,umgeben
wichtigsten,wichtigsten,2988,ext,145,wichtigsten
okay,okay,2990,ext,145,okay
verständnis,verständnis,2991,ext,145,verständnis
gerecht,gerecht,2992,ext,145,gerecht
zugleich,zugleich,2993,ext,145,zugleich
kneipe,kneipe,2994,ext,145,kneipe
he,he,2996,ext,144,he
planen,planet,2997,ext,144,planet;geplant;planen;plant
daten,daten,3000,ext,144,daten
unsinn,unsinn,3003,ext,144,unsinn
drachen,drachen,3004,ext,144,drachen
folgend,folgenden,3006,ext,144,folgenden
andern,andern,3007,ext,144,andern
festgenommen,festgenommen,3008,ext,144,festgenommen
verirren,verirrt,3009,ext,144,verirrt
heimlich,heimlich,3010,ext,144,heimlich
nachzudenken,nachzudenken,3012,ext,143,nachzudenken
wandern,wandern,3013,ext,143,wandern
geht's,geht's,3014,ext,143,geht's
fröhlich,fröhlich,3015,ext,143,fröhlich
bezug,bezug,3016,ext,143,bezug
verurteilen,verurteilt,3017,ext,143,verurteilt
armbanduhr,armbanduhr,3019,ext,143,armbanduhr
märz,märz,3021,ext,143,märz
stundenlang,stundenlang,3022,ext,143,stundenlang
ernsthaft,ernsthaft,3023,ext,143,ernsthaft
wellen,wellen,3025,ext,143,wellen
krise,krise,3026,ext,143,krise
daheim,daheim,3027,ext,143,daheim
medien,medien,3032,ext,143,medien
teilt,teilte,3034,ext,142,teilte
sang,sang,3035,ext,142,sang
sekunden,sekunden,3036,ext,142,sekunden
geschirr,geschirr,3037,ext,142,geschirr
begreifen,begreifen,3039,ext,142,begreifen
sowieso,sowieso,3040,ext,142,sowieso
gehalt,gehalt,3041,ext,142,gehalt
ausstehen,ausstehen,3042,ext,142,ausstehen
krankenschwester,krankenschwester,3043,ext,142,krankenschwester
überlassen,überlassen,3045,ext,142,überlassen
hinauf,hinauf,3046,ext,142,hinauf
geschoss,geschossen,3048,ext,142,geschossen
rechnen,gerechnet,3049,ext,142,gerechnet;rechnen
smith,smith,3050,ext,141,smith
wuchs,wuchs,3052,ext,141,wuchs
vorgeschlagen,vorgeschlagen,3053,ext,141,vorgeschlagen
puppe,puppe,3054,ext,141,puppe
taschen,taschen,3056,ext,141,taschen
duft,duft,3057,ext,141,duft
umständen,umständen,3058,ext,141,umständen
türkei,türkei,3059,ext,141,türkei
vermag,vermag,3060,ext,141,vermag
passiert,passierte,3061,ext,140,passierte
generation,generation,3062,ext,140,generation
genügen,genügend,3063,ext,140,genügend;genügt
brust,brust,3064,ext,140,brust
abholen,abholen,3065,ext,140,abholen
horizont,horizont,3066,ext,140,horizont
rosa,rosa,3067,ext,140,rosa
gucken,gucken,3068,ext,140,gucken
dreht,drehte,3070,ext,140,drehte
handschuh,handschuhe,3072,ext,140,handschuhe
verschwand,verschwand,3073,ext,140,verschwand
dreizehn,dreizehn,3074,ext,140,dreizehn
gegner,gegner,3075,ext,140,gegner
leck,lecker,3077,ext,140,lecker
tatsachen,tatsachen,3078,ext,140,tatsachen
vergleichen,vergleichen,3079,ext,140,vergleichen
produkt,produkt,3080,ext,140,produkt;produkte
august,august,3081,ext,140,august
fakt,fakten,3082,ext,140,fakten
hinunter,hinunter,3083,ext,140,hinunter
inhalt,inhalt,3084,ext,140,inhalt
dar,dar,3085,ext,140,dar
richt,richter,3086,ext,140,richter
entstehen,entsteht,3087,ext,140,entsteht;entstehen
stahl,stahl,3089,ext,140,stahl
herausfinden,herausfinden,3090,ext,140,herausfinden
peinlich,peinlich,3091,ext,140,peinlich
zugeben,zugeben,3092,ext,139,zugeben
anzahl,anzahl,3093,ext,139,anzahl
arabisch,arabisch,3095,ext,139,arabisch
rezept,rezept,3096,ext,139,rezept
kapitän,kapitän,3097,ext,139,kapitän
klassenzimmer,klassenzimmer,3099,ext,139,klassenzimmer
befolgen,befolgen,3100,ext,139,befolgen
atmosphäre,atmosphäre,3101,ext,139,atmosphäre
irgendwohin,irgendwohin,3103,ext,139,irgendwohin
kätzchen,kätzchen,3105,ext,139,kätzchen
franzosen,franzosen,3106,ext,138,franzosen
ton,ton,3107,ext,138,ton
dunkeln,dunkeln,3108,ext,138,dunkeln
verhaften,verhaftet,3109,ext,138,verhaftet
stirn,stirn,3110,ext,138,stirn
weggehen,weggehen,3111,ext,138,weggehen
wirkung,wirkung,3112,ext,138,wirkung
stürzt,stürzte,3113,ext,138,stürzte
gewiss,gewiss,3114,ext,138,gewiss;gewisse
scherz,scherz,3115,ext,138,scherz
stoff,stoff,3116,ext,138,stoff
achtung,achtung,3117,ext,138,achtung
abschied,abschied,3118,ext,138,abschied
selbstmord,selbstmord,3119,ext,137,selbstmord
extrem,extrem,3120,ext,137,extrem
unwahrscheinlich,unwahrscheinlich,3121,ext,137,unwahrscheinlich
bittet,bittet,3123,ext,137,bittet
küste,küste,3124,ext,137,küste
korrigieren,korrigieren,3125,ext,137,korrigieren
ankam,ankam,3126,ext,137,ankam
erstaunen,erstaunt,3127,ext,137,erstaunt
träumt,träumte,3128,ext,137,träumte;träumt
jim,jim,3129,ext,137,jim
verbrannt,verbrannt,3130,ext,137,verbrannt
kleiden,gekleidet,3131,ext,137,gekleidet
nebenan,nebenan,3132,ext,137,nebenan
besitz,besitz,3133,ext,137,besitz;besitzer
sowie,sowie,3134,ext,137,sowie
wahnsinn,wahnsinn,3135,ext,137,wahnsinn
übersetz,übersetzer,3138,ext,137,übersetzer
betrachtet,betrachtete,3139,ext,137,betrachtete
stil,stil,3140,ext,137,stil
melden,melden,3141,ext,137,melden;gemeldet
nord,norden,3142,ext,137,norden
de,de,3143,ext,137,de
hahn,hahn,3144,ext,137,hahn
verdacht,verdacht,3147,ext,137,verdacht
beginn,beginn,3148,ext,137,beginn
geschwist,geschwister,3149,ext,136,geschwister
getränk,getränk,3150,ext,136,getränk;getränke
veröffentlichen,veröffentlicht,3152,ext,136,veröffentlicht
fuji,fuji,3153,ext,136,fuji
kerzen,kerzen,3155,ext,136,kerzen
tempel,tempel,3156,ext,136,tempel
flagge,flagge,3157,ext,136,flagge
eignen,geeignet,3158,ext,136,geeignet
fluchen,flucht,3159,ext,136,flucht
verfügen,verfügt,3160,ext,136,verfügt
ergeben,ergeben,3161,ext,136,ergeben
schülern,schülern,3163,ext,135,schülern
stimmung,stimmung,3164,ext,135,stimmung
arbeitslos,arbeitslos,3165,ext,135,arbeitslos
drückt,drückte,3166,ext,135,drückte
abwesenheit,abwesenheit,3167,ext,135,abwesenheit
aussprache,aussprache,3168,ext,135,aussprache
verlauf,verlaufen,3169,ext,135,verlaufen
jäger,jäger,3173,ext,135,jäger
ausnahme,ausnahme,3174,ext,135,ausnahme
möglichen,möglichst,3175,ext,135,möglichst;möglichen;mögliche
vorhaben,vorhaben,3176,ext,135,vorhaben
druck,druck,3177,ext,135,druck
übrigen,übrigens,3179,ext,135,übrigens
springen,springen,3180,ext,135,springen
bedanken,bedanken,3183,ext,135,bedanken
erfährt,erfährt,3184,ext,135,erfährt
anstatt,anstatt,3186,ext,134,anstatt
entwickeln,entwickeln,3187,ext,134,entwickeln
turm,turm,3188,ext,134,turm
vergleich,vergleich,3189,ext,134,vergleich
versehen,versehen,3190,ext,134,versehen
chicago,chicago,3191,ext,134,chicago
zeichnen,zeichnen,3192,ext,134,zeichnen
erwähnen,erwähnt,3195,ext,134,erwähnt
revolution,revolution,3196,ext,134,revolution
herzen,herzens,3197,ext,134,herzens
existenz,existenz,3198,ext,134,existenz
ne,ne,3199,ext,134,ne
derselben,derselben,3200,ext,134,derselben
worin,worin,3202,ext,134,worin
wußtest,wußtest,3203,ext,134,wußtest
september,september,3204,ext,133,september
handtuch,handtuch,3208,ext,133,handtuch
löschen,löschen,3209,ext,133,löschen;gelöscht
us,us,3210,ext,133,us
ernähren,ernähren,3212,ext,133,ernähren
nirgendwo,nirgendwo,3213,ext,133,nirgendwo
ermorden,ermordet,3214,ext,133,ermordet
blickt,blickte,3215,ext,133,blickte
lkw,lkw,3218,ext,133,lkw
schmetterling,schmetterling,3220,ext,132,schmetterling
bereuen,bereuen,3221,ext,132,bereuen;bereue
nachtisch,nachtisch,3222,ext,132,nachtisch
engländer,engländer,3224,ext,132,engländer
erkälten,erkältet,3225,ext,132,erkältet
ausgesprochen,ausgesprochen,3231,ext,132,ausgesprochen
kaiser,kaiser,3232,ext,132,kaiser
hierhergekommen,hierhergekommen,3234,ext,132,hierhergekommen
klingelt,klingelte,3236,ext,131,klingelte
bürgermeister,bürgermeister,3238,ext,131,bürgermeister
holt,holte,3239,ext,131,holte
bemühung,bemühungen,3240,ext,131,bemühungen
moskau,moskau,3243,ext,131,moskau
prinz,prinz,3244,ext,131,prinz
wirkt,wirkte,3245,ext,131,wirkte
löwe,löwe,3247,ext,131,löwe
beschweren,beschwert,3249,ext,130,beschwert
ausruhen,ausruhen,3251,ext,130,ausruhen
breit,breit,3253,ext,130,breit
pistole,pistole,3254,ext,130,pistole
mitzuteilen,mitzuteilen,3255,ext,130,mitzuteilen
geschnitten,geschnitten,3256,ext,130,geschnitten
abschluss,abschluss,3257,ext,130,abschluss
verteidigen,verteidigen,3258,ext,130,verteidigen
bananen,bananen,3259,ext,130,bananen
dünn,dünn,3260,ext,130,dünn
gleicht,gleicht,3262,ext,130,gleicht
voneinander,voneinander,3265,ext,130,voneinander
bedingung,bedingungen,3266,ext,129,bedingungen
familien,familien,3267,ext,129,familien
zwilling,zwillinge,3269,ext,129,zwillinge
dunkle,dunkle,3271,ext,129,dunkle
dunklen,dunklen,3272,ext,129,dunklen
reicht,reichte,3273,ext,129,reichte
hühner,hühner,3274,ext,129,hühner
donnerstag,donnerstag,3276,ext,129,donnerstag
kellner,kellner,3277,ext,129,kellner
geriet,geriet,3278,ext,129,geriet
arsch,arsch,3279,ext,129,arsch
bedroht,bedroht,3280,ext,129,bedroht
öffentlich,öffentlichen,3281,ext,129,öffentlichen;öffentliche;öffentlich
gesamten,gesamten,3282,ext,129,gesamten
unendlich,unendlich,3283,ext,128,unendlich
wenden,wenden,3284,ext,128,wenden
redet,redete,3286,ext,128,redete
schublade,schublade,3287,ext,128,schublade
abgelehnt,abgelehnt,3288,ext,128,abgelehnt
sätzen,sätzen,3289,ext,128,sätzen
zerbrochen,zerbrochen,3290,ext,128,zerbrochen
abstand,abstand,3291,ext,128,abstand
fett,fett,3292,ext,128,fett
weltkrieg,weltkrieg,3293,ext,128,weltkrieg
unterschreiben,unterschreiben,3294,ext,128,unterschreiben
wahnsinnig,wahnsinnig,3295,ext,128,wahnsinnig
riss,riss,3296,ext,128,riss
konferenz,konferenz,3297,ext,128,konferenz
wunderbar,wunderbar,3298,ext,128,wunderbar
denselben,denselben,3299,ext,128,denselben
portugiesisch,portugiesisch,3302,ext,128,portugiesisch
nannte,nannte,3303,ext,127,nannte
verabschieden,verabschieden,3304,ext,127,verabschieden
grau,grau,3305,ext,127,grau
erfuhr,erfuhr,3306,ext,127,erfuhr
zahn,zahn,3307,ext,127,zahn
überein,überein,3310,ext,127,überein
verlässt,verlässt,3312,ext,127,verlässt
herausforderung,herausforderung,3313,ext,127,herausforderung
erwidert,erwiderte,3314,ext,127,erwiderte
überqueren,überqueren,3315,ext,127,überqueren
panik,panik,3316,ext,127,panik
gang,gang,3317,ext,127,gang
inneren,inneren,3319,ext,127,inneren
fußboden,fußboden,3321,ext,127,fußboden
kommend,kommenden,3322,ext,127,kommenden
wußtet,wußtet,3323,ext,127,wußtet
ausdrücken,ausdrücken,3324,ext,126,ausdrücken
weck,wecker,3325,ext,126,wecker
ampel,ampel,3326,ext,126,ampel
trocken,trocken,3327,ext,126,trocken
angewohnheit,angewohnheit,3328,ext,126,angewohnheit
lektion,lektion,3329,ext,126,lektion
befand,befand,3330,ext,126,befand
ignorieren,ignorieren,3332,ext,126,ignorieren;ignoriert
ungewöhnlich,ungewöhnlich,3333,ext,126,ungewöhnlich
mäuse,mäuse,3334,ext,126,mäuse
last,last,3335,ext,126,last;laster
jenen,jenen,3337,ext,126,jenen
urteil,urteil,3338,ext,126,urteil
mörder,mörder,3340,ext,125,mörder
vorgestern,vorgestern,3341,ext,125,vorgestern
bushaltestelle,bushaltestelle,3344,ext,125,bushaltestelle
außerdem,außerdem,3345,ext,125,außerdem
gefühlt,gefühlt,3346,ext,125,gefühlt
angegriffen,angegriffen,3347,ext,125,angegriffen
hafen,hafen,3348,ext,125,hafen
narr,narr,3349,ext,125,narr
komplett,komplett,3350,ext,125,komplett
mike,mike,3354,ext,124,mike
scheiß,scheiße,3355,ext,124,scheiße
orang,orange,3358,ext,124,orange;orangen
ersetzen,ersetzen,3359,ext,124,ersetzen
baden,baden,3360,ext,124,baden
anruf,anruf,3361,ext,124,anruf
vase,vase,3362,ext,124,vase
schild,schild,3364,ext,124,schild
linie,linie,3366,ext,124,linie
naiv,naiv,3367,ext,124,naiv
diejenige,diejenige,3369,ext,124,diejenige
ruhestand,ruhestand,3370,ext,124,ruhestand
woanders,woanders,3371,ext,124,woanders
jackson,jackson,3372,ext,124,jackson
türkisch,türkisch,3373,ext,124,türkisch
mathe,mathe,3374,ext,123,mathe
verfolgen,verfolgt,3378,ext,123,verfolgt
bewundere,bewundere,3379,ext,123,bewundere
zahlreich,zahlreiche,3380,ext,123,zahlreiche
handtasche,handtasche,3381,ext,123,handtasche
genoss,genossen,3382,ext,123,genossen
tomaten,tomaten,3383,ext,123,tomaten
fehlern,fehlern,3384,ext,123,fehlern
anspruch,anspruch,3385,ext,123,anspruch
rotwein,rotwein,3386,ext,123,rotwein
kümmer,kümmere,3387,ext,123,kümmere
heran,heran,3390,ext,123,heran
zubereiten,zubereitet,3397,ext,122,zubereitet
abgesagt,abgesagt,3398,ext,122,abgesagt
ankunft,ankunft,3399,ext,122,ankunft
schultern,schultern,3400,ext,122,schultern
seil,seil,3401,ext,122,seil
ordentlich,ordentlich,3404,ext,122,ordentlich
karriere,karriere,3408,ext,122,karriere
mittwoch,mittwoch,3409,ext,122,mittwoch
bühne,bühne,3412,ext,122,bühne
gefreut,gefreut,3413,ext,122,gefreut
überwinden,überwinden,3414,ext,122,überwinden
botschaft,botschaft,3415,ext,122,botschaft
lampe,lampe,3416,ext,122,lampe
komma,komma,3417,ext,122,komma
entspricht,entspricht,3421,ext,121,entspricht
sex,sex,3423,ext,121,sex
allerdings,allerdings,3425,ext,121,allerdings
sängerin,sängerin,3426,ext,121,sängerin
mehrmals,mehrmals,3427,ext,121,mehrmals
braun,braun,3428,ext,121,braun
gegründet,gegründet,3429,ext,121,gegründet
verwandt,verwandt,3430,ext,121,verwandt;verwandten
wirf,wirf,3431,ext,121,wirf
pflegt,pflegte,3432,ext,121,pflegte
tafel,tafel,3433,ext,121,tafel
flogen,geflogen,3434,ext,121,geflogen
mütze,mütze,3435,ext,121,mütze
fass,fass,3436,ext,121,fass
werkzeug,werkzeug,3437,ext,121,werkzeug
jüngst,jüngste,3438,ext,121,jüngste
hütte,hütte,3439,ext,121,hütte
verbreiten,verbreitet,3440,ext,121,verbreitet
zelt,zelt,3442,ext,121,zelt
verzichten,verzichten,3443,ext,121,verzichten
zigaretten,zigaretten,3444,ext,121,zigaretten
verzweifelt,verzweifelt,3445,ext,121,verzweifelt
erforderlich,erforderlich,3449,ext,121,erforderlich
wolltet,wolltet,3451,ext,121,wolltet
derart,derart,3452,ext,121,derart
tokyo,tokyo,3454,ext,120,tokyo
erziehung,erziehung,3455,ext,120,erziehung
februar,februar,3456,ext,120,februar
wände,wände,3457,ext,120,wände
lastwagen,lastwagen,3459,ext,120,lastwagen
abgeben,abgeben,3460,ext,120,abgeben
landschaft,landschaft,3462,ext,120,landschaft
wärm,wärme,3463,ext,120,wärme;wärmer
saft,saft,3464,ext,120,saft
momentan,momentan,3465,ext,120,momentan
alphabet,alphabet,3466,ext,120,alphabet
pleite,pleite,3467,ext,120,pleite
hans,hansen,3470,ext,120,hansen
unschuld,unschuld,3471,ext,119,unschuld
papst,papst,3472,ext,119,papst
praxis,praxis,3473,ext,119,praxis
aufsatz,aufsatz,3474,ext,119,aufsatz
kyoto,kyoto,3476,ext,119,kyoto
geldbeutel,geldbeutel,3478,ext,119,geldbeutel
mehl,mehl,3479,ext,119,mehl
verwechselt,verwechselt,3480,ext,119,verwechselt
zurecht,zurecht,3481,ext,119,zurecht
operation,operation,3482,ext,119,operation
parlament,parlament,3483,ext,119,parlament
entschluss,entschluss,3486,ext,119,entschluss
hauptsächlich,hauptsächlich,3487,ext,119,hauptsächlich
blicken,blicken,3489,ext,119,blicken
einzeln,einzelnen,3491,ext,119,einzelnen
november,november,3492,ext,119,november
angetan,angetan,3495,ext,119,angetan
sonderlich,sonderlich,3496,ext,119,sonderlich
roboter,roboter,3497,ext,118,roboter
detail,details,3498,ext,118,details
sekunde,sekunde,3501,ext,118,sekunde
kleinste,kleinste,3505,ext,118,kleinste
pfund,pfund,3506,ext,118,pfund
katastrophe,katastrophe,3507,ext,118,katastrophe
niederlage,niederlage,3509,ext,118,niederlage
gehofft,gehofft,3510,ext,118,gehofft
zentrum,zentrum,3512,ext,118,zentrum
aktiv,aktiv,3513,ext,118,aktiv
pomme,pommes,3516,ext,118,pommes
künstlich,künstliche,3517,ext,118,künstliche
versammlung,versammlung,3518,ext,118,versammlung
übersehen,übersehen,3519,ext,118,übersehen
gelt,gelten,3520,ext,118,gelten
erschoss,erschossen,3522,ext,118,erschossen
pol,polen,3523,ext,118,polen
maske,maske,3524,ext,118,maske
eingestellt,eingestellt,3525,ext,118,eingestellt
zusammenhang,zusammenhang,3526,ext,117,zusammenhang
aussage,aussage,3527,ext,117,aussage
dezember,dezember,3528,ext,117,dezember
beißen,beißen,3529,ext,117,beißen
shirt,shirt,3530,ext,117,shirt
umwelt,umwelt,3532,ext,117,umwelt
anwesend,anwesend,3533,ext,117,anwesend
cousin,cousin,3534,ext,117,cousin
held,held,3537,ext,117,held;helden
schand,schande,3540,ext,117,schande
tätest,tätest,3542,ext,117,tätest
vorüber,vorüber,3543,ext,117,vorüber
wirft,wirft,3545,ext,117,wirft
hammer,hammer,3546,ext,116,hammer
geige,geige,3548,ext,116,geige
eng,eng,3549,ext,116,eng
verfassung,verfassung,3550,ext,116,verfassung
gift,gift,3551,ext,116,gift
gas,gas,3552,ext,116,gas
achtzehn,achtzehn,3553,ext,116,achtzehn
riesig,riesige,3554,ext,116,riesige
gänzlich,gänzlich,3555,ext,116,gänzlich
rechtsanwalt,rechtsanwalt,3557,ext,116,rechtsanwalt
pech,pech,3558,ext,116,pech
anweisung,anweisungen,3559,ext,116,anweisungen
fingen,fingen,3560,ext,116,fingen
malen,malen,3561,ext,116,malen
anfänger,anfänger,3562,ext,116,anfänger
offenbar,offenbar,3564,ext,116,offenbar
aufgewacht,aufgewacht,3565,ext,115,aufgewacht
logik,logik,3566,ext,115,logik
kostenlos,kostenlos,3567,ext,115,kostenlos
großbritannien,großbritannien,3568,ext,115,großbritannien
diät,diät,3569,ext,115,diät
korb,korb,3570,ext,115,korb
bequem,bequem,3571,ext,115,bequem
hingegangen,hingegangen,3572,ext,115,hingegangen
heiligen,heilige,3575,ext,115,heilige;heiligen
benzin,benzin,3576,ext,115,benzin
spuren,spuren,3578,ext,115,spuren
sanft,sanft,3580,ext,115,sanft
elend,elend,3581,ext,115,elend
ungarisch,ungarisch,3582,ext,115,ungarisch
kommunikation,kommunikation,3585,ext,114,kommunikation
flaschen,flaschen,3586,ext,114,flaschen
stich,stich,3588,ext,114,stich
werbung,werbung,3589,ext,114,werbung
mitteilen,mitteilen,3590,ext,114,mitteilen
übung,übung,3592,ext,114,übung
unterhaltung,unterhaltung,3593,ext,114,unterhaltung
meilen,meilen,3594,ext,114,meilen
fels,felsen,3595,ext,114,felsen
kerze,kerze,3597,ext,114,kerze
bezweifle,bezweifle,3598,ext,114,bezweifle
weht,weht,3599,ext,114,weht
untersuchen,untersuchen,3601,ext,114,untersuchen
bestimmt,bestimmten,3602,ext,114,bestimmten
schießen,schießen,3604,ext,114,schießen
vegetarier,vegetarier,3605,ext,114,vegetarier
besprechung,besprechung,3607,ext,114,besprechung
jupiter,jupiter,3609,ext,114,jupiter
drogen,drogen,3611,ext,114,drogen
stieß,stieß,3612,ext,114,stieß
weitermachen,weitermachen,3613,ext,114,weitermachen
begraben,begraben,3614,ext,114,begraben
verpflichtet,verpflichtet,3615,ext,114,verpflichtet
herrscht,herrschte,3618,ext,114,herrschte
güte,güte,3620,ext,114,güte
einzelheit,einzelheiten,3621,ext,114,einzelheiten
französischlehrer,französischlehrer,3622,ext,114,französischlehrer
gestritten,gestritten,3626,ext,113,gestritten
liter,liter,3627,ext,113,liter
packt,packte,3628,ext,113,packte
waschmaschine,waschmaschine,3631,ext,113,waschmaschine
inn,innen,3632,ext,113,innen
züge,züge,3634,ext,113,züge
heutige,heutige,3636,ext,113,heutige
kreis,kreis,3637,ext,113,kreis
abenteuer,abenteuer,3638,ext,113,abenteuer
pilz,pilze,3639,ext,113,pilze
kenntnis,kenntnis,3640,ext,113,kenntnis
optimistisch,optimistisch,3641,ext,113,optimistisch
moschee,moschee,3642,ext,113,moschee
anzunehmen,anzunehmen,3643,ext,112,anzunehmen
spüren,spüren,3644,ext,112,spüren
sommerferien,sommerferien,3645,ext,112,sommerferien
briefmarken,briefmarken,3646,ext,112,briefmarken
gläser,gläser,3647,ext,112,gläser
sünd,sünde,3648,ext,112,sünde
technik,technik,3652,ext,112,technik
ärgern,ärgern,3653,ext,112,ärgern
zwiebeln,zwiebeln,3654,ext,112,zwiebeln
amt,amt,3655,ext,112,amt
gestochen,gestochen,3657,ext,112,gestochen
beruhen,beruht,3659,ext,111,beruht
schockiert,schockiert,3660,ext,111,schockiert
tassen,tassen,3661,ext,111,tassen
mahlzeit,mahlzeit,3665,ext,111,mahlzeit
ägypten,ägypten,3666,ext,111,ägypten
kugel,kugel,3668,ext,111,kugel
wettbewerb,wettbewerb,3670,ext,111,wettbewerb
treu,treu,3671,ext,111,treu
wandt,wandte,3673,ext,111,wandte
wies,wiese,3676,ext,111,wiese
abwasch,abwasch,3677,ext,111,abwasch
zeitlang,zeitlang,3679,ext,111,zeitlang
hex,hexe,3680,ext,111,hexe
fehlt,fehlte,3681,ext,110,fehlte
schlacht,schlacht,3682,ext,110,schlacht
david,david,3683,ext,110,david
leistung,leistung,3684,ext,110,leistung
zwang,zwang,3685,ext,110,zwang
klapp,klappe,3686,ext,110,klappe
jagen,jagen,3687,ext,110,jagen
hinterher,hinterher,3688,ext,110,hinterher
mieten,mieten,3692,ext,110,mieten
schrei,schrei,3693,ext,110,schrei
ehrlichkeit,ehrlichkeit,3694,ext,110,ehrlichkeit
parkplatz,parkplatz,3695,ext,110,parkplatz
eimer,eimer,3696,ext,110,eimer
schweden,schweden,3697,ext,110,schweden
leiche,leiche,3701,ext,110,leiche
umgang,umgang,3702,ext,110,umgang
ausreichen,ausreichend,3703,ext,110,ausreichend
grundlage,grundlage,3704,ext,110,grundlage
lohn,lohn,3705,ext,110,lohn
abhalten,abhalten,3706,ext,110,abhalten
rache,rache,3708,ext,110,rache
überprüfen,überprüfen,3709,ext,110,überprüfen
entfernung,entfernung,3712,ext,110,entfernung
speisen,speisen,3713,ext,110,speisen
partner,partner,3714,ext,110,partner
finnland,finnland,3715,ext,110,finnland
wilhelm,wilhelm,3716,ext,110,wilhelm
lud,lud,3717,ext,110,lud
ißt,ißt,3718,ext,110,ißt
unerträglich,unerträglich,3719,ext,109,unerträglich
schadet,schadet,3720,ext,109,schadet
veränderung,veränderung,3721,ext,109,veränderung
klimaanlage,klimaanlage,3726,ext,109,klimaanlage
kapitel,kapitel,3728,ext,109,kapitel
mord,mord,3729,ext,109,mord
durcheinander,durcheinander,3730,ext,109,durcheinander
islam,islam,3733,ext,109,islam
guck,guck,3734,ext,109,guck
herzlich,herzlichen,3736,ext,108,herzlichen;herzlich
konto,konto,3737,ext,108,konto
schalt,schalte,3739,ext,108,schalte
linda,linda,3740,ext,108,linda
wörtern,wörtern,3741,ext,108,wörtern
blühen,blühen,3744,ext,108,blühen
klassenkamerad,klassenkameraden,3745,ext,108,klassenkameraden
aufrichtig,aufrichtig,3747,ext,108,aufrichtig
sendung,sendung,3748,ext,108,sendung
spur,spur,3750,ext,108,spur
nützen,nützt,3752,ext,108,nützt
daneben,daneben,3753,ext,108,daneben
läßt,läßt,3754,ext,108,läßt
passwort,passwort,3755,ext,107,passwort
sonnenuntergang,sonnenuntergang,3758,ext,107,sonnenuntergang
ablehnen,ablehnen,3760,ext,107,ablehnen
aßen,aßen,3761,ext,107,aßen
sessel,sessel,3762,ext,107,sessel
entstand,entstanden,3763,ext,107,entstanden
klaren,klaren,3765,ext,107,klaren
hinzufügen,hinzufügen,3766,ext,107,hinzufügen
original,original,3768,ext,107,original
vorfall,vorfall,3769,ext,107,vorfall
trugen,trugen,3770,ext,107,trugen
sonnenbrille,sonnenbrille,3771,ext,107,sonnenbrille
befehl,befehl,3772,ext,107,befehl
schmidt,schmidt,3777,ext,107,schmidt
sämtliche,sämtliche,3778,ext,107,sämtliche
kissen,kissen,3779,ext,107,kissen
zuzuhören,zuzuhören,3780,ext,107,zuzuhören
marika,marika,3781,ext,107,marika
online,online,3782,ext,106,online
les,leser,3783,ext,106,leser
geschwindigkeit,geschwindigkeit,3785,ext,106,geschwindigkeit
erwartung,erwartungen,3786,ext,106,erwartungen
kürzlich,kürzlich,3787,ext,106,kürzlich
mitleid,mitleid,3788,ext,106,mitleid
neid,neid,3790,ext,106,neid
brand,brand,3792,ext,106,brand
überreden,überreden,3793,ext,106,überreden
stinken,stinkt,3796,ext,106,stinkt
reagieren,reagieren,3797,ext,106,reagieren
tal,tal,3799,ext,106,tal
allergisch,allergisch,3800,ext,106,allergisch
golden,goldene,3802,ext,106,goldene
klauen,geklaut,3803,ext,106,geklaut
stress,stress,3804,ext,106,stress
empfang,empfangen,3805,ext,106,empfangen
reiten,reiten,3806,ext,106,reiten
dasein,dasein,3807,ext,106,dasein
zulassen,zulassen,3808,ext,106,zulassen
zurzeit,zurzeit,3811,ext,105,zurzeit
ärgert,ärgert,3812,ext,105,ärgert
gehorchen,gehorchen,3813,ext,105,gehorchen
studentin,studentin,3814,ext,105,studentin
fordert,forderte,3816,ext,105,forderte
langweilen,langweilen,3817,ext,105,langweilen
kontrollieren,kontrollieren,3819,ext,105,kontrollieren
kranken,kranken,3820,ext,105,kranken
bellen,bellen,3821,ext,105,bellen
mexiko,mexiko,3823,ext,105,mexiko
schoss,schoss,3824,ext,105,schoss
wiederkommen,wiederkommen,3826,ext,105,wiederkommen
bach,bach,3827,ext,105,bach
gegensatz,gegensatz,3830,ext,105,gegensatz
tropfen,tropfen,3831,ext,105,tropfen
nachbarin,nachbarin,3832,ext,105,nachbarin
kritisieren,kritisiert,3833,ext,105,kritisiert
sandwich,sandwich,3836,ext,105,sandwich
jedesmal,jedesmal,3838,ext,105,jedesmal
fantasie,fantasie,3839,ext,104,fantasie
überaus,überaus,3840,ext,104,überaus
respektieren,respektieren,3842,ext,104,respektieren
schwäche,schwäche,3844,ext,104,schwäche
scheidung,scheidung,3847,ext,104,scheidung
sechzig,sechzig,3848,ext,104,sechzig
angehen,angeht,3850,ext,104,angeht
klopft,klopfte,3851,ext,104,klopfte
widerstehen,widerstehen,3853,ext,104,widerstehen
gewechselt,gewechselt,3854,ext,104,gewechselt
gelangen,gelangen,3855,ext,104,gelangen
verwandelt,verwandelt,3856,ext,104,verwandelt
ausreden,ausreden,3857,ext,104,ausreden
außen,außen,3859,ext,104,außen
gewinn,gewinn,3860,ext,104,gewinn
aufzugeben,aufzugeben,3861,ext,104,aufzugeben
durstig,durstig,3864,ext,104,durstig
belog,belogen,3865,ext,104,belogen
hintern,hintern,3868,ext,104,hintern
vermute,vermute,3870,ext,103,vermute
änderung,änderungen,3871,ext,103,änderungen
braut,braut,3872,ext,103,braut
schwul,schwul,3873,ext,103,schwul
schaltet,schaltete,3877,ext,103,schaltete
figur,figur,3879,ext,103,figur
balkon,balkon,3880,ext,103,balkon
abhängig,abhängig,3881,ext,103,abhängig
posten,posten,3883,ext,103,posten
einstellen,einstellen,3884,ext,103,einstellen
ruhm,ruhm,3885,ext,103,ruhm
virus,virus,3886,ext,103,virus
umstände,umstände,3888,ext,103,umstände
neigen,neigt,3889,ext,103,neigt
behandlung,behandlung,3891,ext,103,behandlung
minister,minister,3893,ext,103,minister
heimweg,heimweg,3894,ext,103,heimweg
rucksack,rucksack,3897,ext,102,rucksack
behauptet,behauptete,3900,ext,102,behauptete
ereignisse,ereignisse,3901,ext,102,ereignisse
hingelegt,hingelegt,3902,ext,102,hingelegt
hawaii,hawaii,3903,ext,102,hawaii
herausgefunden,herausgefunden,3904,ext,102,herausgefunden
erfindung,erfindung,3905,ext,102,erfindung
völker,völker,3907,ext,102,völker
verkauf,verkauf,3908,ext,102,verkauf
eingang,eingang,3909,ext,102,eingang
erschaffen,erschaffen,3910,ext,102,erschaffen
überrascht,überraschte,3912,ext,102,überraschte
handschrift,handschrift,3913,ext,102,handschrift
gründlich,gründlich,3915,ext,102,gründlich
hinsicht,hinsicht,3916,ext,102,hinsicht
bereich,bereich,3917,ext,102,bereich
robert,robert,3918,ext,102,robert
stiefel,stiefel,3919,ext,102,stiefel
vorfahren,vorfahren,3920,ext,102,vorfahren
senden,senden,3921,ext,102,senden
gelaunt,gelaunt,3922,ext,102,gelaunt
wurdest,wurdest,3923,ext,102,wurdest
chancen,chancen,3926,ext,102,chancen
jedermann,jedermann,3927,ext,102,jedermann
beeil,beeil,3931,ext,101,beeil
website,website,3932,ext,101,website
persönlichkeit,persönlichkeit,3934,ext,101,persönlichkeit
nagel,nagel,3935,ext,101,nagel
wölfe,wölfe,3936,ext,101,wölfe
gefeuert,gefeuert,3938,ext,101,gefeuert
material,material,3940,ext,101,material
verletzt,verletzte,3941,ext,101,verletzte
innenstadt,innenstadt,3942,ext,101,innenstadt
verschieben,verschieben,3943,ext,101,verschieben
vergeblich,vergeblich,3945,ext,101,vergeblich
trafen,trafen,3947,ext,101,trafen
beurteilen,beurteilen,3948,ext,101,beurteilen
fotografieren,fotografieren,3950,ext,101,fotografieren
vortrag,vortrag,3951,ext,101,vortrag
eh,eh,3952,ext,101,eh
sehnsucht,sehnsucht,3954,ext,101,sehnsucht
them,themen,3955,ext,101,themen
drittel,drittel,3957,ext,100,drittel
unwissenheit,unwissenheit,3958,ext,100,unwissenheit
plus,plus,3959,ext,100,plus
einkommen,einkommen,3960,ext,100,einkommen
ebenfalls,ebenfalls,3961,ext,100,ebenfalls
organisation,organisation,3963,ext,100,organisation
berühren,berühren,3965,ext,100,berühren;berührt
sekretärin,sekretärin,3966,ext,100,sekretärin
bestellt,bestellte,3967,ext,100,bestellte
sonnenschein,sonnenschein,3968,ext,100,sonnenschein
irgendjemand,irgendjemand,3969,ext,100,irgendjemand
brötchen,brötchen,3970,ext,100,brötchen
unterhielt,unterhielten,3971,ext,100,unterhielten
ca,ca,3973,ext,100,ca
bescheiden,bescheiden,3974,ext,100,bescheiden
ungeduldig,ungeduldig,3978,ext,99,ungeduldig
untersuchung,untersuchung,3980,ext,99,untersuchung
fotoapparat,fotoapparat,3982,ext,99,fotoapparat
neugier,neugier,3983,ext,99,neugier
scher,schere,3984,ext,99,schere
anschauen,anschauen,3985,ext,99,anschauen
spätesten,spätestens,3986,ext,99,spätestens
zugenommen,zugenommen,3988,ext,99,zugenommen
priester,priester,3992,ext,99,priester
auskommen,auskommen,3993,ext,99,auskommen
google,google,3995,ext,99,google
enkel,enkel,3996,ext,99,enkel
zweifellos,zweifellos,3997,ext,98,zweifellos
anhalt,anhalten,3998,ext,98,anhalten
besetzt,besetzt,4000,ext,98,besetzt
