form,sid,alt,de_text
ich,2991389,7048156;9559188;9559189,Ich benötige zweihundertfünfzig Milliliter Sahne.
ist,9440966,987688;2353541;2372052,Ist Mesut Özil Enzo Ferraris Reinkarnation?
die,2163223,8301156;966094;3059468,"Rauch vertreibt die Bienen, Sünde die Engel."
nicht,4785097,1328323;2898772;2130740,"Trink, aber sauf nicht; disputier', aber rauf nicht."
sie,7885789,10854107;13115236;353375,Sie verteilten bunte Säckchen mit verschiedenstem süßen Zeug.
das,1891413,723602;797204;13629889,Das Warnschild besagt: Hochspannung! Vorsicht! Lebensgefahr!
du,750359,1218176;1709275;1716018,"Wusstest du, dass du komische Socken anhattest?"
zu,1766630,2143161;11488856;9400839,Zu hohe Geschwindigkeit führt oftmals zu Autounfällen.
es,8295137,9945761;1730384;2394427,Grundsätzlich bedarf es einer größeren Beteiligung.
er,7781934,861114;2787903;3386354,Er schnitzte eine hölzerne Buddha-Statue.
in,2079205,752955;8634428;2492287,In leeren Häusern regieren Poltergeister.
und,9988114,1515776;12214235;1652604,Bombardierten Außerirdische Sodom und Gomorrha?
ein,2595813,4873832;13654866;3070334,Otohime schenkte Urashima Tarō ein hübsches Schatzkästlein.
hat,628828,637870;9400848;12384703,Osamu Dazai hat Selbstmord begangen.
den,8298040,10295242;6057910;2808499,Albert Einstein erhielt 1921 den Nobelpreis.
wir,403837,754155;4844102;7079010,Wir besichtigten historisch berühmte Orte.
sich,1741007,4861708;1204069;8292880,Schweigend umarmen sich übermüdete Reisende.
dass,5763479,2638323;2326107;750359,"Stimmt es, dass illegale Einwanderer interessierten Bürgern Arbeitsplätze wegnehmen?"
mit,4332376,564411;8726142;1516500,Kekse mit Senf schmecken scheußlich.
auf,11185399,13440342;7272941;1409579,"Kroatien heisst ""Hrvatska"" auf Kroatisch."
was,8098635,8833621;8861109;13943115,Was bedeuten die verwendeten Symbole?
wie,8633462,12121182;2305036;6547263,Wie begann Algeriens ökonomische Krise?
ihr,2249896,3000484;7043391;2389753,Ihr Gesang beschämt einen professionellen Sänger.
von,5919845,8702322;11783258;10782052,Science-Fiction-Leser sind Anhänger von hypothetischen Szenarien.
an,7550173,8295017;524521;851648,Banken verlangen höhere Zinsen für Kredite an riskante Kunden.
als,2339726,3274473;4468249;804485,Nudisten erachten Nacktheit als normal.
so,8775146,9525182;9702243;2798303,So ein Dreck! Ein Mist!
für,1660148,7550173;12416170;639073,Ungarn gewährleistet Voraussetzungen für einen fairen wirtschaftlichen Wettbewerb.
kann,1179260,748807;7795802;2233152,Defensives Fahrverhalten kann Unfälle verhindern.
im,4926463,12495841;1409286;3760574,Im Korridor herrschte absolute Finsternis.
wenn,13906322,13048615;2365718;5731397,"Wenn Hans weint, weint auch Skura."
man,8312266,8875634;5488158;2877856,Man musste schweres Gerät einsetzen.
noch,9495694,11660535;5488137;6309121,Spielst du noch „Pokémon Go“?
aus,989639,1368849;2152376;773034,Hunderte Schiffe liefen aus den amerikanischen Häfen aus.
um,5759070,7326123;1737224;2996037,"Vorsicht! Der Christbaum kippt um, kruzitürken nochmal!"
wird,2869872,12869242;2720377;3232137,"Schweden wird auf Schwedisch ""ˈsværjə"" ausgesprochen."
nach,2637093,3367087;8705987;551822,Estland verbessert den Kinderschutz nach norwegischem Vorbild.
sehr,748689,8742841;8803047;6991206,Dudelsäcke erzeugen einen sehr seltsamen Klang.
nur,2927317,3252996;6374805;9584387,Nur die Unwissenden verachten die Bildung.
aber,728333,8767797;10853748;4785097,"""Nattō"" stinkt furchtbar, aber schmeckt ausgezeichnet."
meine,2761356,6134876;10983876;3542064,Meine Netzpostadresse lautet hans@karlolo.net.
schon,11539381,1994686;9312585;9815926,Mein Sonnenbrand wirft schon Blasen.
hier,772325,8181867;13922366;8669994,"Hier ist Rhodos, hier springe!"
immer,7023714,8787740;2485364;5083266,Erneuerbare Energie wird immer günstiger.
mehr,605425,14007700;7840393;13823976,"Desto mehr du arbeitest, desto mehr verdienst du."
etwas,12569257,12569258;12855244;1953176,"Dachtest du, du wärst etwas Besonderes?"
des,2778201,2791444;5488155;2446227,Die Krise des Kapitalismus beunruhigt die chinesischen Kommunisten.
vor,6309121,2356933;1881354;8195385,Leif Erikson entdeckte Nordamerika noch vor Christoph Kolumbus.
auch,12167326,813184;2720277;2720279,Muttersprachler fügen auch unnatürliche Übersetzungen hinzu.
keine,483361,2160370;2829142;13627026,Waffen töten keine Menschen. Menschen töten Menschen.
ihn,3456130,4724328;7479632;8815493,Sein asoziales Benehmen isolierte ihn.
warum,8039476,11332004;5865140;621436,Warum blitzt der Blitz und donnert der Donner?
diese,2469948,2692951;784146;2484274,Diese Buchreihe umfasst achtundvierzig Bände.
am,5129654,5256352;560160;13191155,Betrogene Betrüger fluchen am lautesten.
weiß,6643681,5428935;775054;13654821,"Ich weiß, worauf ich achten muss."
bei,5488158,5221394;8629193;4437225,Schreibwaren erhält man günstig bei Rossmann.
zum,1218780,2815661;12349718;12400218,Fritz gehörte zum harten Kern.
will,606899,3446339;9871985;5233701,Clive will Elektronik-Ingenieur werden.
gut,753516,783677;5285695;2085314,Gestohlenes Gut gedeiht selten gut.
über,894766,10526939;13493392;1654729,Der Patient klagt über Erschwerung der Erektion.
ihm,1354431,1542465;691393;1881241,Man unterstellte ihm unlautere Absichten.
viel,13542331,1367938;1809267;2858581,Apfelsinen enthalten viel Vitamin C.
heute,3622871,9038733;11083598;436051,Die Erdarbeiter sollen heute die Fundamentgräben ausheben.
oder,10901916,3245142;360847;554594,Überraschende oder unerwartete Anerkennung wirkt doppelt.
tun,7841825,1643172;2423660;3896720,Das sollt ihr selbständig tun!
alles,10293600,12472441;12991972;8734280,Dieser pfiffige Staubsauger schluckt alles: Staub und Flüssigkeiten.
muss,1973344,2969989;383251;8875634,Dreck muss den Misthaufen mehren.
gibt,3072757,5034388;2340133;414342,Süßer Wein gibt sauren Essig.
da,2798780,13808676;10349919;8624874,Da schwärmen die weißen Bienen!
leben,2876173,11899290;8976313;11184449,Liisas Leben hing am seidenen Faden.
wo,12363460,12985758;2581017;5773550,"Wo die Politik anfängt, endet die Anständigkeit."
daß,12569254,12569255;12642654;12642655,"Dachtest du, daß du etwas Besonderes wärst?"
machen,2276729,3101205;10248269;1944162,Gesunde Kompromisse machen aus Konflikten chronische Krankheiten.
zeit,1647677,759069;7857757;10324352,Durchdachte Lösungen sparen letztlich viel Zeit.
sagen,12486024,8231142;7871337;9413524,Nichts sagen! Laßt mich raten!
jetzt,5345690,10747203;2448511;5888935,Politische Analysten fordern jetzt die Ansprache des Präsidenten.
wer,590842,1192618;2260251;5975993,"Wer absichtlich die Zeche prellt, erhält unumgänglich Hausverbot."
bitte,6808994,714673;704624;714659,Kauf bitte eine Packung Spaghetti!
gehen,1412430,3150293;969827;12280899,Stilrichtungen und Moden kommen und gehen.
nie,11144725,701456;788710;790985,Nie Lebensmittel im Zelt aufbewahren!
mal,9690181,2157697;12549759;2299719,Fahr mal die Schubkarre ran!
doch,1253343,1268730;2152558;3401296,Christas Makeup ähnelte doch sehr an Kriegsbemalung.
menschen,5865140,784041;3054104;483361,Warum begehen kluge Menschen Torheiten?
deine,2309693,2814077;4606748;705442,"Durchsuch nochmals deine Taschen, um sicherzugehen."
wieder,3344524,11491511;3220153;6470660,Fabio: „Unbeholfene Tänzer stören immer wieder ihre Genitalien!“
möchte,719821,11868517;11868521;1922312,Bogdan Tanjevic möchte wegen Darmkrebs sein Amt aufgeben.
geld,11887888,2186466;3575564;8014509,Samis Erfindung funktionierte und generierte viel Geld.
morgen,1949100,10535675;2201301;12435779,Heut ist ein Kaufmann morgen ein Bettelmann.
einmal,644396,979094;6534982;945579,Angola war einmal portugiesisches Hoheitsgebiet.
zur,1699372,6631253;714635;8702322,Die Geschwister Scholl gehörten zur Weißen Rose.
müssen,1693354,2765179;1661695;3629802,Wir müssen Quellen erneuerbarer Energie entwickeln.
wirklich,3555532,882641;4965416;5302155,"„Merkwürdig. Wirklich sehr merkwürdig“, sagte Mark."
sehen,2599750,7799589;714326;9141680,Deine Kühe sehen elendig dürr aus.
tag,7992812,13832381;1358252;2234369,Ein Feiertag ist ein arbeitsfreier Tag.
wissen,13631437,13631440;2735091;4924254,Wissen ist ein unermesslicher Schatz.
ohne,1795744,2715245;9828541;1465482,Sie weinte stundenlang ohne aufzuhören.
kommt,1969326,5402032;1812124;1243224,Der hinkende Bote kommt hinterdrein.
dann,9524195,13016583;5989194;2365718,Dann schlachten wir das fette Schwein.
zwei,923644,2628261;365644;4266391,Ein Kilo Ketchup entspricht zwei Kilo Tomaten.
drei,662124,9005530;6149742;12912410,Die Kaution beträgt drei Monatsmieten.
hause,1368514,3900529;2929735;13079335,Sie stammt aus gutem Hause.
selbst,2760639,1511914;6168837;2061168,Nachlässigkeit richtet selbst vorzügliche Anlagen der Natur zugrunde.
bis,1435676,1890288;986127;1541758,Bis jetzt beschaute die Menschenmenge die Szene untätig.
frau,13086665,1947981;8182049;8646296,Die Frau runzelt die Stirn.
essen,8157478,10503040;13307286;10268711,Einer Studie zufolge begünstigt zu schnelles Essen Übergewicht.
haus,5303146,12393916;4804641;6933253,Vor eurem Haus parkt ein schwarzer BMW.
glaube,903907,9739607;2406765;3453121,"Ich glaube, ich habe Durchfall."
durch,11758537,1892145;2299699;13420845,Orthodoxe Christen bevorzugen die Taufe durch Untertauchen.
gerade,8636621,3531927;3702361;8702931,Hast du gerade vierzig Portionen Pudding verspeist?
arbeit,4884243,10612467;396996;703383,Bürokratische Hürden behindern unsere Arbeit.
denn,8805412,12003044;13875371;10526908,Woran hapert es denn noch?
mann,744298,13376117;1932446;1932447,"Der Mann, der herauskam, runzelte die Stirn."
gerne,1762888,1762890;3407362;778067,Ich beuge gerne schwierige Tätigkeitswörter.
welt,11144755,6772720;2804743;2914804,Snoop Dogg ist der berühmteste Kiffer der Welt.
besser,2397388,863888;1923634;9991013,Ananasbonbons schmecken besser als Traubenbonbons.
buch,8845580,6488869;7792837;1714028,Dieses Buch wiegt ein Kilogramm.
helfen,5081296,8447719;945021;11138369,"Yoga kann helfen, Stress zu mindern."
sprechen,10218697,13589463;13817183;13817192,Viele ältere Shanghainesen sprechen Shanghainesisch.
soll,913550,10705758;1574275;2141601,Schlafende Löwen soll man nicht wecken.
ins,1439981,12917243;8434899;1514546,Angenehm kühle Meeresluft strömte ins Zimmer.
lange,1709276,1716017;1946966;1830918,Wir fügen lange Beispiele hinzu.
lassen,1084421,2479409;4842094;12850059,Elektronische Bauteile lassen sich mit reinem Isopropanol reinigen.
toms,7366206,7778219;6936085;5336448,Ich schenkte Toms Warnung keinerlei Beachtung.
kinder,3327082,2330137;3004997;13051469,Die Kinder säubern die Fahrräder.
ob,2634009,2907246;2976562;10645671,Sie seufzte ob ihres traurigen Schicksals.
ganz,485018,5020400;7832407;11771740,Ellen war vom Schock ganz bleich.
ja,5798415,7423321;1030228;810969,Oswald hat ja ein dreifarbiges Meerschweinchen.
auto,1423228,383161;6595927;13420890,Das Auto vollführte eine abrupte Wendung.
oft,1937001,2140242;3061996;2824454,Zwölf Handwerke ergeben oft dreizehn Unglücke.
gestern,12561436,13702377;12841751;1857727,Sie mußten gestern ihre Miete entrichten.
anderen,616900,1685862;1785566;6148668,Der Zigarettenrauch stört die anderen Passagiere.
weg,3499417,7791340;7791341;1384941,Den Weg säumten blühende Traubenkirschen.
liebe,6740471,734536;1643378;1643879,Liebe verwandelt Einsamkeit in Sehnsucht.
einfach,1903405,8292754;5165335;5397504,Das ist einfach — das reinste Kinderspiel.
vater,7078217,11270193;1307301;1425535,"Galileos Vater, Vincenzo Galilei, war ein bekannter Musiker."
wann,780825,8235984;8529649;3944829,Wann gedenkst du mich anzurufen?
ab,1365399,3670929;404746;1239985,Die Zeitungen druckten die Proklamation ab.
französisch,3880584,804704;2938883;2938884,"Ihr sprecht alle Französisch, korrekt?"
dort,8413891,1384925;1545640;5462355,„Hier oder dort entlang?“ – „Hier entlang.“
weil,6079714,1728210;6116697;6582152,"Ich konsumiere, weil ich verbrauchen will."
niemand,13932081,2274863;2134264;3970833,Niemand konnte das mythische Schwert herausziehen.
mutter,1422976,1943640;3752797;5020358,1979 erhielt Mutter Teresa den Friedensnobelpreis.
sollte,8805395,10551078;12975377;8722473,Die Besprechung sollte möglichst zeitnah angesetzt werden.
damit,1236503,1532135;8304878;12378658,Damit löste er schallendes Gelächter aus.
schule,785334,8631410;1781820;6628717,Jane rennt manchmal zur Schule.
leute,1540471,1984152;2948900;2663883,Kranke Leute neigen zu Pessimismus.
uhr,739938,765108;1524035;6583786,Die Wasserballmannschaft trainiert um 5.30 Uhr.
lernen,3129112,2328179;2591931;7556741,Eine Fremdsprache zu lernen erfordert Durchhaltevermögen.
gehört,12497711,2163247;10012242;12653351,Die Ironbridge Gorge („Eisenbrückenschlucht“) gehört zum UNESCO-Weltkulturerbe.
unter,7583531,942645;11956352;12978834,Du stehst unter enormem Stress.
unsere,3583961,3583963;392375;1194390,Unsere berechtigte Forderung beantworteten sie abschlägig.
seit,2711118,7216389;8801239;1418117,Das Lämpchen leuchtet bereits seit mehreren Sekunden.
jeden,3046014,4073040;10236304;3418904,Messe jeden Winkel des Dreieckes.
vom,1507644,619377;2430108;3003425,In ehemaligen Bergbaugebieten künden Abraumhalden vom einstigen Kohleabbau.
hund,1804712,5804570;408564;13341373,"Tom trainierte seinen Hund, Fremde anzubellen."
andere,1557927,2347217;788843;1557936,"Honig enthält Fruktose, Glukose, Maltose, Sacharose und andere Zuckerarten."
frage,2163327,2163328;2163329;2553039,Worauf zielt diese hinterlistige Frage?
jahre,893883,9814362;2110739;2256621,Die Herrschaft von Philipp II. dauerte vierzig Jahre.
wasser,5968245,1825726;1979104;4785105,Ein Liter Wasser wiegt ein Kilogramm.
sicher,3451345,7676645;5786301;9271548,Ein verborgener Schatz liegt sicher.
vielleicht,11213694,5196847;7770816;9685902,Du redest vielleicht einen Schmarren!
sondern,3222923,624554;1865116;1948805,"Erdnüsse sind keine Nüsse, sondern Hülsenfrüchte."
sprache,12684178,13029097;13822944;13958735,Lateinische Dichtung nutzte zur Lebenszeit der Sprache quantitierende Verse.
beim,915214,461729;11969227;10081363,Der Hahn kräht beim Sonnenaufgang.
jemand,8496589,5987856;6013491;5956571,Jemand hat meinen Kommentar gelöscht.
zimmer,3897818,1942626;6021198;1439981,Das FBI verwanzte das Zimmer des Kriminellen heimlich.
freund,7251399,13231713;1854442;2157280,Sami war Farids bester Facebook-Freund.
abend,2698851,3587356;3587357;3453322,Heute Abend in umgekehrter Reihenfolge.
zurück,6149599,3615274;8935334;2730357,Lania kehrte nach Kairo zurück.
gar,7850228,792711;4948430;9844824,Beachten Sie sie gar nicht!
stadt,2672721,594879;5992092;9084112,Hamburg ist Deutschlands zweitgrößte Stadt.
allein,1851804,5113103;6083638;11069532,Bob muss diese Zerreißprobe allein durchstehen.
davon,7452657,7452658;2782504;4695460,Tom bekäme davon eine Depression.
schnell,10534271,12427941;562304;831300,Die Zivilisation schreitet schnell voran.
recht,12752109,2337836;602790;6107535,"„Wau, wau, wau, wau!“ – „Recht hast du, Bello!“"
mädchen,3316735,13374522;2948927;766696,Fröhlich singend flochten die Mädchen aus Weidenruten Körbe.
angst,8977062,9136885;2943726;11079503,Diese Hündin zittert vor Angst.
bleiben,13389049,5073920;5656574;2173004,Die Verbraucher bleiben verunsichert und irritiert.
denke,1983080,8335035;8682463;9933320,"Ich denke, also wisch ich."
wahrheit,3013101,663251;3253371;604688,"Die Wahrheit, offen ausgesprochen, schmerzt."
schön,2890507,8867941;10732338;3997365,"Du erzählst sehr schön, märchenhaft schön."
wohl,1948766,595584;902853;6071264,Häßliche Weiber hüten das Haus wohl.
vergessen,7633644,9988127;12484454;3254618,"Ich habe vergessen, Schreibutensilien mitzubringen."
finden,13936521,13936522;8634466;1902330,Ich will irgendeinen interessanten Stoff finden.
steht,12255549,12472459;8314426;12590512,UFO steht für „unidentifiziertes Flugobjekt“.
fast,7233573,8076373;7857709;10004076,Griechische Statuen sind fast immer nackt.
nacht,9701854,1467911;2917530;12276190,Die Kerze brannte die ganze Nacht.
fehler,9975649,1199548;2606127;3012495,Diese Fehler entstehen aus winzigen Unaufmerksamkeiten.
kaufen,833375,13773221;444353;12816298,Langes Feilschen zwingt nicht zum Kaufen.
gegen,1759732,1864918;2298174;7365829,Barmherzigkeit gegen Wölfe ist Grausamkeit gegen Schafe.
warten,2994739,7459520;1831295;8295161,"Warten Sie, schießen Sie nicht!"
wahr,371852,394245;6375556;2934180,"Eine herrliche Aussicht, nicht wahr?"
paar,12454089,12454090;8791571;9984831,Ein paar Insassen griffen Elias an.
fahren,9472559,13348743;13958447;403670,Die Züge fahren nachts seltener.
augen,353298,9448493;2717784;4892455,Seine Augen verrieten seine Furcht.
woche,1383736,4339517;8651371;11935256,In dieser Woche gelten reduzierte Preise.
weißt,12695741,12737386;7680459;12023457,"Weißt du, worauf du dich da einläßt?"
problem,7856646,979910;12907879;2378608,Alkoholkonsum Minderjähriger ist ein ernstzunehmendes Problem.
zusammen,761951,2601782;5233178;969219,Der Fuchs und der Bär lebten zusammen.
eltern,5767839,5767840;6196896;2068515,Marias Eltern haben komplett durchgedreht.
alt,1055521,425573;6110370;1245975,"2012 ist ""Maggi-Würze"" 125 Jahre alt."
neue,13629381,1617634;3140873;6149742,Beim Scrollen erscheinen neue Inhalte.
englisch,1528309,366475;7001703;397774,Sie lernte mit großem Eifer Englisch.
tür,7983874,816676;5184985;851638,Sophie wird an Claudias Tür klopfen.
land,12420861,1910328;8636897;2121323,„La La Land“ wurde irrtümlicherweise als Sieger verkündet.
genug,6997087,7483387;13043250;2167678,Sie bekamen nicht genug voneinander.
hilfe,1532115,1801265;7186813;3226920,"Johnston verblutete, bevor ihn Hilfe erreichte."
welche,13409121,6603035;7808030;7825490,Welche Windows-Version verwendest du?
erst,7140241,13119931;6115123;5989194,Der Motor muss erst warmlaufen.
passiert,5113839,2064463;3556150;4983360,"Was passiert ist, ist passiert.- Geschehen ist geschehen."
reden,3220166,3973199;13049713;6606860,Das übermäßige Reden ermüdete mich.
darüber,13467503,3412124;5133556;5243977,Darüber haben alle Zeitungen berichtet.
daran,4110593,937526;12463783;13038895,Er fürchtete die bloße Erinnerung daran.
dies,994116,3309896;7808751;915913,"Dies ist eine alberne, überflüssige Fibonacci-Silbenfolge."
darf,5656574,1956748;4216716;12601756,Kein Finanzmarkt darf Wildwest-Gebiet bleiben.
bekommen,1433945,1297253;1970588;674747,"Diogenes probierte nicht, Bewunderung zu bekommen."
lesen,3887969,4938503;644586;1487073,"Lehrt mich das Lesen, Meister!"
schwer,8942800,2826170;3500489;1312325,Menschen ausländischer Herkunft sind schwer betroffen.
wort,10041832,13277791;10852323;11557179,Das russische Wort „jarmarka“ ist holländischen Ursprungs.
große,2664240,651623;6865496;12384739,Große Kälte schadet den Kirschblüten.
dachte,7000049,8968810;8968812;8968814,"Ich dachte, ich wär’ allein."
je,10811996,1070713;2909791;11183319,"Je tiefer die Eindrücke, desto ausdrucksvoller die Prägung."
bruder,836092,9949967;1589491;691752,Mein Bruder polierte das Silber.
scheint,5866975,8301830;13823314;11783791,Hier scheint ein Missverständnis vorzuliegen.
glücklich,3133071,7742144;9814473;4454276,Und sie lebten glücklich immerdar.
zwischen,631897,12337500;3132603;3327742,Zwischen zwei Zwetschgenzweigen zwitschern zwei Zwitscher-Schwalben.
gleich,777882,10959759;2202493;8638722,Diese Eiswürfel werden gleich schmelzen.
darauf,4261319,475547;7999359;13024747,Darauf kann ich dankend verzichten.
dafür,5301606,661643;13340671;1975850,Zahlreiche Beispiele können dafür angeführt werden.
braucht,2423167,10098208;10763019;7577437,"Die meiste Nachsicht übt der, der die wenigste braucht."
liegt,699182,7060165;8653544;4659739,Hokkaidō liegt nördlich von Sendai.
spielen,607269,9997530;5979292;8096512,Mein liebster Zeitvertreib ist Go spielen.
ende,4736077,1308499;11354773;369500,Sie kehrt Ende des Monats heim.
bald,917288,1918422;11784551;1956474,Die Wahlergebnisse werden bald analysiert werden.
während,13887364,438820;6447006;5129644,"Ich schwieg, während ich litt."
dazu,1511384,2837346;1964045;2201665,"Geschickte Diplomatie trägt dazu bei, Kriege abzuwenden."
kaffee,12871074,12910914;2405947;9826374,"„Kaffee?“ – „Nein, lieber ’nen Whisky.“"
früher,5844872,3373196;416122;974931,Angola war früher ein portugiesisches Gebiet.
nein,5749835,674747;609928;906468,"„Sind das Holländer?“ – „Nein, das sind Belgier.“"
nehmen,12369784,1977765;2948130;913640,Viele angehende Weihnachtsmänner nehmen speziellen Unterricht.
einige,527114,7233649;1917766;4922721,Einige Geschäfte senken die Preise.
gefällt,8064632,8292997;3761290;6148668,Baden-Württemberg gefällt mir besser.
arbeiten,12050647,13768240;3690067;1933424,Die Götter arbeiten für die CIA.
hoffe,2829710,369562;8508737;3062548,"Ich hoffe, ich irre mich."
gefallen,8317386,8861699;4638865;10294689,Dem Kaninchen gefallen die Karotten.
heißt,6331272,9969228;9991808;1619139,Der höchste Vulkan Europas heißt Ätna.
australien,7453025,8096645;2705323;6173074,"Tom hofft, nach Australien zurückzukehren."
schwester,13471762,5719677;900478;5989868,Linda ist Michaels nervige kleine Schwester.
gefunden,359424,8941304;13218263;6533656,Meg hat ein vierblättriges Kleeblatt gefunden.
geschichte,11151391,2451890;13584348;1811948,Geschichte ist irreparable Politik: Politik manipulierbare Geschichte.
verstehen,8602787,8848251;12604017;2353799,Wang und Li verstehen sich gut.
einzige,11771653,13609202;2766816;3711098,Zuversicht ist das einzige retional zulässige Lebensgefühl.
meinung,4799246,5966500;662211;2173076,Du änderst Deine Meinung minütlich.
überhaupt,8745762,13185769;787255;935071,Ich übernehme überhaupt keine Verantwortung.
katze,12000036,1658018;3759413;11971772,Die Schwarzfußkatze ist die kleinste afrikanische Katze.
spät,3263545,3263548;8639271;1307301,Der Befehl erging zu spät.
bett,3089104,3760523;4952663;379601,Die Hausschuhe sind unterm Bett.
verloren,12182200,3135640;7939620;10929971,Hunderte Menschen verloren ihre Lebensgrundlage.
zug,7281361,8075029;5107162;1836946,"Bedauere, der Zug hatte Verspätung."
familie,6301817,438346;1638108;12432508,Unsere Familie braucht siebzehn Stühle.
gott,12380783,1528188;406734;4783876,Gott beschützt Narren und Betrunkene.
letzte,12154945,11145509;10906477;3310350,Die letzte Gewinnzahl ist die Fünfundvierzig.
wegen,2168298,2491264;4442516;12432443,Pekka wurde wegen Vergewaltigung verurteilt.
brief,4737461,655038;13667825;2026842,Schick den Brief per Express.
dabei,5511591,396573;8447719;945021,Es kann dabei vieles schiefgehen.
glück,4870419,8106789;1729973;1643825,Spinne am Mittag — Glück am Dritttag.
dinge,12420760,389132;4873407;6400658,Traurige Dinge vergesse ich beim Einschlafen.
satz,7074073,8966606;2115818;2615063,Dieser Satz erscheint sehr reißerisch.
hand,6139759,13878181;8726303;1793826,Sensen dienen zum Rasenmähen per Hand.
lehrer,1878559,730828;8188424;11036558,Viele Gemeinden amerikanischer Ureinwohner benötigen Ärzte und Lehrer.
junge,1219221,10503982;1545047;9996703,Dieser junge Schauspieler ist James Dean.
leicht,10109094,1996488;3086374;1021357,Trockene Blätter sind leicht entzündlich.
genau,1107016,12023457;2115818;5244273,Der Luftfahrtexperte analysierte die Statistiken genau.
zehn,2182617,2182639;5122790;12680659,Zehn Jahrhunderte bilden ein Jahrtausend.
wenig,1399252,6468688;1912473;5959123,Seine weitschweifigen Erklärungen sind wenig hilfreich.
namen,7806615,1870685;8314420;9135601,Setze deinen Namen aufs Formular!
schreiben,966165,11793240;2674308;272,Schreiben Sie ihr Geburtsdatum hierhin.
fertig,13748560,8937245;12536700;12536702,Die Ente ist fertig gebraten.
fenster,9171799,9210246;3568199;10473807,Das Mädchen zerbrach das Fenster.
kaum,11043364,12088370;8297938;13475292,Kaum etwas in Avonlea entging Mrs. Lynde.
kennt,2453145,3472992;13739775;8444315,Maria kennt die klassischen chinesischen Texte auswendig.
sohn,3707816,11942217;11942219;1800437,Mein Sohn ist mein größter Kopfschmerz.
bringen,10797259,12454753;10673248;2160370,Diese Felder bringen reiche Ernte.
eigentlich,5992393,8116288;2134807;4740236,Bildung heißt eigentlich immer Charakterbildung.
danke,6775406,7121716;3235086;1010484,Danke für dein soziales Engagement.
trinken,14008947,9587176;10621755;5389480,Sie husten. Trinken Sie diesen Kräutertee.
hin,373,8047392;8861712;10349537,Hin- und Rückfahrt? Nur Hinfahrt.
fünf,13824039,2762608;756057;1918453,Fünf zum Quadrat ergibt fünfundzwanzig.
richtig,9696537,10716110;12574031;1552144,Ist deine Kopfstütze richtig eingestellt?
bevor,11093772,2223555;3372339;13816415,"Adam war androgyn, bevor Eva erschaffen wurde."
straße,7666118,772416;8387246;13725253,Entlang der Straße wurden Kirschbäume gepflanzt.
kopf,4690063,4892504;6569169;1624490,Das Unfallopfer erlitt Verletzungen am Kopf.
beide,6631564,8290387;13929959;1658136,Wir beide besitzen ein nettes Heim.
halten,12005783,1273403;1194919;10004563,Kirchen halten Gottesdienste über Youtube ab.
treffen,2499607,943024;12099605;2469474,"Egoisten treffen nicht aufeinander, sondern kollidieren."
ziemlich,13981299,1734768;5717014;655088,Kugelblitze sind eine ziemlich seltene Erscheinung.
sofort,13758019,643863;6470660;9966413,Markus hat Jessica sofort verziehen.
weiter,12264451,13149078;1293502;8329380,Israel baut die Trennmauer im Westjordanland weiter.
leid,8223364,5567068;2830359;810730,"Freud muss Leid, Leid muss Freude haben."
manchmal,8850991,10625831;1508146;4417877,Manchmal ist der Stier der Gewinner.
müde,1236145,2142799;2748462;2727048,Sind Protestanten der Bibel müde?
schlafen,1475678,3026124;3062509;719077,Tausende Menschen schlafen bei Eiseskälte im Freien.
bus,704583,351284;372378;594429,Im Bus waren fünfzig Fahrgäste.
wichtig,2523258,9701897;13388422;3574895,Finanzielle Entscheidungen sind sehr wichtig.
sonst,365933,461744;2405176;3300283,"Lauf, sonst verspätest du dich."
nun,9826583,13363016;670567;601582,Fakten sind nun einmal Fakten.
arzt,981899,1787812;2240889;10756956,Ein Arzt untersuchte Herrn Brown.
stunden,8875960,9004798;12711783;2484662,Die Operation dauerte drei Stunden.
bisschen,890350,13401860;9207397;948000,Kauf auf deinem Heimweg ein bisschen Tofu.
tisch,1336136,4683520;817024;1860058,Maru kroch unter dem Tisch hervor.
sorgen,1729910,2622579;2789818;6079687,Hochmut bringt Kummer und Sorgen.
hinter,12927693,1796415;2406756;726927,Die Verhandlungen fanden hinter verschlossenen Türen statt.
eure,13808393,5244039;1600958;2309696,Eure Singerei bereitet mir Kopfschmerzen.
glaubt,7958797,8223169;8473073;13310838,"Glaubt ihr, dass ihr klarkommt?"
sonne,13823314,4974458;4974460;13427614,"Die Sonne scheint, die Zikaden zirpen – herrlich!"
krank,8108946,951481;13873177;8796076,Jedes dritte Schaf ist krank.
beste,2145561,2186924;3125975;7548975,Der fünfte Sketsch ist der drammaturgisch beste.
bereits,2732751,2711118;741310;6561888,Die angegebene Netzpostadresse ist bereits registriert.
nächsten,11064341,11588291;12547866;10190111,Du gehörst zur nächsten Generation.
meisten,8886145,1552724;1718235;6991175,Die meisten Egoisten sind ehemalige Altruisten.
antwort,4640749,7814937;5491294;9787523,Ich erwarte baldmöglichst eure Antwort.
sprachen,13038435,2223724;1453566;12783603,"Estnisch, Finnisch und Ungarisch sind finno-ugrische Sprachen."
schlecht,947343,2825995;12299904;2348388,Ich kann extrem schlecht rückwärts einparken.
tat,12017626,7745593;2868587;1277157,Seine großmütige Tat ist wahrhaftig lobenswert.
los,5204668,659787;8639158;13970358,"Los, los! Nur keine Schüchternheit!"
schwimmen,7309997,12021781;4848388;4848390,Ich interessiere mich für's Schwimmen.
tochter,10196020,10275453;10688151;931287,Mennad versohlte seiner Tochter den Hintern.
minuten,1813199,2182599;2182651;6207514,Wir landen in fünfzehn Minuten.
beschäftigt,1938448,383243;7339658;11078540,Tom ist derzeit furchtbar beschäftigt.
fragte,1556390,9101631;6934152;6366354,"Er fragte sie, warum sie weine."
also,10225088,1132282;2949212;13707860,"Diese Bestandteile sind lipophil, also fettlöslich."
musik,12928041,344866;2779834;4713147,David sang zu trauriger Musik.
niemals,13261179,9977731;2966816;3016667,Sex mit Minderjährigen ist niemals einvernehmlich.
liebt,4846433,8646296;8646298;8646299,Er liebt Sci-Fi-Romane.
film,13754593,1483462;7360751;12671999,Dieser Film ähnelt streckenweise einem Fiebertraum.
draußen,9257997,2975953;2135232;4220048,Sich draußen umziehen ist peinlich.
wagen,2132882,4053462;4834970;8312675,Sein Wagen streifte die Tunnelwand.
verlassen,11857743,11857785;11860838;11857750,Die Ungarn verlassen Ungarn nur ungern.
wohnt,11955479,13079335;8679154;1786782,"Vladimir wohnt in Adrar, im Süden Algeriens."
grund,3867678,3160487;7767890;3497224,"Sonderbar, dass der eigentliche Grund der Grausamkeit Wollust ist."
garten,1697131,5663943;682735;3380133,In Nachbars Garten stolziert ein Goldfasan.
kleine,4739786,6140857;4032989;12381218,Ich sammle kleine Eulen aus verschiedenem Material.
herr,400454,811587;8646298;880116,Herr Ito prüft die Anwesenheit.
besteht,13668553,3122683;808660;1643879,Materie besteht hauptsächlich aus Leere.
versucht,706285,8560910;11870028;13486317,"Er versucht, Selbstmord zu begehen."
stelle,11758574,1493564;7071146;7287431,Die Stelle bietet viele Lohnnebenleistungen.
erde,1022582,11836399;8641607;5144390,Dinosaurier beherrschten einst die Erde.
möglich,756308,4844061;12623899;5791437,Verwende wenn möglich keinen Slang.
tod,8613332,3174905;4863826;944657,Der Tod ist der Schmach vorzuziehen.
marias,3386036,3416662;6060130;5798501,Wie lautete Marias vorehelicher Familienname?
sache,930090,2840645;5318869;442800,Der Atomausstieg ist beschlossene Sache.
spaß,9125360,5661875;1508182;4731573,Entspann dich! Viel Spaß! Viel Vergnügen!
vier,1569500,1604278;4160081;7775042,Vier der dreiundzwanzig Gefangenen entkamen.
deutschland,898612,1855498;4974930;8227248,Mitte Mai herrschen in Deutschland die Eisheiligen.
himmel,4956778,8639181;7783145;1254700,Der Sonnenaufgang malt den Himmel verschiedenfarbig.
spiel,1533288,392430;10535675;10660408,"Arbeit ist Arbeit, Spiel ist Spiel."
endlich,9706425,1102131;11787239;1402744,Der Verdächtige hat endlich geredet.
anders,13965705,1555010;3859929;1171400,Jede Schachfigur bewegt sich anders.
idee,5233749,1558179;5156379;1831911,Die Idee mutete zunächst absurd an.
geboren,1455883,3980686;3988603;932318,George Washington wurde am zweiundzwanzigsten Februar siebzehnhundertzweiunddreißig geboren.
reich,13000738,13000739;12394095;2583076,Ihr Einfluss prägte das Römische Reich tiefgreifend.
kalt,647311,902124;3560477;1310427,"Kalt und trocken, herrlicher Sonnenschein, ein schönes Winterwetter!"
licht,2695809,959971;1737260;2664124,Ein bläuliches Licht erhellte alles Umliegende.
stand,2291493,3510178;989687;746019,Der Karren stand im Schuppen.
brot,4933908,13863516;1946968;672431,Fremdes Brot ist ein herbes Brot.
herz,6098970,11897796;5225955;2038278,Wien war das Herz Österreich-Ungarns.
wahrscheinlich,8286952,8929907;10169189;783083,Die Sicherung ist wahrscheinlich geflogen.
her,8142273,817852;8212650;963160,Kommt her und esst Schokoladenkuchen!
tee,7875204,12493888;1513541;1030228,Zum Tee wurde Gebäck gereicht.
eigenen,13723759,8288125;973879;11237388,Dan will einen eigenen Radiosender gründen.
seite,10774962,7859264;2171486;3705253,Schlag das Lehrbuch auf Seite 50 auf.
wünschte,8091532,8131894;8817395;10242161,"Ich wünschte, du wärest dagewesen!"
japan,444975,1023395;12423354;651623,Japan unterhält diplomatische Beziehungen zu China.
kurz,8762748,3129234;5283617;10161461,Tom war kurz vorm Verdursten.
polizei,812445,990576;12326125;744474,Die Polizei beendete die Prügelei.
bestimmt,341920,7551402;8563083;10262800,Der Lesestoff bestimmt die Leseweise.
außer,12703982,603593;977254;10772965,Außer Kontrolle geratene Züge werden mit Entgleisungsschuhen aufgehalten.
stimmt,2838775,12822737;2127597;5763479,Liisas Verhalten stimmt mich nachdenklich.
baum,1243426,8436115;2686865;1182860,Starke Winde zerrten das Laub vom Baum.
deutsch,340860,441800;4457339;1177858,Niederländisch ist eng verwandt mit Deutsch.
esperanto,8212875,907756;10531898;1900056,Esperanto ist eine beliebte Plansprache.
wetter,2146937,985941;1649680;2348388,Bei stürmischem Wetter sank die Galeere.
gedacht,12896193,3114551;2781143;3590670,"Habt ihr daran gedacht, Sonnencreme einzupacken?"
erzählt,911937,2260887;13427627;13213216,Hermann hat eine lustige Geschichte erzählt.
stimme,6826232,801654;8758963;814937,Ihre Stimme ist deutlich vernehmbar.
fahrrad,331880,10188799;13570631;2180855,Das Fahrrad ist das Meinige.
gesicht,8975664,3970831;12452420;1748708,Maskenträger fassen sich häufiger ins Gesicht.
schuhe,10311997,11719128;6865762;3847453,Die Schuster haben die schlechtesten Schuhe.
platz,720706,1921766;2201721;13725704,Die Menschenmenge füllte den Platz.
langsam,1245348,1949087;10228071;11539660,"Gottes Mühlen mahlen langsam, mahlen aber trefflich fein."
art,2232895,2580856;2868587;2729837,Ihre übermütige Art ärgerte die Anwesenden.
krieg,2176232,10810533;1958846;2167677,Der Krieg ist der Schrecken der Mütter.
falsch,2735278,7866593;8098350;9280375,Die Ware wurde falsch etikettiert.
schüler,12540838,2079919;756070;4046324,Die Schüler lernten viele Gedichte auswendig.
monat,1219206,1796419;5244615;11341768,"Vergangenen Monat hatten wir November, stimmt's?"
zeigen,5797724,11721126;1636896;1913595,"Toms Kraftübungen begannen, Wirkung zu zeigen."
zukunft,10762460,11275679;9775900;1263895,Tom schilderte die Zukunft verführerisch.
muß,13489409,661397;12423354;13878143,Ich muß einen wichtigen Anruf tätigen.
sterben,7873682,905663;1982990;2682028,Meerschweinchen können an Einsamkeit sterben.
bier,944302,1141957;1239553;1969966,Donnerstagabends ist das Bier umsonst.
sommer,12684441,13835423;2927926;518805,Schwalben kündigen den Sommer an.
völlig,11075956,1910636;1584922;4182827,Dan war völlig niedergeschlagen vor Liebeskummer.
schlüssel,7865273,1944906;2589762;8763279,Der Schlüssel ist an der Rezeption abzuholen.
bereit,1552353,2202530;3557117;3557118,"Major Anderson war bereit, die Kämpfe einzustellen."
erfolg,5591628,1384423;2672046;6396241,"Erfolg gibt Sicherheit, Sicherheit gibt Erfolg."
fall,6287506,7723674;8175336;9707848,Der Fall wurde außergerichtlich beigelegt.
lust,356616,5166123;9778231;2266630,"Diese Komplimente machen mir Lust, abzuhauen."
milch,7790600,5686153;760488;2991385,Die Milch stillt meinen Durst.
egal,8824317,945228;2228281;8346093,Mir ist das komplett egal.
menge,5132596,686139;396902;10586894,Der Erdrutsch verursachte eine Menge Elend.
tragen,7059787,12147747;12441150;10178797,Maria und Toni tragen sexy Lack und Leder.
bedeutet,2511101,8700763;2801968;435494,Zensur bedeutet: Zutreffendes bitte streichen.
wert,4804643,727385;1194367;572724,Heim und Herd sind Goldes Wert!
plan,1179961,12827589;1976394;2301525,Wird der Plan der Notwendigkeit genügen?
besuchen,11514738,2177512;4808649;8576283,Kann ein Staatsbürger Südkoreas Nordkorea besuchen?
wein,2486177,2215275;3072757;4933910,"Wer Wein säuft — sündigt. Wer Wein trinkt, betet."
teil,8818821,10761678;441087;5488150,Konfrontationen sind Teil von Fadils Alltag.
zwar,13374281,6564845;8144840;5317480,"Maria ist Künstlerin, und zwar Porträtmalerin."
klar,5314177,7549431;2506949;2170025,Habe ich mich einigermaßen klar ausgedrückt?
welches,9016756,1922312;2859273;11093769,Welches Team feuern Sie an?
etwa,976099,11005011;2344926;2673639,Die Ananasfrucht misst etwa 15 Zentimeter.
wohin,12526129,6989152;5306146;6644817,"Man muß hier aufpassen, wohin man tritt."
interessiert,921980,923553;13918883;1513795,Yoko interessiert sich für Briefmarken.
erinnern,11881518,13660445;6595574;7965926,Sie erinnern sich nicht aneinander.
telefon,13810803,13810804;351623;1231156,Wessen Telefon klingelt da? Meins?
bild,3274913,426310;589915;10737588,Das Bild hing verkehrt herum.
gedanken,6459607,5221152;5680790;9982196,Positive Gedanken führen zu positiven Ergebnissen.
suchen,6725050,12031440;12031441;3251167,Wir suchen händeringend nach Personal.
fuß,7220087,7336154;7336158;1959386,Ein Fuß misst zwölf Zoll.
nachricht,1929834,2756140;801144;2290347,Die Nachricht verursachte mir Unbehagen.
bat,8642966,8898413;8898414;3033612,"Tom bat seinen Zimmergenossen, 911 anzurufen."
weise,13753987,5121037;10434666;3080172,Er verschwand auf mysteriöse Weise.
fest,365429,822088;822089;13329725,Wir steckten stundenlang im Stau fest.
blumen,7026399,1006015;2830393;12564456,"Maria zeichnet Blumen, Tom hingegen Automobile."
darin,10498901,1198457;10620337;2023496,"Connie Lamberts Lieblingsaufgabe besteht darin, ihren beiden Urenkelinnen zuzusehen."
gewöhnlich,5320261,9423310;9423312;1802606,Ich bezahle meine Rechnungen gewöhnlich fristgerecht.
darum,12936104,3395643;4299351;1665387,Darum fühlst du dich minderwertig.
bahnhof,1329600,2224295;7963931;1611825,Sally traf Harry am Bahnhof.
fühle,8896441,936361;9803089;7005125,Ich fühle mich komplett überfordert.
ändern,12495763,7290119;11968350;5267608,Laßt uns das Paßwort ändern!
sinn,2403626,2597601;5096713;1918811,Das ergibt scheinbar keinen Sinn.
schuld,833367,8457443;1597627;922719,"Hunger schwächt, Schuld verursacht Leiden."
sechs,13668847,2619477;3012067;6139768,Zehn plus sechs ergibt sechzehn.
feuer,5063518,12852587;1944971;12779249,Sei Funke! Sei Flamme! Sei Feuer! Brenne mit Leidenschaft!
büro,1728622,1907904;5075431;1976817,Wo ist das nächstgelegene American Express-Büro?
woher,12253178,13624097;13731468;8116288,Woher kommt diese nächtliche Ruhestörung?
vorbei,703371,7808616;8301830;2386967,Knapp daneben ist auch vorbei.
frei,7523546,8775176;2768017;755992,Haltet diese Plätze für Senioren frei!
arm,356531,2263481;4759879;638749,Mein linker Arm ist eingeschlafen.
obwohl,1243312,654400;13918665;812143,"Obwohl Silberfischchen Insekten sind, besitzen sie keine Flügel."
nachdem,1882163,720709;12438170;3526507,"Nachdem ich gebadet hatte, trank ich ein alkoholfreies Getränk."
gewinnen,7885499,2276723;4128553;6211351,Barcelona wird gegen Liverpool gewinnen.
neben,12845753,6041121;7908232;7061774,Der Tempel steht neben der Synagoge.
fluss,13813475,3749027;5632225;6185164,Der Amazonas ist der weltweit längste Fluss.
rauchen,1513551,1548571;3574523;8135602,Rauchen ist hier strengstens untersagt.
computer,13757195,9685362;13723273;13308888,Ein Computer ist ein modernes Gerät.
wohnung,7058701,8313627;930293;9847416,Unsere Wohnung ist spartanisch eingerichtet.
meer,8736874,5144371;12493878;11526896,Karl badet gerne im Meer.
regen,10274904,1498486;2319085;942992,Von der Traufe tropft der Regen.
hoch,13342321,944686;11580357;11817946,Das Risiko weiterer Feuerausbrüche ist hoch.
montag,825047,9934607;13659613;13678397,Wir segeln am Montag nach San Francisco.
dollar,3714885,658188;1363019;9780227,Ich bezahlte zweihundert Dollar Steuern.
erklären,7777183,8220447;1927503;4834971,Lass mich meinen Standpunkt erklären.
stolz,2791837,369620;7635991;5059730,Übertreibe Stolz und Strenge nicht!
name,2408980,3256466;6126853;9110998,„Hayastan“ ist Armeniens Name auf Armenisch.
sieben,13897114,8221203;13079291;2734518,Die 50-Pence-Münze hat sieben abgerundete Ecken.
lachen,481136,1985537;1985538;6933253,Sein kindliches Lachen ist liebenswert.
natürlich,771787,1437804;8290998;13679361,Natürlich sollte der Ertrag die Produktionskosten übersteigen.
allem,8291215,739476;2140734;12349633,Benötigt wird vor allem Trinkwasser.
reise,9141641,9997459;1194382;8547541,Die Reise erfolgt ohne Begleitung.
kuchen,3009057,757776;5996916;762286,Der Kuchen wimmelte von Ameisen.
haare,2176470,410049;7769594;632882,Die Friseurin frisierte der Braut die Haare.
natur,10145827,2760639;11340435;2130932,Der Weltuntergang wirtschaftlicher Natur ist abgesagt.
lage,2283974,2639121;4576617;8676402,Die Lage verschlechtert sich dramatisch.
unterschied,2083018,2708178;4249441;2083073,Zwischen ihnen bestand ein minimaler Unterschied.
statt,9275901,10098208;8157417;8643471,Ich verwende zum Braten Öl statt Margarine.
zog,975993,13076914;13322720;13488947,Hoover zog amerikanische Truppen aus Nicaragua zurück.
stark,3164603,12721324;1357834;11201859,Ich reagiere stark allergisch auf Erdnüsse.
gebeten,12621791,12621792;13695394;7205992,"Wer hat euch gebeten, euch einzumischen?"
gestorben,552233,899407;11901962;10282197,Maciek ist im Dezember gestorben.
heiraten,426777,1639148;1754245;541787,Sie wird am 4. Juni Hrn. Johnson heiraten.
dorthin,2340205,6786937;2323428;12175292,Kann man per Rad dorthin gelangen?
singen,2163221,12843351;2163212;10496240,"Singe, so lernst du singen."
erfahren,2112180,13577501;6099002;1729973,"Not macht geschickt, Not macht erfahren."
besonders,6108418,7407684;1294101;534994,Gehirnzellen sind besonders empfindlich gegenüber Sauerstoffmangel.
gegenüber,13817045,1908115;776171;636142,Die örtliche Bevölkerung verhielt sich Fremden gegenüber misstrauisch.
selten,1812040,6098913;753516;2140242,Echte Nachtmenschen sind selten anzutreffen.
gefragt,8727196,13745675;5083567;12862986,Hat Karl dich etwas gefragt?
überrascht,2296171,637342;1645611;12185304,"Ich war überrascht, es brennend vorzufinden."
moment,2342103,2931818;2338857;905483,Ich bezweifle Ihre Ehrlichkeit keinen Moment.
plötzlich,2695717,2055932;8015430;13725348,Plötzlich erleuchtete eine grellweiße Helligkeit alles ringsum.
freude,1404719,5153378;4669345;810733,Sie reagierten mit überschäumender Freude.
voller,4874726,3324603;2826170;2163850,Seine rhetorischen Ergüsse sind voller banaler Ausdrücke.
schwierig,11163721,12245075;13600458;2948494,Schlechte Gewohnheiten abzulegen ist schwierig.
wieviel,14011247,12634764;12634768;12634770,Wieviel Verkehr hat Ihre Website?
boden,1831831,1910275;7798099;1862665,Saurer Boden wird von Asche neutralisiert.
überall,13064329,3803531;3803532;8054074,Leon hat überall Kameras installiert.
erwartet,372830,591988;10244209;12928226,Sie erwartet sehnsüchtig die Rückkehr ihres Ehemannes.
krankenhaus,7712359,9373668;925131;2319247,Sie begleitete mich freundlicherweise zum Krankenhaus.
geschehen,3817840,697933;8124368;615510,"Was geschehen wird, wird geschehen."
winter,399512,13388600;13597201;10236304,Trage im Winter warme Kleidung.
unfall,7637062,2224644;4757338;793791,Tom beschrieb den Unfall detailliert.
sogar,525691,7185682;2068390;399729,Sogar Diebe haben einen Ehrenkodex.
nähe,10926252,1242579;8990767;12276276,Ein Tiger streift in der Nähe umher.
verlieren,13635395,9052786;1216778;4128553,Verlieren Sie den Bezug zur Realität?
luft,2734661,2754334;5983254;4954250,Die Morgensonne erfüllt die Luft mit Goldstaub.
manche,775381,1584922;5310493;761484,"Manche Salze stammen aus Bergwerken, manche aus Wasser."
tot,8803177,778482;2708177;10282192,Seine Braut wurde tot aufgefunden.
saß,12638290,1848652;3054019;867770,Mitten im Spinnennetz saß eine Spinne.
solche,835730,2160718;2691596;2710676,Ihr dürft nicht solche Kindereien treiben.
eher,7088207,8303511;1252766;4070367,Das Resultat war eher bescheiden.
schaffen,1693352,8392083;3295112;627278,Wir müssen Quellen erneuerbarer Energie schaffen.
abendessen,3117224,13021209;12603070;13310783,Wir nahmen ein sehr köstliches Abendessen ein.
nachmittag,1948583,4889434;3344602;5150374,Maria faltete den ganzen Nachmittag bunte Papierkraniche.
park,12186474,13020577;11504186;11566751,Der Park ist dicht bewaldet.
laufen,8837200,2160373;345031;9933322,Die Menschen laufen geschäftig umher.
übersetzen,11886859,13026488;13541432;715906,Übersetzen ist ein hochkomplexer Vorgang.
zufrieden,812659,816477;737352;369167,Jane sieht sehr zufrieden aus.
bezahlen,6105098,656431;7750583;392548,Bezahlen Sie vorzugsweise auf elektronischem Weg.
weder,8691300,4879564;9345100;12031851,Tom achtet weder die Lebenden noch die Toten.
stellte,7705526,12755016;12755018;13069010,Bill stellte den Rauchkonsum ein.
begann,2493166,459743;7932511;8633462,Allmählich begann der Nebel aufzusteigen.
rat,11275692,1847084;6002798;7478381,Befolge den Rat deines Arztes.
wald,6053688,968400;10308635;3766390,Maria tanzte im Mondenschein im Wald.
elke,6477083,8826639;7468647;7468176,Maria und Elke waren zueinander passend gekleidet.
wochenende,1737089,12496110;12497140;2658233,Herr Satō übt am Wochenende immer Bogenschießen.
pferd,5551205,5806457;12464010;1754928,Ein Krähenfluch tötet ein Pferd nicht.
geschenk,7146716,8097286;2457195;10025124,Könnten Sie sie als Geschenk verpacken?
froh,5442163,7057075;5856618;784584,"Wir sind froh, Tom hierzuhaben."
genauso,8294734,12280905;2654052;2428212,Donald Trumps Frisur ist genauso haarsträubend wie seine Persönlichkeit.
laut,1750011,2348652;2348654;12909820,Rasch dahinfliegend zwitschern die Vögel laut.
acht,8728394,979633;7775042;817529,Acht minus drei ergibt fünf.
küche,5791243,6037115;6874779;4870197,Die kanadische Küche ist grauenhaft.
könig,1589497,2720462;7754912;1281168,"Der König befahl, den Gefangenen freizulassen."
ruhe,2506314,7107233;2186792;2443907,Sein Organismus verlangte nach Ruhe.
person,4177809,4823025;724281;8636253,Paul ist eine freundliche Person.
tiere,3474462,464726;7808254;761484,Kühe gelten in Indien als heilige Tiere.
befindet,12754189,8516784;1789953;8629236,Am Eingang christlicher Kirchen befindet sich ein Weihwasserbecken.
vertrauen,1249366,6820727;2046502;2602440,"Vertrauen ist gut, Kontrolle ist besser!"
mund,13852639,6030213;888595;13687223,Lach nicht mit offenem Mund.
geburtstag,7846340,82;2328493;2379944,Herzlichen Glückwunsch zum runden Geburtstag!
traum,9870816,370095;672671;341244,Unser Vorteilsbegehren entwertet den Weltfrieden zum illusorischen Traum.
ziel,1929695,683968;795779;8294989,Letztendlich erreichte er sein Ziel.
lied,8497928,1426719;5968261;8225285,Das Lied ist urheberrechtlich geschützt.
wind,7238198,4892445;1342725;2168341,Wellen werden meist von Wind erzeugt.
trug,7697057,9831669;393018;403015,Maria trug einen eng anliegenden Pullover.
glas,3771605,3842223;7780718;967310,Gieße mir ein Glas ein!
ahnung,13017259,444475;4895117;2758841,Ich habe keine blasse Ahnung.
fisch,13685606,1585915;2349426;831319,Der größere Fisch verschlingt den kleineren.
zuerst,361081,5331161;9139730;924840,"Wer zuerst kommt, mahlt zuerst."
verdient,3320681,2456383;2498579;12573387,Sie hat höchste Wertschätzung verdient.
damals,1870016,2487406;942396;7013811,Clinton war damals Gouverneur von Arkansas.
ständig,3119776,6785198;8696589;2683467,Er ändert ständig seine Ansichten.
hunger,12596433,2686741;6776762;8221127,Jakob knurrte vor Hunger der Magen.
setzen,2814073,3425149;7448629;901137,Setzen Sie Ihre Unterschrift oberhalb dieser Linie!
kostet,664049,3243962;12885949;4755810,Diese Puppe kostet nur sechzig Cent.
preis,444018,10823987;2894447;10823983,Der Preis des Bildes beträgt 10 Pfund.
verheiratet,13963180,13963191;742528;911984,Waren Adam und Eva verheiratet?
paris,6971886,10157937;12849264;7253678,In Paris galt Benjamin Franklin als ein Hinterwald-Voltaire.
lösen,12279206,2811684;5570327;3752004,Eine Laseroperation kann bestimmte Arten von Sehproblemen lösen.
hut,448930,4510207;5956635;9981320,Er drückte meinen Hut platt.
wütend,719077,12331219;12986568;543596,Farblose grüne Ideen schlafen wütend.
böse,4891276,8372317;10564073;11933033,Tom unterstellte mir böse Absichten.
verliebt,399494,6974772;6084306;6333161,"Wirke ich verliebt, wenn ich rede?"
halb,11470443,11470444;12985632;8100671,"Ich bin halb Ungarin, halb Polin."
kunst,1034415,2403788;1917471;7465832,Die Fachbibliotheken sammeln Schriften zur Kunst.
heiß,5322022,6819718;3560477;3063659,Im Juli ist es üblicherweise heiß.
fleisch,1833080,2407976;6725101;5742016,Im warmen Klima verdirbt Fleisch schnell.
heraus,511903,701072;12859362;1613560,Linda streckte die Zunge heraus.
kleid,6298579,6774851;8262954;353282,Ihr rotes Kleid war einzigartig.
ort,6145956,370901;13070118;13969831,Die Banken sind vor Ort reichlich vertreten.
entscheidung,3143299,6667421;916214;8300305,Stellst du meine Entscheidung infrage?
fing,839713,10187063;2572845;13602818,Er fing sich Montezumas Rache.
brachte,8786851,1951229;380840;7797270,Er brachte seinen Gästen Getränke.
ordnung,1311127,1966720;5426269;2761980,"Genies beherrschen das Chaos, nur Dumme halten Ordnung."
schnee,3154604,4867150;6595935;2209575,Der Schnee glänzte in der Morgensonne.
gesundheit,13696648,595636;3885898;8861737,Stress am Arbeitsplatz beeinträchtigt die Gesundheit.
weinen,2277853,3541833;819497;3835424,"Lache, wenn's nicht zum Weinen reicht."
hotel,9474838,2201721;4540360;13819495,Das Hotel ist bestenfalls zweitklassig.
chef,1538106,2147684;8054146;12183633,Toms Chef fordert viel Arbeitseinsatz.
herum,360582,3995776;9968601;1929703,Du trägst deinen Pullover verkehrt herum.
dessen,10572196,8089819;11271369;2915106,"Wer seine Argumente nicht gründlich begründet, dessen Glaubwürdigkeit schwindet."
situation,2804343,3231961;6150547;2379019,Wird die Krise die Situation verändern?
erreichen,2842467,6774079;12432409;6175332,Wertehaltungen erreichen wir kommunikativ und nicht autoritär.
dumm,3013809,1249392;4895362;7026270,Macht uns die moderne Technik dumm?
prüfung,756069,14013175;2132603;2169923,Die Schüler protestierten gegen die unfaire Prüfung.
staaten,733208,12432479;4645507;764922,Die Vereinigten Staaten pflegen enge Verbindungen zu Mexiko.
stück,4762469,4181864;10172262;2116221,Ein verbranntes Stück Holz brennt von Neuem.
desto,1604934,1984847;10811996;605425,"Je mehr Gesetze, desto mehr Nichtbeachter."
dreißig,2338135,1045227;12925467;2351764,Das tatsächliche Volumen des Lasters beträgt dreißig Kubikmeter.
angekommen,2344895,888408;7876131;12092105,Es ist ein Ausschuss Abgeordneter angekommen.
mama,3556127,7603296;9700275;5990176,Mama hat den Esstisch gedeckt.
hausaufgaben,4115420,6196861;2229471;356083,Sie erledigte ihre Hausaufgaben im Handumdrehen.
tasche,9476445,5614105;11934451;11934452,Diese Tasche kostete sechs Pfund.
freue,7883021,10826174;10826175;12415790,Ich freue mich über Korrekturen.
antworten,11995367,13569856;8208471;2869590,Schreib deine Antworten mit Bleistift.
benutzen,10560524,4922871;1853930;682588,Bitte ausschließlich der Anleitung entsprechend benutzen.
raum,13708453,13904106;400438;1340232,Im Raum herrschte eine ohrenbetäubende Stille.
hoffnung,1784204,1917689;5388622;2330467,Die Hoffnung stirbt bekanntlich zuletzt!
bekannt,7340687,787622;13440459;13440460,Bislang sind keine Nebenwirkungen bekannt.
gestohlen,13563613,2418459;11934470;11934471,"Sie verpfändete den Schmuck, den sie gestohlen hatte."
dorf,1717041,3246107;5346893;13453620,Eine Schlammlawine zerstörte ein österreichisches Dorf.
ernst,6171859,601497;704600;3868005,Konstantin Ernst war Gestaltungsdirektor der Olympischen Winterspiele 2014 in Sotschi.
aufhören,5972063,6642245;10307836;413222,Dieses Geschrei muss sofort aufhören!
verrückt,2783472,11854581;7277785;7335480,Das Häuschen war verrückt und gänzlich auseinandergebrochen.
kamen,383238,3833491;594863;796156,Zur Konfirmation kamen viele Verwandte.
unbedingt,8220452,978;1605883;8589366,Pack unbedingt deinen Badeanzug ein!
restaurant,6571435,7850610;4795886;9049195,Dieses Restaurant akzeptiert nur Bargeld.
laden,1791627,2410886;5166104;5561740,Ich habe Alexanders Laden betreten.
aufgabe,2692969,719128;3106456;1554733,"Talent ist eine Gabe, Charakter eine Aufgabe."
regnet,12717641,399778;9706431;7793527,Es schneit nicht: es regnet.
irgendwo,6096730,11551105;13460379;13790096,"Wenn irgendwo Pilze schmoren, wird der Kriminalist unwillkürlich hellhörig."
fernsehen,12384051,12463610;453984;3477249,Im Fernsehen lief irgendeine doofe Serie.
schwierigkeiten,2190021,3154550;7696951;2426993,Du steckst in gravierenden Schwierigkeiten.
gefühl,12405874,2125591;2942549;7783145,Schwarzweißfilme erwecken ein Gefühl der Nostalgie.
fliegen,4414985,3690280;726927;13842668,"Schmetterlinge, Käfer, Fliegen und Heuschrecken sind Insekten."
ach,12187700,812725;441621;2925206,"Ach, herzlichen Glückwunsch übrigens für deinen Erfolg!"
entschuldigen,8190737,2238053;9591215;9591306,Entschuldigen Sie. Können Sie das wiederholen?
danach,1958447,5037516;3559603;1252438,Danach beginnt die Innentemperatur rasch anzusteigen.
ruhig,2629463,2629465;10738421;379940,"Verhalte dich ruhig und bemühe dich, nicht aufzufallen!"
thema,3748191,1765719;1854121;9936422,Entwerfen Sie eine Unterrichtseinheit zum Thema „Quadratische Gleichungen“.
zeitung,13045895,4826642;662211;2290229,Cáit liest die Zeitung.
nett,13876733,1590628;1313738;3769439,Laßt uns alle nett zueinander sein!
verstand,10350586,2739130;1785968;2834724,Der sogenannte gesunde Verstand ist angeborene ignorantia.
versprochen,8684590,8684592;6936129;12221253,"Du hast versprochen, du wärest da."
klasse,2343733,2484178;2497954;4168294,Dies ist der Klassenlehrer der dritten Klasse.
leisten,8960036,2055311;400627;1680515,"Es ist zwecklos, Widerstand zu leisten!"
wahl,13917812,4059579;949311;682986,Die Wahl wurde verfassungswidrig annuliert.
sonntag,13891285,2369721;13659613;2509304,Am kommenden Sonntag ist Muttertag.
blick,2757430,2682604;935397;13705614,Er richtete seinen Blick gen Westen.
ehe,5661891,1949090;6770423;3035372,Auch die wilde Ehe zähmt.
party,13294763,7157882;772419;3846582,Der Gastgeber der Party hatte einen portugiesischen Akzent.
führen,1103380,11702660;9753457;13868719,Polnische Archäologen führen Ausgrabungen im Sudan durch.
firma,7577403,1434503;1977766;2327089,Diese Firma benötigt dringend einen Strukturwandel.
verkauft,838031,9843117;12825046;783279,Papierservietten verkauft man in Zehnerpackungen.
kochen,2182954,2741520;3270848;3802306,Arme Leute kochen dünne Grütze.
weh,2224063,2996352;2090417;400120,Die linke Schulter tut mir weh.
gewonnen,425600,10230457;10230458;3059464,Die Niederlande haben die Weltmeisterschaft 2010 gewonnen.
verletzt,1900173,5307386;6461036;1204046,Die Flanken des Pferdes sind verletzt.
fehlt,7065967,7632351;5328840;8233948,Ihm fehlt die fachliche Qualifikation.
mehrere,2423574,818314;818315;3140424,Im Tal lagen mehrere Bauernhäuser verstreut.
teuer,1339732,2216288;3755323;4460384,"Wer billig kauft, kauft teuer."
leiden,3257264,833367;9855489;2197218,Überstandner Leiden gedenkt man gern.
farbe,2854364,3869117;9968717;3081700,Cyan ist eine grünlich-blaue Farbe.
gefährlich,10906484,3457306;963791;3143285,Die moosbewachsenen Steine waren gefährlich rutschig.
hasse,399527,5064373;8511146;906394,"""Ich hasse Karotten."" ""Ich auch."""
schiff,13279420,1599689;1960871;6677199,Treibeis verursachte Schäden am Schiff.
seele,2790999,2293411;10551974;11733506,Diese schrecklichen Geschehnisse erschütterten seine Seele.
angefangen,1658994,12175011;1524583;927573,"Die Blätter haben angefangen, die Farben zu verändern."
bescheid,7770011,13382012;13382013;5611955,Sie hat telefonisch Bescheid gesagt.
deshalb,13531310,2253194;7844945;3395642,Deshalb verkaufte sie die Axt nicht.
körper,2683467,6448836;5244899;4820553,Im Körper entstehen ständig freie Radikale.
schmeckt,4980399,659486;1807823;728333,"Dieser Vigoron schmeckt köstlich, Juan!"
schau,1850506,2287817;3567433;8958982,"Schau, deine Schuhbänder sind lose!"
hauptstadt,3591431,6040966;951510;12834717,Priština ist die Hauptstadt Kosovos.
freiheit,5064404,7824135;10706325;2582979,"Freiheit beginnt, wo Ignoranz endet."
frühstück,13684922,1617551;3117214;6946488,Wir genießen sonntags ein gemächliches Frühstück.
miteinander,8860923,9473384;12126128;2071977,Sie trieben es unbändig miteinander.
interessant,6219136,7419677;8292930;6830257,Meine Sommerferien waren interessant und angenehm.
politiker,963765,11702660;9589400;4956653,Der Reporter übte Kritik am Politiker.
anfang,444499,5384396;1729970;3072723,Müßiggang ist aller Laster Anfang.
urlaub,1878493,4807423;2112036;917439,Sie machte Urlaub in Sri Lanka.
tanzen,6047319,867775;3003363;3327741,Jenny kann den Samba tanzen.
schloss,2722340,2722341;8641029;13910584,Die Großmutter schloss die knarrende Gartentür.
nachbarn,3423218,2450297;3495507;8897962,Mögliche WG-Nachbarn sollten das Schlimmste übereinander wissen.
ausland,596477,1762830;13850924;1709265,"Der Konzern plant, ins Ausland zu expandieren."
eier,2941994,469998;1370542;6392093,Ich koche italienische Nockerln ohne Eier.
wörterbuch,989744,7696930;11666295;3068966,Des Weiteren wird ein Wörterbuch vorausgesetzt.
ehrlich,1974868,1264101;10038510;6039665,"Ehrlich währt am längsten, schuftig lebt in Ängsten."
rot,379919,404380;4189403;5340131,Der Stoff war strahlend rot gefärbt.
anrufen,8647593,8914684;923592;13470182,Tom kann uns jederzeit anrufen.
frankreich,8560910,942396;7998887;13702025,"Versucht Frankreich, Algeriens Entwicklung zu verhindern?"
vereinigten,667404,6680894;733208;12432479,Die Vereinigten Staaten verfügen über reichhaltige Bodenschätze.
echt,2929472,8969903;912342;960342,Du hast echt ’n Knall!
tasse,1702655,729770;906146;4865641,Käme euch eine Tasse Tee gelegen?
bank,1004733,12711025;5322026;12991441,Die Bank schließt freitags spät.
lächeln,7164101,989571;2728252;9958224,"Nicken, lächeln – du Blödmann denken!"
erfahrung,1913613,7071216;414235;12986636,Dem jungen Ingenieur fehlte Erfahrung.
jedoch,2225444,8816285;10603464;1807823,"Menschen werden kuriert, Maschinen jedoch repariert."
funktioniert,3259509,12542282;7746816;7785419,Funktioniert dieser Motor mit Wechsel- oder mit Gleichstrom?
kirche,4829899,13408174;13738171;1923597,Der Papst möchte die Selbstbezogenheit der katholischen Kirche vermindern.
strand,1205819,2292650;3664008;13718921,Bob joggt oft am Strand.
geheimnis,341554,796950;1670179;10151981,Das Geheimnis wurde letztendlich gelüftet.
geist,1342106,5275306;5174520;3243968,Der Geist beherrscht die Materie.
passt,11065912,3097500;589909;8302117,Scharfe Sauce passt zu allem.
gebäude,13409787,455631;782141;8501253,Das Gebäude bedarf einer umfassenden Renovierung.
oben,4115168,8627351;1059295;11118795,Der Drache steigt nach oben.
nennen,10593438,11488172;394837;11804852,Die Muslime nennen Jesus Isa.
unmöglich,2499551,758126;5325874;2455702,Ein Entkommen war gänzlich unmöglich.
regierung,436072,13092129;13243584;11379022,Die Regierung ergriff entschlossene Maßnahmen gegen die Inflation.
letztes,1880464,1880462;9639758;595607,Helen hat letztes Jahr die Highschool abgeschlossen.
lehrerin,10121377,10121419;3661623;10033240,"Du sagtest, du wollest Lehrerin werden."
gesellschaft,2850297,1264890;13974437;1733633,Leidet die moderne Gesellschaft unter Schlafentzug?
selber,3163370,6935062;2163252;5395333,Unmögliche Dinge verbieten sich selber.
gefängnis,3703270,6105409;5377384;6207975,"Manche Arbeitgeber zögern, kürzlich aus dem Gefängnis Entlassene einzustellen."
dagegen,6553540,1246927;4843875;12714140,"Erbsensuppe isst man mit Zwieback, Borschtsch dagegen mit Knoblauchpfannküchlein."
offen,3013101,3104624;8295265;8857934,"Die Wahrheit, offen ausgesprochen, schmerzt."
onkel,10119462,1228155;658239;8619043,Mein Onkel spielt hobbymäßig Kricket.
legte,8692989,8846402;10033462;11548150,Karl legte seine Waffe an.
chance,4048861,4803841;6156555;2702022,Ich werde die Chance wahrnehmen.
bloß,3844607,7765228;7860149;10711169,"Wagt bloß nicht, dort hinzugehen."
eingeladen,7460476,8173981;8403538;6461031,Wir sind zur Eröffnungszeremonie eingeladen.
lustig,2215282,3444281;9928228;10539176,Lustig in Ehren darf niemand verwehren.
mühe,1340034,10290204;3028218;6967816,Der Friede ist der täglichen Mühe wert.
wünsche,8001796,4909384;5966605;7457396,Ich wünsche einen wunderschönen Vatertag.
öffnen,10232089,10032140;1698944;3105046,Die Schulen öffnen voraussichtlich wieder im September.
studenten,1944164,2934959;343080;756068,Die ärgsten Studenten werden die frömmsten Prediger.
see,11373158,11504895;11778688;10190027,Der See glänzte im hellen Sonnenlicht.
zahlen,11802100,13079326;1904582;956031,Jakob wählte vier Zahlen aus.
traurig,903001,10165397;12405544;7769588,"Ich war traurig, als ich aufstand."
sobald,7876131,11783763;1775235;12197867,"Er verspricht anzurufen, sobald er angekommen ist."
geschlossen,6719517,6917338;7838588;9198141,Die Geschäfte sind sonntags geschlossen.
brille,5127894,5654996;2749416;11564290,Momentchen! Ich muss die Brille aufsetzen.
folgen,368637,12684179;13918665;10133287,Jagdhunde folgen der Beute mittels ihres ausgeprägten Geruchssinns.
vogel,9135436,979443;2161215;3072753,Der Vogel frisst kleine Insekten.
einander,7743162,1944881;2829277;1019669,Esperantisten nennen einander oft „Genossen“.
flugzeug,9994873,9789738;12301868;1003639,Übergepäck im Flugzeug kostet Aufpreis.
hierher,410986,4197990;7293029;1398380,Zahlreiche berühmte Leute kommen hierher.
solange,1256928,2569661;369562;6195443,"Man hofft, solange man lebt."
apfel,12423455,2926733;3557354;4061432,Den Apfel in Würfel schneiden!
kino,9136072,12114175;8654964;12030125,Tom ging sonntags ins Kino.
geschäft,2724958,5166102;13909097;6571406,Dieses Geschäft ist günstig gelegen.
thomas,8898147,351759;5766268;8687927,Thomas verließ die Versammlung frühzeitig.
weihnachten,7637389,8591473;9044466;11401694,"Wenn Weihnachten, dann George Michael."
nase,3278708,5201781;5897309;8642598,Ein Schweißtropfen rann seine Nase hinunter.
gefahr,1698944,3226557;5287159;5705050,Achtung: Stromschlag-Gefahr. Nicht öffnen!
schrieb,7897223,2913378;13193867;8641012,Tom schrieb seiner Herzallerliebsten Gedichte.
beantworten,2446470,352785;6715099;12448645,Er muss Kens Brief beantworten.
frieden,13976386,12613304;741507;5982268,Ein Frieden ohne Gerechtigkeit ist lediglich ein Waffenstillstand.
jemals,3393933,12629681;3311631;637889,Werden Computer-Übersetzungssysteme jemals menschliche Übersetzer ersetzen?
lügen,4748155,5371834;444862;12976578,Die Fakten strafen seine Behauptung Lügen.
ans,8648395,9583760;11535162;7741507,Sami schwamm zurück ans Ufer.
eis,10303657,13278611;5599314;2125261,Tom wandelt auf dünnem Eis.
mond,12931708,4657276;789082;1434495,Der Mond erleuchtete unseren Hof.
schlaf,1769157,5616900;894799;4932693,Schlaf nicht so dünn angezogen!
europa,13941562,3123462;12441160;596054,Laut Kriegstreibern kann Putin Europa angreifen.
raus,10675590,4067984;4067985;9667066,Ich trage die Mistkübel raus.
teufel,6946182,3270807;614734;613178,Der Teufel sitzt vorm Paradies.
lösung,758815,3841955;9211328;441772,Sie hatte eine mögliche Lösung parat.
mut,2392929,4882697;2406774;2701243,"Man kann Vorsicht Furcht, man kann Mut Leichtfertigkeit nennen."
amerika,820189,943261;486859;737382,Wir importieren Mehl aus Amerika.
verhalten,1344548,12983908;9171804;1267621,Ein solches Verhalten erscheint in höchstem Maße tadelnswert.
spazieren,452246,4964251;1457755;12495700,Estella und ich gehen spazieren.
vorstellen,9960388,342310;12635366;1436951,Lassen Sie mich Sie Schwester Tanaka vorstellen.
bibliothek,5969549,11993452;1550527;6740438,"Bürschchen, lärme nicht in der Bibliothek!"
studieren,913555,2860435;11148473;10688151,Sie wird ab nächstem Frühjahr studieren.
rief,1929823,403274;2453103;2166492,Die Neuigkeit rief große Verwirrung hervor.
enttäuscht,6688664,9984541;8596400;7917953,Tom war aufs höchste enttäuscht.
mittagessen,2831424,7876864;2126121;2682908,Ich werde unsere gemeinsamen Mittagessen vermissen.
übersetzung,655375,724277;8616121;2331537,Warum ist maschinelle Übersetzung nutzlos?
hängt,8370294,9251223;907716;759108,Mitte hängt vom Standpunkt ab.
politik,5790272,11151391;12363460;2451890,Tom hasste die kanadische Politik.
still,2743741,2754334;571653;2389753,Ringsum liegen Wälder unendlich weit und unendlich still.
messer,1453177,2650140;4888247;12351749,Der Metzger schärfte die Messer.
na,13931685,8173403;13970358;1800134,"„Na, ist das was?“ – „’ne Wucht ist das!“"
finger,5337457,841356;8799027;660982,Ihre langgliedrigen Finger haben Ähnlichkeit mit Spinnenbeinen.
kennengelernt,8933628,10010155;12420364;13849472,Wie haben Sie sie kennengelernt?
vögel,8696606,13746127;5611869;4264761,"Adler, Rabe, Eule, Kormoran, Lerche und Falke sind Vögel."
mittag,1401949,9956501;1881111;4870419,Heute Mittag gab es Strammen Max.
erkennen,3860400,1309506;3860401;353299,Ich kann kein Muster erkennen.
beispiel,8627351,9689203;1944891;5374465,Siehe das oben angeführte Beispiel.
ruf,13729120,2206659;4882863;11093683,Tom genießt einen ausgezeichneten Ruf.
trotzdem,2056910,1000115;2234228;1811643,Ich bin trotzdem riesig stolz.
tennis,767269,5388904;6000989;974889,Johann hat ein Naturtalent für Tennis.
zucker,13701124,1662947;352540;6108020,Du verwendest verdammt viel Zucker.
gelegenheit,2475067,1920912;401091;444472,Eine günstige Gelegenheit zieht Verbrecher magisch an.
regeln,12681439,1433946;2129932;4834971,Du versuchst blöde Regeln zu befolgen.
angelegenheit,3755310,8887028;11078422;2384686,Auswanderung ist eine ernste Angelegenheit.
kraft,5829080,13407658;1948812;10816612,Krieg ist Friede. Freiheit ist Sklaverei. Unwissenheit ist Kraft.
entfernt,419082,762210;4023262;11697871,Die Bushaltestelle ist 10 Gehminuten entfernt.
geschickt,9000521,13310869;9057121;986128,Zwei Feuerwehrzüge wurden zum Brandort geschickt.
krankheit,6051116,8861712;9788632;7747952,Skepsis ist eine chronische Krankheit.
großvater,1851139,2179211;4552994;5417640,Bob begegnete ihrem Großvater am frühen Morgen.
foto,483492,2998768;4645793;910490,Dieses Foto wurde in Nara aufgenommen.
hundert,13985969,2182671;3934915;13985973,Ein Rubel entspricht hundert Kopeken.
süß,655337,660454;7088655;4870423,Mary ist süß. Jane ebenfalls.
unternehmen,8262238,907835;12632239;13930568,Samsung ist ein koreanisches Unternehmen.
leuten,8599079,771062;7419730;1921766,Ich bin von ungerechten Leuten umgeben.
schönheit,1422178,4943697;2802240;2550651,"Der Begriff ""Schönheit"" entzieht sich jedwedem Definitionsversuch."
ohren,1402752,3203129;1727031;3076639,Seine Ratschläge stießen auf taube Ohren.
china,4849182,2533226;13711856;13711858,"China und Polen beabsichtigen, ihre strategische Partnerschaft auszubauen."
schlug,444483,1630680;3367388;6461006,Die Armee schlug den Aufstand nieder.
nachts,5020409,776057;9472559;759108,Er schläft tags anstatt nachts.
schließlich,5610332,8311352;3416741;5488139,Schließlich unterschrieb Tom das Dokument.
tief,7841208,12662981;2224627;2493154,Das Publikum war tief ergriffen.
rücken,9237097,11881391;12816265;11881390,Tom klopfte Michel auf den Rücken.
erhalten,2874722,8301803;9846519;13395841,Familien mit Kindern erhalten Familienleistungen.
papa,3104189,583018;7530352;9257128,"Herzlichen Glückwunsch zum Geburtstag, Papa!"
augenblick,2707752,4873493;2435403;5059762,In diesem Augenblick erwachten meine Urinstinkte.
indem,4919204,5187413;6110595;10462834,"Bedenke, womit du dich einverstanden erklärst, indem du schweigst."
zuhause,695471,896989;12593324;4701164,Ich sah Andrea von zuhause weggehen.
deswegen,8547367,876892;2309686;12602743,Man hat mich deswegen kritisiert.
klug,9331257,9944989;2531485;3962839,Meine Klassenkameradin ist sehr klug.
stein,13440336,13440337;455300;5321091,Der Tausendfüßler kroch einen moosbewachsenen Stein hinauf.
großmutter,7242302,2722340;2722341;4785288,Großmutter betreut tagsüber die Kinder.
zweiten,2626246,2966538;10752349;1275422,"Warum verbrannte Gogol den zweiten Band der ""Toten Seelen""?"
feier,11101362,2767932;4584938;8826446,Die Feier geriet aus dem Ruder.
küssen,8631816,12358318;12358320;4333601,Küssen kann den Virus verbreiten.
vorsichtig,1731418,13535354;783397;8898099,Mit Schießpulver muss man überaus vorsichtig umgehen.
zwanzig,1391148,708489;912460;13010667,Anton raucht zwanzig Zigarren am Tag.
ungefähr,7818654,799106;5962323;2485010,Ungefähr dreißig Jugendliche nahmen teil.
schlief,1129993,11809832;9117622;13564322,"Als Markus ankam, schlief ich."
erledigen,5994108,5994110;12595181;9685362,Lass mich die unangenehmen Aufgaben erledigen.
gilt,5064299,1343391;401436;7778277,"Aufgrund des Kommutativgesetzes gilt -(-x) = x, 1/(1/x) = x ."
insel,13493257,13713342;2330164;2330169,Der Wetterdienst stationierte Mitarbeiter auf der Insel.
tränen,8728386,801105;8500317;8642275,Zwei Tränen rannen ihre Wangen hinab.
schweigen,3261179,2469463;10493345;1383477,Einige Augenblicke lang herrschte vielsagendes Schweigen.
eben,7128537,12484550;517951;2455702,Sie haben eben ihre Verlobung bekanntgemacht.
eindruck,1827775,11985149;7339574;7806948,Mindestens haltbar bis ... siehe Eindruck im Deckel.
allzu,4140673,5702349;10725817;1890332,Du scheinst nicht allzu begeistert.
kümmern,399925,6643568;784207;3395488,Lass mich mich darum kümmern.
aufgrund,13400816,4387815;5064299;757174,Aufgrund der Dürre verhungert das Vieh der Region.
träume,6569292,804855;11593431;5392524,Goldene Träume lassen hungrig aufwachen.
wirklichkeit,8217934,13878269;2469462;3703868,"Du versuchst lediglich, der Wirklichkeit zu entfliehen."
kleidung,10190105,6109271;922030;3545842,Laura achtet akribisch auf ihre Kleidung.
wieso,11998152,13664533;8813482;979674,Wieso sind Schweine nicht koscher?
langweilig,4803224,4949893;604922;11549821,"Du bist nicht schüchtern, du bist langweilig!"
vergangenheit,8224039,7953950;1263895;9635506,"Wer die Vergangenheit ignoriert, gefährdet die Zukunft."
dame,2456953,4443511;4697933;1643869,Ich begegnete einer älteren Dame.
entscheiden,2665492,3050395;7105093;834908,Das wird der Vorstand entscheiden.
stets,3029482,2138312;8301819;1185828,Detektiv Columbo trägt stets einen abgenutzen Regenmantel.
flughafen,11881478,11881480;11881482;11881484,Matthew holte Linda am Flughafen ab.
warm,344479,13715517;13715518;5956542,Diese Handschuhe hielten ihre Hände warm.
suppe,7362736,925039;5059756;5059757,Toms Suppe schmeckte überraschend gut.
hemd,6865497,948261;5871035;882641,Dein buntes Hemd ist echt auffallend.
oktober,3697235,7085220;8080208;6373333,Sputnik wurde am 4. Oktober 1957 gestartet.
schließen,1172585,7201550;7273984;704624,Sherlock Holmes konnte vieles aus den kleinsten Kleinigkeiten schließen.
gesetz,5763145,582231;1870883;783083,Das Gesetz bestraft den Verleumder.
pass,3097499,8302116;2664243;369984,Pass auf die Fußgänger auf!
mantel,3226125,5913742;642309;1038051,Der Schneider wendete den Mantel.
wand,3511451,3643084;371756;6619934,Die Wand wurde gelb gestrichen.
roman,1466939,4784167;5941467;404179,Dieser Roman vergrößerte seinen Ruhm.
feind,755453,2482427;9814764;426457,Der Feind bombardierte die Fabrik.
unterhalten,13857193,7267667;1550708;4454546,Wir haben uns ausführlich unterhalten.
liste,8679571,2680304;11592813;1765952,Könntest du diese Liste alphabetisch sortieren?
daher,4375079,6375260;7452689;7869078,Red nicht so geschwollen daher!
zweimal,367994,3976948;1008030;10544708,"Also, zweimal rechts abbiegen, gell?"
fürchte,5298863,8108256;10714265;725437,"Ich fürchte, ich werde deinen Zorn erregen."
normalerweise,3691170,4453561;8631808;1507886,Nudeln werden normalerweise aus Weizenmehl hergestellt.
brücke,7141457,3002355;5731262;6013491,Ein LKW blockierte die Brücke.
zähne,8784172,4002394;6798094;7530888,Karl putzt sich die Zähne.
baby,449208,614150;6622901;646861,Sie gebar ein gesundes Baby.
form,3371441,1490662;2467543;2349007,Monosaccharide sind Kohlenhydrate der einfachsten Form.
freundlich,2079210,2664178;2454563;6216177,"Besser freundlich versagen, als unwillig gewähren."
klavier,6021201,13427209;825048;575882,Das Klavier war verstimmt; es klang fürchterlich.
versuch,8934559,8628867;13773668;13773669,"Versuch mal, es andersrum reinzustecken."
sowohl,8244539,2737405;792457;2000599,Sie verschafften ihr sowohl geistige als auch materielle Unterstützung.
schreibtisch,1104154,11721132;11934543;1372288,Meg räumte den Schreibtisch auf.
rein,2972376,6393156;1706598;6935801,Schwing deinen Arsch hier rein!
oh,635254,1701420;1701421;1237505,"Oh, ewige Anfänger, mischt euch nicht ein!"
entschieden,477266,7532403;12404557;10294576,"Sie entschieden, die Diskussion zu beenden."
berg,6312196,6377099;1737284;5843131,Der höchste Berg Sloweniens ist der Triglav.
euro,6112746,774219;12482163;1787417,"Tausend südkoreanische Won entsprechen etwa 0,80 Euro."
hart,1948751,3394714;12703025;1953553,Hart verdientes Geld geht zäh heraus.
hallo,6059954,632463;632464;12532004,„He!“ – „Hallo!“ – „Was gibt's?“ – „Nichts.“
hälfte,12994293,361525;10946618;9968606,Fünftausend ist die Hälfte von zehntausend.
leihen,4329506,13898025;1712192;1712233,Darf ich dein Mobiltelefon leihen?
verändert,1385111,544621;5866987;2681164,Verändert Wut die Farbe des Halses?
kaputt,3138269,408687;729770;7532443,Das Ladegerät meines Mobiltelefons ist kaputt.
unterricht,11031587,1901208;4453489;12369784,Er gestaltet den Unterricht lebendig.
reichen,10538404,2182933;3865105;1927228,"Sie träumt von reichen, gutaussehenden Typen."
flasche,2405975,2732719;6140578;760215,Diese Flasche fasst einen Dreiviertelliter.
schwarz,371824,7930845;8290891;719877,Der Toast war schwarz verkohlt.
entschuldigung,4954965,5065546;10135513;12472390,Sie boten ihre aufrichtige Entschuldigung an.
betrunken,10576943,12791792;6972115;6972116,Sie haben betrunken getanzt und gesungen.
wählen,2782655,6316343;7869423;13917758,Etwas wählen heißt etwas aufgeben.
tatsächlich,3776757,4089331;748306;10250125,Tatsächlich hat Grant nicht eingewilligt.
gesund,13698759,12164939;10129843;9531452,"Schweineschmalz ist gesund, Margarine ist es nicht."
trotz,2280478,2799913;368217;10362626,Trotz Kostenexplosion wird das Bauvorhaben realisiert.
fühlen,10700746,11445214;11778730;5261852,Millionen Russen fühlen sich betrogen und entmutigt.
gestellt,1708662,3629812;834905;9932344,Sie versorgen sich gänzlich auf sich gestellt.
london,10191002,2006097;9777116;450671,Ist Warschau billiger als London?
stuhl,3180517,882371;9928250;12824244,Dieser Stuhl wurde aus wiederverwertetem Material gefertigt.
koffer,5174173,946185;10111281;835142,Zieh den Gurt um den Koffer fest!
volk,2756954,7021009;770462;4882870,Glückwünsche dem israelischen Volk zum 65. Staatsjubiläum!
verbringen,2763787,5971952;9031891;1717809,Wie verbringen Sie Ihre Freitzeit?
leer,12126085,12936099;407638;6316397,Das Wartezimmer war komplett leer.
fort,3790771,3893865;818317;1040956,Wir setzten die Diskussion fort.
warf,11199631,12599470;2714390;13069436,Der Pizzabäcker warf den Teig.
bedeutung,13892507,1754982;6811713;2362716,Erschließen Sie die Bedeutung des Wortes mithilfe des Kontexts.
geduld,560650,9934091;13635585;903618,Ein Kind großzuziehen verlangt Geduld.
besitzt,1319038,1319041;1910997;3481856,Außerdem besitzt sie künstlerisches Gespür.
blut,949875,11967380;4926454;508934,Blut fließt durch die Adern.
dunkel,13025311,2917822;3010298;4483137,Warum ist das Weltall dunkel?
schicksal,13655683,3508297;701072;13655682,Jenes Meeting hat mein Schicksal besiegelt.
vorschlag,2840975,6866386;8643244;1039707,Der Vorschlag wurde allgemein begrüßt.
klingt,5013085,1860061;1942515;4733659,"Die Lehre klingt, doch's Leben zwingt."
millionen,13682159,13929033;1462386;455467,In Vietnam wurden 86 Millionen Bankkonten gesperrt.
schauen,12725092,10048593;1911178;8468707,Die Menschen schauen gespannt auf die steigenden Pegelstände.
eichhörnchen,922046,10956198;2018199;9209398,Das Eichhörnchen frisst eine Nuss.
hasst,10774929,1866220;5573737;8213969,"Er hasst seinen älteren, erfolgreicheren Bruder."
zweifel,4923261,943216;1427784;8821241,"Mich beschleicht ein Zweifel, mit Neugier gepaart."
irgendwie,1536807,3115408;3349641;8655866,Brian sieht irgendwie niedergeschlagen aus.
gemüse,4110624,11570429;4724715;2293955,"Sie ernährten sich mit frischem, gesundem Gemüse."
universität,1953465,679419;1951229;3472274,Der Lehrplan der Universität deckt Naturwissenschaften und Sozialwissenschaften ab.
taxi,699151,731825;13257560;13257561,Das Taxi holte zwei Fahrgäste ab.
fernseher,1392671,362601;5337389;13540613,Bill hat den Fernseher angemacht.
aß,459284,7327830;7754695;11492678,Midori aß die meisten Orangen.
liebsten,1270443,930380;11898556;13332951,Stephen King ist einer meiner liebsten Schriftsteller.
gebaut,10832284,10832286;11114565;6873568,Irgendein Gymnasiast hat diesen Roboter gebaut.
unrecht,2936117,5013102;1810820;5458375,"Wer Unrecht einfach hinnimmt, fügt ein weiteres hinzu."
sterne,13012629,915221;7335885;5021681,Am Nachthimmel leuchteten die Sterne hell.
verwendet,1578112,11656700;12587898;12587899,"Jazz verwendet die gleichen Noten, die Bach verwendete."
fußball,345484,793521;11718983;12184592,Spielst du Fußball oder Rugby?
beschlossen,12697408,12697411;371176;4878115,"Wir beschlossen, zum Homeschooling überzugehen."
fern,1415879,1821175;867653;1832941,"Er sieht fern, während er bügelt."
frühling,8368771,417000;651139;682701,Pfirsichbäume blühen gewöhnlich im Frühling.
artikel,11236415,367550;3755143;8601102,Er veröffentlicht einen regierungsfeindlichen Artikel.
bericht,796898,8280324;8280325;7907721,Mein Kollege verpfuschte den Bericht.
brach,518615,1237933;9970010;12420514,Ein Schrei brach die Stille.
zufällig,2869448,371830;932384;3135117,Die Fragebögen wurden zufällig verteilt.
nötig,943392,2177519;12553225;1821139,Dieser LKW hat eine Reparatur nötig.
jünger,5412035,370235;5412037;8184930,Ein Kleinstkind ist jünger als ein Kleinkind.
dach,8861023,5699227;979653;6068521,Er kletterte vom Dach herunter.
job,9991456,1083020;12050134;11932160,Mir wurde kein Job angeboten.
japanisch,2514013,7677070;911143;1991010,Toms Japanisch verbessert sich allmählich.
geliebt,1194423,12770248;4020173;10523405,Steve wurde von allen geliebt.
konzert,13709869,4593162;738929;917382,Beim Konzert herrschte ausverkauftes Haus.
bemerkt,2755842,7490030;904929;13646532,Haben Sie etwas Ungewöhnliches bemerkt?
internet,5064127,642916;3130632;778066,Tom mobbt Minderheiten im Internet.
papier,6717831,6819833;1866829;677939,Das Blatt Papier war zerrissen.
schritt,917147,3274459;12869632;12869633,Schritt für Schritt erweitern sich unsere Englischkenntnisse.
übrig,1247407,1978008;8871762;1964295,Sie haben füreinander nichts übrig.
möglichkeit,5838240,6055314;9735622;5663102,Bitte besorgen Sie nach Möglichkeit preiswerte Rückfahrkarten.
amerikaner,13271910,1877743;394837;13381278,Höfliche Amerikaner sind jederzeit höflich.
waschen,1064,367043;626174;9181267,"Schneiden, waschen und föhnen bitte."
brüder,2997984,4474958;782861;9736241,Anyi und Asun sind Brüder.
zahl,8689096,11993854;2718778;6394020,Die Zahl der Tode steigt.
wach,8763346,7026232;788344;3248851,"Los, du Schlafmütze. Wach auf!"
ball,11569461,12187727;13401914;7776563,Der Ball streifte die Latte.
absicht,369301,372920;11836599;7815545,Er deutete seine Absicht an.
lärm,1644912,5230553;7942593;2290918,Schreibmaschinen verursachen eine Menge Lärm.
mindestens,3045979,12755372;12755371;2827978,Mindestens haltbar bis zum zwanzigsten November.
gruppe,1104115,12978859;4779140;2848878,Er unterrichtete eine Gruppe junger Inder.
reparieren,8809306,8841403;9982386;12525562,Können Sie meine Toilette reparieren?
halt,8383399,913684;13408153;13519564,Übersetz und halt die Klappe!
überzeugt,1307371,3586323;3464452;10893718,Ich bin felsenfest davon überzeugt.
hungrig,8645346,959949;2299824;6569292,"Er sagte, er wäre hungrig."
gitarre,13425708,1499489;3519600;12693262,Samis Gitarre ist auf dem Dachboden.
adresse,11857589,8759376;6149600;12608335,Meine IP-Adresse ist statisch.
rechtzeitig,398659,5203651;4303130;670033,"Ich bezweifle, dass Bob rechtzeitig kommt."
handelt,4548925,742824;1759647;8198102,Diese Fernsehsendung handelt von Pinguinen.
karte,3770630,4357826;4956788;13743442,Ich benutze meine VISA-Karte.
dran,13815286,2194261;11295170;12264584,"Denk dran, morgen die Schlüssel zurückzugeben!"
nervös,12647124,12647126;12647127;12647129,"Du klangst nervös, als du anriefst."
planeten,10553262,368646;2160226;13977110,"Die Chemikalien, die den Kühlschrank kühlen, erwärmen den Planeten."
wenigstens,12556302,13530869;3360335;11825088,Jonas hat die Glocke wenigstens zweimal geläutet.
freundschaft,4035429,4983229;1968886;1206390,Verdacht ist der Freundschaft Gift.
beine,5368344,7785286;13207363;11935264,Profiradsportler rasieren sich gewöhnlich die Beine.
offensichtlich,461757,11101367;11391266;8758965,Unsere Diplomatie und Kriegsstrategie waren offensichtlich widersprüchlich.
genannt,12423199,13029665;12349891;5277886,"Eine Nebelwolke, Koma genannt, umgibt den Kometenkern."
worum,2062175,4020259;12564483;1754521,Worum dreht sich die Frage?
meinst,2890608,4112916;13733639;7922114,"Zeige auf den, den du meinst!"
ergebnis,9001010,10162687;4968002;1863019,Das Ergebnis der MRT-Untersuchung war negativ.
punkt,12228264,2193532;724906;10948496,Die Kipferl ist krumm. Punkt!
vergnügen,629252,5349228;3402077;13033981,Mit großem Vergnügen lesen wir Äsops Fabeln.
pünktlich,2840646,13038946;13870409;12261156,Pünktlich sind die Gewissenhaften und die Neugierigen.
pause,2756143,6644838;6644839;347957,Die Pause währte ungewöhnlich lang.
kühlschrank,414510,871911;1924051;10553262,Tu den Tomatensalat in den Kühlschrank.
sicherheit,13961491,5973375;5591628;2942549,Die Zwei-Fakor-Authentifizierung stärkt die Sicherheit von Benutzerkonten.
behalten,931409,10075183;2629595;9584387,"Wer es findet, darf's behalten."
hinaus,13044510,2189770;10166155;2189762,Die politischen Maßnahmen gehen über die Zölle hinaus.
witz,2684887,2067076;1483883;722962,Der Witz ist die Wunderwaffe der Wehrlosen.
neun,4199109,4948806;6328662;1237662,Beethoven hat neun Sinfonien geschrieben.
jugend,344679,948412;2751873;1856457,Ich weine um meine verlorene Jugend.
geändert,518918,8828545;763170;1203193,Attentate haben nie die Weltgeschichte geändert.
getötet,13785859,767193;11971774;5794535,Stefan hat einen Dämon getötet.
freuen,2389787,4908703;6641293;8595864,"Sich freuen heißt, ausschauen nach Gelegenheiten zur Dankbarkeit."
entlassen,1291541,3593959;5156196;921214,General Motors hat 76000 Arbeiter entlassen.
mannschaft,4101048,1590689;2491286;4884816,Die Mannschaft ist ohnehin Mist.
rolle,724473,11918981;5511647;7868993,Arthur hat die Rolle des Bösen.
gespräch,404770,8868603;12292255;4568485,Die Putzfrau unterbrach das Gespräch.
blau,2575677,5400429;967372;1552144,Die Arbeitsplatzhintergrund ist standardmäßig blau.
zuvor,2195658,12414076;12700816;7452836,Ich hatte es tags zuvor gemietet.
dick,3033508,13850970;4421536;735650,Sie bestrich ihren Toast dick mit Honig.
sprich,13534388,7889841;13390337;5366585,Wäge die Konsequenzen ab und sprich anschließend.
derjenige,12427661,12427663;3641937;2871607,"Du warst derjenige, der dahintersteckte."
erlaubt,1860895,1785476;13929016;5164367,In Israel ist sogar Verbotenes erlaubt.
sport,6774818,1712872;4524365;8493314,Ringen war der beliebteste organisierte Sport im antiken Griechenland.
unterscheiden,13461849,13872500;13461868;2577326,Worin unterscheiden sich Dromedare und Trampeltiere?
nutzen,2339782,331693;5099778;12105838,Kernkraftwerke nutzen die Uranspaltung zur Wärmegewinnung aus.
projekt,10104960,3070333;12472514;410135,Service ist kein Projekt. Service ist eine Haltung.
käse,12147172,12267390;5990164;5200219,Mäuse suchen nach kostenlosem Käse.
pflicht,1408118,1910336;2348849;10624318,Die Gesetze einzuhalten ist unsere Pflicht.
wachsen,4891385,8638893;1384925;2554537,Aus kleinen Eicheln wachsen mächtige Eichen.
spanisch,1371624,13873751;2300170;9038597,Achtung: Das chilenische Spanisch kann sich anderswo komisch anhören.
soweit,2195759,2874177;11455994;8662501,"Ich glaube, ich bin soweit."
willkommen,394213,4480350;1105473;8916153,Verehrte Damen und Herren. Willkommen an Bord.
pro,398819,4339517;841034;927583,Ein Brombeerpflücker sammelt 25 Eimer pro Tag.
möglicherweise,1697180,373374;13047818;10761882,Möglicherweise wehen die Winde gerade nicht günstig.
dahin,13651011,2310026;763187;2998091,Seine Begeisterung schwand schnell dahin.
wissenschaft,457103,5319015;5361519;8298041,Wissenschaft basiert auf äußerst sorgfältiger Beobachtung.
unten,396528,3760520;6636482;6822313,"Holz schwimmt, aber Eisen sinkt nach unten."
wunder,8686374,9991766;4210225;2043332,Ein Tropfen Öl wirkt oft Wunder.
wiedersehen,725316,913842;8360797;1308707,Ich werde sie demnächst wiedersehen.
herbst,4884781,4960716;7218464;651139,Blätter werden im Herbst braun.
menschheit,5992674,8225219;8703136;2847954,Die Menschheit ist für die Aeronauten ununterscheidbar.
stieg,2304861,13470788;609248;7010802,Weißer Rauch stieg von der Sixtinischen Kapelle auf.
berlin,626203,7990460;5401904;6920884,Die Spree fließt durch Berlin.
angebot,8292713,1543034;1543035;1214494,Das Angebot wird kontinuierlich weiterentwickelt.
gold,8768132,6606860;1944970;13822942,Aluminium wurde teurer als Gold.
retten,3319632,13279362;12574031;12601704,Niemand vermag mich zu retten.
radio,13893388,4844873;8867951;4859265,Tom reparierte das kaputte Radio.
regel,5956864,12326755;1054806;5956862,Diese Regel wird allerdings hauptsächlich durch zahlreiche Ausnahmen bestätigt.
gemeinsam,8634587,1896099;5976267;8419324,Braut und Bräutigam treten gemeinsam vor den Altar.
interesse,6681878,1546978;2293940;5810537,Künftigen Aufträgen sehen wir mit Interesse entgegen.
links,2835465,4040067;4699858;12797649,Bitte in Fahrtrichtung links aussteigen.
russland,3801613,13918843;2839728;7646108,In Russland galt der julianische Kalender.
besuch,3372495,1304519;4983229;1107187,Ein unangekündigter Besuch bringt unseren Tagesplan durcheinander.
pizza,2003548,360931;3994195;6458367,Ich bestellte telefonisch eine Pizza.
reis,4173286,5990050;4928319;5455437,"Der gekochte Reis ist verdorben, der gebratene verzehrt."
holen,8875106,6989329;6095988;797767,Holen Sie sofort einen Krankenwagen!
einkaufen,783832,10285300;1357152;642523,Mutter ging im Kaufhaus einkaufen.
dennoch,11861669,1625941;1264101;4943748,Quecksilber ist ein Gift; Kinderimpfungen enthalten es dennoch.
täglich,9837609,3497224;7233549;11058774,Ich wechsle täglich mein Handtuch.
dankbar,1816313,10006533;1937903;5982913,Auch spätere Geschlechter werden seiner noch dankbar gedenken.
irgendwelche,4878469,755472;909783;12612017,Hat Tom irgendwelche Fortschritte erzielt?
gäste,2217561,1813592;2664178;7072434,Der Duft kitzelte angenehm in den Nasen der Gäste.
kamera,911501,1642946;2198092;7908212,Meine Kamera kann Videos mit hoher Auflösung aufnehmen.
schatten,1697403,2450356;10905636;2734687,Im Garten spendeten die Rotbuchen angenehmen Schatten.
muttersprache,9136985,12898986;1847035;2996256,Marina ist Russin. Russisch ist ihre Muttersprache.
davor,12698445,12698447;10090981;5964463,"Ich bin Moslime, wobei ich davor Christin war."
schokolade,4843629,10673071;1281191;7932609,Mancherorts werden Schokolade und Paprika als Aphrodisiakum betrachtet.
bewusst,2895783,6029960;13674442;8206889,Als Abteilungsleiter war Markku sich seiner Vorbildfunktion bewusst.
dauert,2893893,11817461;12822787;12822795,Dreißigtausend Tage dauert das Menschenleben.
jener,2771039,1194384;1770496;518919,Diese Linie verläuft parallel zu jener.
new,1191052,1191059;4048896;1814056,Die New Yorker Freiheitsstatue wurde auf deutschem Zement gegründet.
reihe,13448125,2232575;3059976;3059977,Stopp. Sprecht der Reihe nach!
verbracht,2550676,3530297;6219112;9672542,Er wurde nach Guantanamo verbracht.
england,5253863,1881041;904846;5320285,Island schlug England im Achtelfinale.
verboten,8291224,613170;809520;3603835,Bundesweit ist die Einfuhr bestimmter Rassen verboten.
fleißig,9641780,9641782;11968599;1637550,Tom verfolgte fleißig seine Ziele.
ertragen,6018582,6458847;7636315;754392,Er kann Widerspruch nicht ertragen.
sofa,13760127,1224185;2768581;4892460,Dein grüne Teppich vor dem Sofa stinkt!
trank,11854373,11854380;547130;562050,Yanni trank ein Pinnchen Scotch.
text,4127849,4743448;8330738;13950547,Der Text bedarf keiner Kürzung.
präsident,12603063,2382961;4668694;3263743,Paul ist der Präsident der Nani GmbH.
dreimal,8800372,8904671;12058928;9872593,Tom hat dreimal den Fuji bestiegen.
schade,10020102,4459476;8134960;6052441,"Schade, dass du nicht mitkannst."
holz,8228093,2697003;4591705;883013,Feuchtes Holz brennt nicht gut.
grün,9972975,4228991;2798521;363414,Die Wände meines Zimmers sind grün.
verpasst,7636666,8308095;13781940;5068622,Tom hat seinen Flug verpasst.
marie,11093683,3014467;645880;9415378,Die Halsbandaffäre ruinierte Marie-Antoinettes Ruf.
bisher,10712211,1226702;1435674;13086577,Bisher ist alles reibungslos gelaufen.
seltsam,6866093,13275771;3433527;6787580,"Hm, es ist seltsam. Es ist äußerst seltsam."
ebenso,2469746,6202907;9171348;1599581,Diese Kost ist ebenso nahrhaft wie deliziös.
äußerst,716691,2188196;4964972;12387770,Kaiser Nero war ein äußerst böser Tyrann.
taten,2983294,3649692;368530;4302925,Böse Gedanken zeugen böse Taten.
italien,1818253,1644026;10168569;1105469,Italien marschierte 1935 in Äthiopien ein.
richtung,9927841,2742905;10190027;1498410,Ich bewegte mich Richtung Ausgang.
irgendwann,12460172,12820922;12820923;1432188,"Ich verspreche, daß ich irgendwann wiederkommen werde."
drüben,9201918,9976649;3207238;496977,Die Kasse ist dort drüben.
pflanzen,7261068,929738;2687104;1695467,Pflanzen hingen von der Decke herab.
erklärung,12689366,12689367;2485435;547098,Ihre Erklärung ist keineswegs zufriedenstellend.
wunsch,2499057,5656728;2120394;10502243,Sein langjähriger Wunsch ging in Erfüllung.
anwalt,2422456,11496754;2534981;5398694,Der Anwalt redete und redete.
haut,11977637,482101;743955;11670312,Giraffen haben eine dicke Haut.
perfekt,1823191,4738335;4903275;9779404,Du bist wahrlich Fräulein Perfekt!
aufmerksamkeit,12962488,2466503;3455606;3420702,Sie widmeten der Warnung keinerlei Aufmerksamkeit.
nummer,6547982,8809266;685024;2981472,Die Zeit ist die Mörderin Nummer 1.
aussehen,5239000,11108320;12743547;2997683,Ihr blasses Aussehen bereitete mir Sorgen.
schmerz,940231,9414815;2132496;691785,Er verspürte Schmerz und Mitleid.
geraten,12174786,12476611;9047145;414208,Ziris Chef ist in Panik geraten.
kiste,1281384,12386520;1335353;2291511,Die Kiste war primitiv aus Spanholzplatten zusammengezimmert.
zählen,10458264,12508497;10655156;1242746,Schafe zählen hilft beim Einschlafen.
häufig,1904300,13780816;5345840;7013299,Tom entschärft angespannte Situationen häufig mit Humor.
meter,12668616,13435515;13435538;8293862,"Die Breite der Nebenschiffe betrug jeweils 6,08 Meter."
vorher,13159204,4901527;9991450;10040261,Ich habe dich vorher gewarnt.
hübsch,12395110,7413057;762310;8213931,„Sie ist hübsch.“ – „Das ist sie.“
russisch,9136985,12756490;6205463;1709277,Marina ist Russin. Russisch ist ihre Muttersprache.
spiegel,5683435,2283000;10113813;11048370,Eitelkeit: Horizont ist der nächste Spiegel.
heutzutage,1678318,3096945;8634223;2513633,Die Städte sind heutzutage überfüllt.
ähnlich,1079978,11477661;4460153;8413771,Martha's Vineyard sieht Sylt sehr ähnlich.
alkohol,4701241,8684726;9941528;12899280,Ihr Atem stinkt nach Alkohol.
behandelt,2701035,12855607;8295360;13706239,Behandelt behinderte Menschen mit Respekt!
loch,5426234,2342945;12997725;7412993,Aus einem dummen Loch weht dummer Wind.
typ,10169528,13815276;3989328;1401922,Donald Trump ist ein sehr polarisierender Typ.
schach,12585353,10054604;1263992;441597,Schach ist die Akademie des Geistes.
einsam,9981618,3752621;6333162;12331211,"Sie sagt, sie sei einsam."
gebrochen,12401594,6150535;747156;3233600,Ich betrachte den Vertrag als gebrochen.
schmerzen,4945042,8843306;2810980;1586673,Tom leidet an chronischen Schmerzen.
fressen,2174381,3760665;6547263;8182356,Fressen Katzen Fledermäuse oder fressen Fledermäuse Katzen?
worüber,11098866,1179668;10826494;1293342,Tom schwieg – worüber sich Maria ärgerte.
salz,646863,677956;923484;11244030,Salz ist eine nützliche Substanz.
schlimmer,1963482,2362074;1254737;5698096,"Leiden währt nicht immer, Ungeduld macht's schlimmer."
tante,363366,10201769;11526474;1587852,Meine Tante hat das riesige Grundstück geerbt.
mitgebracht,653402,7528441;8689094;4464873,Er hat viele Andenken mitgebracht.
geschenkt,1959383,3835345;13473424;11193363,Lang geborgt ist nicht geschenkt.
streiten,2454608,3388271;1326013;774202,Mit Worten läßt sich trefflich streiten.
teilen,4659738,7488292;7488630;8306102,"Lass uns die Päckchen teilen, okay?"
versteckt,2527751,2527755;1014700;12284635,Der Tiger versteckt sich im Bambus.
irgendetwas,1454137,2755843;674145;7682280,Sie schienen irgendetwas zu betrachten.
wesen,6121685,10938293;13678460;13721038,Ich besitze ein aufgeschlossenes Wesen.
trat,1795983,455578;2834696;10235577,Plötzlich trat ein Umschwung ein.
entweder,5294952,11191082;5838774;13416242,Wähle! Entweder sie oder ich!
verschiedene,1838532,5689512;1855466;576128,Unsere Firma unterstützt verschiedene kulturelle Veranstaltungen.
schrecklich,10298098,1532127;676071;926532,Das Fleisch roch schrecklich vergammelt.
schluss,383217,882056;10149953;2911698,Zum Schluss ist er erschienen.
soviel,4950312,1762998;12672613;12430381,Eine Rebe verlangt soviel Zuwendung wie ein Neugeborenes.
willen,2803061,3101200;1220602;9809471,Die Dornen gießt man der Rose willen.
beeindruckt,10301443,3385409;11987370;2975002,Römische Architektur hat mich tief beeindruckt.
besorgt,5436958,7219165;9067054;4936243,Wir sind aufs äußerste besorgt.
mathematik,10032979,13664906;13664908;11406906,Für Ramanujan bedeutete Mathematik Formeln finden.
wovon,8839865,13405054;7680459;12907849,"Er weiß, wovon er redet."
religion,5836665,784119;8786389;8952270,Menschliche Schwäche und Unwissenheit erschufen die Religion.
einverstanden,1647530,425178;7795972;4919204,"Trink nicht zu viel, einverstanden?"
schirm,12399033,3448159;713640;7637071,Dieser Schirm hat mich 30 Taler gekostet.
wolken,1268757,12095265;938465;2430108,Rasch nähert sich eine Zusammenballung schwärzlicher Wolken.
telefonnummer,6978629,7100486;10680046;1447841,Ich notierte diese Telefonnummer ins Notizheftchen.
obst,747704,13074422;8556342;8678086,Frisches Obst und Gemüse sind gesundheitsfördernd.
rest,13423470,10931730;5578309;1505227,𝑁 ist ohne Rest durch 𝑚 teilbar.
prozent,3187862,2331358;5548604;6396241,Rund fünfundsiebzig Prozent der Europäer sind Christen.
gegend,985099,12591687;2322342;8646391,Unsere Gegend ist fast nebelfrei.
beziehung,5507248,3229800;7873789;9966368,Mark und Leonard haben ihre Beziehung abgebrochen.
zeichen,3086207,6847556;12893030;8314624,"Ich nickte zum Zeichen, dass ich zustimmte."
ansehen,7295120,7295122;7465832;1906387,Du genießt sehr hohes Ansehen.
tor,7935805,7843590;822796;9271539,Der Schiedsrichter hat ein klares Tor annulliert.
beschloss,942946,2290507;4800685;8195539,"Kenji beschloss, Koch zu werden."
usa,13750486,7646104;2062168;7851521,Kalifornien ist der bevölkerungsreichste Bundesstaat der USA.
male,367871,4460234;13985333;9208882,Er probierte dieses Experiment unzählige Male aus.
sauber,13318643,11133136;13838455;1704266,Mein Schlafzimmer ist dreckig. Dein Schlafzimmer ist sauber.
hingehen,12401592,12401593;4141217;8648435,"Wo möchten Sie hingehen, Sir?"
ums,3388822,560636;6068523;11343127,Wer hat Tom Honig ums Maul geschmiert?
vollkommen,2324790,2926935;3695834;8878032,Dieser Behälter ist vollkommen wasserdicht.
informationen,4453526,6133063;5997747;2574615,Er versprach Informationen zu liefern.
museum,9067153,2335150;1266247;6982283,Die Diebe schalteten die Überwachungskameras im Museum aus.
maus,6964738,8144751;8624898;1984820,Die Maus verspeiste den Grashüpfer.
per,4737461,943261;6139759;6629780,Schick den Brief per Express.
yen,1549355,370811;837326;4111052,Das Gehalt dieses Monats betrug 200.000 Yen.
zwölf,2691300,7220087;1934056;1937001,Dieser Stall enthält zwölf Boxen.
anscheinend,12572530,11802384;11802386;10498852,"Unsere Galaxis, die Milchstraße, enthält anscheinend dunkle Materie."
wozu,7470205,7470207;7470208;13061966,Wozu brauchtest du eine Kettensäge?
tokio,1991499,1967810;3000930;772257,Tokio war von Smog bedeckt.
sitzung,2775846,5773013;8295154;2838676,Die Sitzung des Aufsichtsrats endete ohne Beschluss.
wolf,8718106,8718111;12406211;13973533,Der Wolf tötete das Lamm.
algerien,11236016,12451940;12276353;12453047,Algerien sollte keine privaten Geschäfte verstaatlichen.
nachdenken,1444001,7487069;2329394;387990,"Ich werde darüber nachdenken, auszuwandern."
medizin,8844720,2456928;7010541;891445,Kopernikus studierte an der Universität Padua Medizin.
freitag,3074672,9325063;9325067;13659613,Lies bis Freitag Kapitel vier.
gäbe,5455463,11334975;7921058;2825739,"Gäbe es kein Unglück, gäbe es keine Helden."
notwendig,2489170,1576178;4943744;3435334,"Die Stellungnahme besagte, dass Änderungen notwendig wären."
leise,1561765,8612962;1238267;11771740,Blätter sanken leise zu Boden.
soldaten,981861,1107043;816650;8728499,Tausende Soldaten und Zivilisten starben.
schätzen,12802308,3245997;7803726;12802306,"Die Kälte lehrt uns, die Wärme zu schätzen."
grad,2975953,3846052;4918297;2351887,Draußen herrschen gerade minus vierzig Grad Celsius.
dummheit,1360072,1555042;10470875;1621507,Dummheit ist lebenslänglich und hoffnungslos.
weisheit,12412663,2409389;4284801;14018378,Ohne Zögern wählt der Dekan unendliche Weisheit.
wissenschaftler,6139729,1653739;755731;1104298,Chinesische Wissenschaftler haben mit Gentechnik Minischweine erschaffen.
erfolgreich,12907622,2878803;9543463;8942798,Die Daten wurden erfolgreich exportiert.
herein,9483312,8172280;3711832;3758462,Der Weihnachtsmann kam zum Schornstein herein.
rechner,1692932,4795842;8098899;3461721,Ein Virus befiel Toms Rechner.
eifersüchtig,2909029,10372006;13479398;2481032,"Jede Nation ist eifersüchtig bestrebt, ihre Souveränität zu wahren."
schuldig,3868200,6608806;5221003;400452,Mein Klient will auf „schuldig“ plädieren.
zufall,2185934,10112950;1898881;943261,Der Zufall ist der einzig legitime Herrscher des Universums.
tausend,399763,6112746;392641;5868326,Die Vase zersprang in tausend Stücke.
vermutlich,10137589,2930956;8847713;1459243,Das ist vermutlich ein echter Diamant.
behauptet,2810925,8634507;1079700;1785291,"Er behauptet wutschäumend, er sei unschuldig."
laune,11410953,2146739;5783152;8861109,Das Wetter beeinflusst meine Laune bedeutend.
befreundet,424721,11136667;1561888;12323738,Mike und Ken sind befreundet.
opfer,12508297,4004577;10317443;2874696,Kanntet ihr die Opfer persönlich?
begegnet,10008456,6554440;6955961;8339304,Beim Lästern begegnet man ungewollt sich selbst.
chinesisch,3817778,6978759;1771660;2703431,Herr Brown unterrichtete seinem Sohn Chinesisch.
streit,9710050,754348;9944860;4793399,Streit und Reue sind Geschwister.
medikament,2896135,3109723;2357008;3109721,Das Medikament zeigt sofortige Wirkung.
gewalt,12484796,8889483;13397320;13421781,"Sein Stil beruht auf roher Gewalt, nicht auf Finesse."
berühmt,5824671,2328074;11506538;1239690,Babylon war berühmt für seine Hängenden Gärten.
rom,1004903,6068142;6019781;9132746,Der Tiber fließt durch Rom.
kämpfen,12347137,12347139;7577419;441714,Die Amazonen kämpfen mit farbigen Waffen.
oma,10493463,464731;11352317;11352322,Opa und Oma liegen im Grab nebeneinander.
sturm,8288910,2396950;6588148;463619,Der Sturm forderte mehrere Todesopfer.
verbrechen,2771857,12557251;12595499;661375,"Wer einen Verbrecher unterstützt, begünstigt Verbrechen."
beruf,5277312,2831892;2125625;7024573,Die Wiederzusammenführung auseinandergerissener Familien ist mein Beruf.
gedächtnis,1600526,5211038;1489279;1636067,Die Masse hat ein kurzes Gedächtnis.
zerstört,6760857,13673606;13223680;3401199,Die Hütte wurde mutwillig zerstört.
direkt,9608748,8404900;901671;3680836,Wir wohnten direkt am Meer.
gewöhnt,4884517,6175176;7712542;10544510,Sie ist an weite Fußmärsche gewöhnt.
markt,11076637,11076638;13733607;2147235,Der freie Markt erfordert keine staatliche Intervention.
bessere,11973986,1470826;6866451;6595154,Algerien benötigt eine größere und bessere Infrastruktur.
hinein,5589509,6561337;2327357;2687994,Ein Rotkehlchen flog in den Busch hinein.
unglück,566365,7840203;804505;2288325,Er entkam nur knapp einem Unglück.
intelligenz,6331403,5569338;9846270;3892755,Intelligenz kann die Stärke unterwerfen.
hochzeit,6595783,13902649;11580206;3559102,Eine amerikanische Hochzeit kostet im Durchschnitt 30.000$.
näher,7911406,11540040;1441833;1968886,Die Europawahl rückt immer näher.
unterwegs,12698495,2508553;6770037;13445793,Nastjenka ist als „Rosa Russin“ im Chat unterwegs.
gegenteil,332149,479974;8757986;870279,Das Gegenteil von unpraktisch ist praktisch.
drin,12546290,1275267;8306118;10816971,"Trink nichts, wo Koffein drin ist!"
wirkt,2748462,8453285;9387002;10901916,Markku wirkt angeschlagen und müde.
letztemal,13965657,13965658;7767899;7767900,Wann habt ihr das letztemal gebeichtet?
theorie,703452,2346941;3987425;13703970,Worauf stützen Sie Ihre Theorie?
jahrhundert,12025720,2550679;3278572;445104,Im 5. Jahrhundert n. Chr. eroberten die Wandalen Nordafrika.
gleichzeitig,1308291,5319731;7480028;7480030,Unser Dauerfeuer donnerte gleichzeitig los.
ecke,13174705,12541908;3072401;725578,An der Ecke links abbiegen!
total,439400,5250826;732098;8878493,Lange Röcke sind total modern.
butter,1718283,3980347;1707267;13878265,Gieße geschmolzene Butter über den Puffmais.
gelogen,7010158,7725731;13460578;8154222,"Anders ausgedrückt, hat Tom gelogen."
brasilien,11914972,1587333;13713573;5346889,Feiern Sie Ostern in Brasilien?
kultur,2510401,1685234;1989090;2946696,Dieser Mythos liefert Einblicke in die antike Kultur.
dasselbe,12818762,3040012;3496423;5412357,Glühwürmchen und Leuchtkäfer sind genau dasselbe Insekt.
satt,369788,4468789;4680484;580985,Wir haben die politische Korruption satt.
post,8237675,399744;3464343;6369492,Der Scheck ist bei der Post verlorengegangen.
kilometer,5962323,9075942;10723802;3305822,Der Erdradius beträgt ungefähr sechstausend Kilometer.
entdeckt,3500588,6046610;604642;2169943,Das Skelett Richards III. wurde unterhalb eines Parkplatzes entdeckt.
enthält,8643285,8807894;8224397;3942734,Das Fotoalbum enthält hauptsächlich Familienfotos.
stock,8339157,11881525;8667207;9141670,Nebenan brennt im ersten Stock Licht.
umgebracht,10987659,13998310;1514552;947294,Wer hat Colonel James Barclay denn umgebracht?
regenschirm,904844,2051833;14003515;5190940,Lass den Regenschirm im Flur.
fließend,8643400,10279361;13040157;13729588,Ich spreche fließend gebrochenes Englisch.
hinten,14016133,2294300;1266247;8687756,"Vorn sind meine Enkelkinder, hinten meine Kinder."
kanadier,9777102,9984669;908087;10300265,"Sie behaupten, Kanadier zu sein."
ewig,9595859,12187916;1586673;12663166,Das Universum existiert schon ewig.
verraten,1941838,6875386;911820;526308,Böses Gewissen verraten die Augen.
dichter,4965802,6108091;611630;2493108,Castro Alves war ein berühmter brasilianischer Dichter.
mittel,628488,9976316;9753457;3770772,Er hat öffentliche Mittel unterschlagen.
beinahe,2738091,1340342;4443507;1722536,"Während die Sonne unterging, glänzten die Dächer beinahe rotglühend."
wofür,12654869,1577092;5401902;8934195,Wofür verwendest du diesen Korb?
künstler,11497044,1405523;1787836;3634000,Die sieben Musen unterstützten die Künstler.
blind,13064324,641699;8076632;1825111,Der Tradition zufolge war Homer blind.
hölle,1189380,13295170;7277831;13007519,"Willkommen in der Hölle, Muammar!"
pläne,2060881,766057;12423198;1969815,Selbst die sorgfältigst erstellten Pläne scheitern häufig.
verantwortlich,3421442,7547707;787651;1307337,Dafür sind wir teilweise verantwortlich.
kindheit,4712146,6036344;13640690;11772631,Ich verbrachte meine Kindheit in Pakistan.
straßen,3234001,6366051;981874;5151499,Die Straßen sind hell erleuchtet.
übel,2137424,4720454;6639886;9023363,Ohne Wasser schleift sich's übel.
verbessern,13599889,11778969;2804302;10473864,Ich muss meine Interlingua-Sprachkenntnisse verbessern.
wessen,1743716,1743709;1743710;1743722,„Wessen Ziegen sind das?“ — „Das sind Yaminas.“
aufgewachsen,9841799,1828291;12190004;13115828,Tom ist in Dänemark aufgewachsen.
ärztin,10033738,10118707;10121345;11745380,Augenblicklich wurde die Ärztin gerufen.
teller,7729315,1832960;1832961;394229,Tom lud sich den Teller randvoll.
bewegen,12356934,2279200;8034506;10450627,"Tom weigerte sich, sich zu bewegen."
polizist,666667,756073;880905;2934391,Der Polizist befahl ihnen anzuhalten.
zunge,8796199,8796204;9271038;9665278,Zunge und Gaumen sind beides Geschmacksorgane.
maschine,806823,4784747;6667796;6011979,Diese Maschine verbraucht das meiste Öl.
gelang,2898768,11284695;11284696;11458685,Es gelang Markku nicht die Zuhörer mitzureißen.
aufstehen,1314271,9683098;10908062;5109764,Sie ist frühes Aufstehen gewohnt.
irgendwas,4378257,11502817;13808464;11179511,Ich bin auf irgendwas Komisches getreten.
zustand,3042108,3540685;5157244;10970978,Toms Zustand verschlechtert sich zusehends.
hose,12187692,4590303;8804365;785392,Trockne die Hose an der Heizung.
menschliche,6150149,804486;8833470;2467186,Eventuell menschliche oder funktionale Schwächen.
gras,5986418,9741113;1242611;6448860,Die Kuh frisst das Gras.
ei,3885803,5057688;3104159;13372538,Auch ein schwarzes Huhn legt ein weißes Ei.
sprang,921133,2247289;2303497;8935851,Der Löwe sprang durch den Feuerreifen.
supermarkt,439093,532923;955656;2860557,Frau im Rollstuhl verschanzt sich im Supermarkt.
bahn,4730650,11338573;450265;2327474,Verzeihung! Wo ist die U-Bahn?
demokratie,9816589,4962804;727385;8902030,Ist westliche Demokratie wirklich Demokratie?
grenzen,3125892,4815914;3084367;917596,Menschliches Streben kennt keine Grenzen.
blöd,5379071,8296082;2867733;2048395,Warum sind Typen so blöd?
handy,4464060,1722563;9941902;13859379,Mein Handy hat einen integrierten digitalen Fotoapparat.
rechnung,8880494,2352185;7592267;1202796,Fügen Sie das meiner Rechnung hinzu.
rannte,465608,6460611;6642431;6643980,Ken rannte den Abhang hinauf.
boot,8117290,10588950;11535162;6728847,Das U-Boot ist abgetaucht.
hals,3255432,3418200;10046349;6824092,Dieser Pullover kratzt am Hals.
rosen,13458039,1837273;598792;912390,Ihr Liebhaber schenkte ihr diese Rosen.
gehirn,1707332,6765440;13846153;9824702,Das Gehirn braucht kontinuierliche Blutzufuhr.
spanien,3985477,11263834;12642638;7151712,Spanien hatte einst die Hoheit über die Philippinen inne.
sand,7855355,938272;2016211;3494840,Füll den Eimer mit Sand.
iss,6105608,9089138;4454925;586375,Iss unter keinen Umständen deinen Brokkoli!
beigebracht,2448399,2251506;10568502;12355261,Hat Marika dir auch Schwedisch beigebracht?
charakter,2739143,1387375;13626982;2126470,Ein Charakter ist ein vollkommen gebildeter Wille.
daraus,2991469,1385425;1385427;1122238,Daraus ergeben sich weitere Probleme.
samstag,6373331,13659616;10656670;13047908,"Vorgestern war Samstag, der siebente Oktober."
frisch,2705030,2722345;2722346;2879733,Auf dem frisch gegossenen Beet blühen Gänseblümchen.
beliebt,1690575,7043395;3290612;12409240,Einkaufszentren sind bei Jugendlichen beliebt.
inzwischen,10946226,1652815;8629188;2487378,Dieser Begriff ist inzwischen überholt.
treppe,1813511,3474458;4181823;731243,Wir eilten die Treppe hinab.
heimat,6921257,742508;9317790;2583079,Grüßen Sie mir die Heimat!
elefanten,1109025,11185385;2172955;4157083,Elefanten sind vom Aussterben bedroht.
theater,1081364,7244023;13771709;843379,Tonfilm ist schlecht konserviertes Theater bei erhöhten Preisen!
gericht,6147509,13688508;8751632;9830892,Der Kellner empfahl dieses Gericht.
voraus,5982268,901137;2325091;2442345,Äußerer Friede setzt inneren Frieden voraus.
drinnen,3002352,4548953;8668592;1964295,Hier drinnen ist es stickig.
angesehen,12168582,4913325;13281961;13047801,Sie hat sie nicht angesehen.
schlange,1812172,2121423;6454076;840846,Die Schlange sticht nicht ungereizt.
gedicht,920311,3531174;1008096;2818632,Die Studenten lernten dieses Gedicht auswendig.
merken,6953076,8231682;8231772;1358892,Das Datum werde ich mir merken.
streng,2977723,3349640;5289139;10695248,Tom ernährt sich streng vegetarisch.
kanada,3643343,11261500;13044576;401683,Kanada hat dreizehn Provinzen und Territorien.
jacke,4261639,755458;11934565;11934564,Du trägst eine bezaubernde Jacke.
dadurch,1791753,1832954;8292770;13380115,Ich fühle mich dadurch unwohl.
karten,12106948,2136697;6708246;741986,Kauf hier Karten im Vorverkauf.
mauer,7990460,902112;934397;2771313,Die Berliner Mauer teilte Berlin.
trauen,1550146,7119167;9681717;9681718,Computerübersetzungen kann man nicht trauen.
längst,5488143,2739134;2951211;1327728,Diskettenlaufwerke wurden schon längst durch CD-Laufwerke verdrängt.
angeln,396935,4988525;8072081;9662996,Angeln ist nicht meine Stärke.
saßen,8825783,10760739;12397791;12397792,Wir saßen mitten im Nirgendwo fest.
fürchtet,1447930,2659378;5203589;1500523,Merry fürchtet sich vor Hunden.
unschuldig,2393510,2810925;1921656;2444536,Der des Verbrechens Verdächtigte war unschuldig.
lautet,3555455,8802213;979477;2761356,Der Ablativ Plural von „rosa“ lautet „rosis“.
bißchen,12481652,12481654;12482963;12627261,Du wirkst ein bißchen gestreßt.
prinzessin,5887014,7206076;13622640;1302369,Prinzessin Dianas tragischer Tod erschütterte die Welt.
bad,6448837,7697355;1589515;1222838,"Maria nahm ein langes, warmes Bad."
japaner,12593034,351778;750331;1463447,Die Japaner sind gemeinhin arbeitsam.
kartoffeln,840719,2021157;8589398;3041360,Hering schmeckt lecker mit Kartoffeln.
dunkelheit,13172947,2204427;3076044;1513383,"Wenn die Sonnen sinkt, kommt die Dunkelheit."
ausdruck,10492302,2895604;11719030;941577,„Hyberbel“ ist ein hochtrabender Ausdruck für „Übertreibung“.
tatsache,1823443,2629534;2908262;424270,Diese Tatsache beweist ihre Unschuld.
europäischen,5206429,540731;1689411;2327465,Ist Armenien Mitglied der Europäischen Union?
herrscht,2701238,3239638;2315091;10986195,Diktaturen sind Einbahnstraßen. In Demokratien herrscht Gegenverkehr.
annehmen,4772410,4772411;4772412;7069074,Er wird die Geschenke annehmen.
größe,12929045,2080450;13724497;12929039,"Größenwahn ist Wahn, nicht Größe."
patienten,9498594,11069690;9498595;1881039,Alle Psychiater unterstützen ihre Patienten.
anzug,3170868,3170870;657400;915582,Dürfte ich mir deinen grauen Anzug ausleihen?
schulden,3561090,7793521;398576;8696508,Schulden und Elend sind benachbart.
toll,1430508,2757071;8791754;9689917,Ich finde deinen Schreibstil toll.
vermeiden,12821755,13889556;13889559;2697019,"Ali versucht, Flugzeugreisen zu vermeiden."
ehemann,4898699,2389766;355950;791665,Er erwies sich als idealer Ehemann.
gefiel,9455772,3499363;1254575;656341,Es gefiel Tom nicht sonderlich.
dieb,5062535,7262247;810357;368625,Unbewachtes Geld lehrt den Dieb.
steckt,3154550,612498;7696951;8813883,Jane steckt in ernsthaften Schwierigkeiten.
faul,9689759,9853416;7283218;962550,Er ist faul und unehrlich.
königin,1762741,2256636;4058044;3496426,Ich imitiere gerne Königin Elisabeth.
kampf,7296832,7329872;4914138;3982673,Der Soldat lehnte den Kampf ab.
not,5683436,2123764;3080172;3207214,Hochmut kondensiert in der Not.
vermisst,7884602,8431887;926487;9271341,Er vermisst seinen rechten Schuh.
ausgehen,12497140,1982150;2989725;3523174,Laßt uns am Wochenende ausgehen!
mitte,10349537,1524598;3109359;898612,Den Teig zur Mitte hin umschlagen.
unterrichtet,11067441,396648;13957783;11093769,Maria unterrichtet Ausländer in Portugiesisch.
vorbereitet,5622154,7953059;2761452;522559,Wir waren nicht ordentlich vorbereitet.
aufmerksam,8688892,11870028;3320593;8317251,Ich beobachte mein Gewicht sehr aufmerksam.
unglaublich,1923847,369384;3750181;8833470,Diese Skulpturen sind unglaublich wertvoll.
kopfschmerzen,13808393,13808394;3836356;1968588,Eure Singerei bereitet mir Kopfschmerzen.
vertrag,1783268,1783272;1475914;2305568,Der Vertrag verbot keine unterirdischen Atomversuche.
bezeichnet,8223347,6140857;504680;10470884,Methanol wird auch als Holzgeist bezeichnet.
beweisen,4867054,7334227;973855;11450878,Er wollte nur Freundlichkeit beweisen.
blätter,1641090,4867044;1187030;518634,Der kalte Nordwind bräunte die Blätter.
sauer,1831873,4730626;6038722;1500796,Herr Wilson ist sauer auf Dennis.
durst,7790600,9074949;10734385;10734386,Die Milch stillt meinen Durst.
autor,2984897,7528203;13908024;3388584,Der Autor kritisiert das Schulsystem.
gezwungen,677018,775345;881246;2881311,"Sie wurde gezwungen, ein Geständnis abzulegen."
fähigkeit,8304878,12795014;3392432;10484541,"Unterschätze nicht Toms Fähigkeit, damit umzugehen."
gegenwart,1499497,10455246;1706839;6383431,Das Jerewan der Gegenwart ist altertümlich und modern zugleich.
feiern,1306839,6689008;13832679;13832682,Wir feiern das Sternenfest im Juli.
unglücklich,3074157,1627342;2177519;11808577,"Tom merkte, dass Maria unglücklich war."
ferien,396665,3363707;10039722;9013137,Die Ferien sind im Nu vorbeigegangen.
mitten,12638290,4952682;12191850;1516155,Mitten im Spinnennetz saß eine Spinne.
bleistift,3894002,925050;1652213;3534471,Den Vertrag nicht mit Bleistift unterschreiben!
strom,6819131,6819135;610633;3232137,Das Bügeleisen verbraucht viel Strom.
schachtel,2357674,13274134;8569650;4873569,Sie schenkte ihm eine Schachtel Havanna-Zigarren.
betrachtet,4445469,9960356;7029048;8653949,Man betrachtet Shakespeare als besten Dramatiker.
kekse,2794058,2794091;4900452;4332376,Ich habe hasenförmige Kekse gebacken.
worauf,2183090,2735093;974910;1239985,Worauf gründet sich dein Urteil?
fünfzig,934286,13435517;3603592;7106705,Dieser Klub hat fünfzig Mitglieder.
aufgeben,8642347,13453295;881246;719821,Tom wird letzten Endes aufgeben.
entlang,2446226,8180356;2446227;966094,Angehörige dieses Stammes siedelten entlang des Flusses.
sieg,12024402,11009627;13776143;1692479,Gerades Scheitern steht höher als ein krummer Sieg.
entwicklung,2720282,1767404;8295017;1360718,Diese Einflüsse förderten die Entwicklung esoterischer religiöser Lehren.
energie,12632297,1693354;2826760;3232137,Die Dampfturbinen erzeugten Energie mit Dampfantrieb.
wirtschaft,6846968,1940632;341675;341678,Wirtschaft ist nicht zwangsläufig wirtschaftlich.
stört,6011979,6134876;13810365;8702931,Die lärmende Maschine stört die Stille.
verantwortung,11812934,1223701;2376833;7635843,Ich übernehme die volle Verantwortung.
schneiden,3539533,4645415;697995;2669507,Fang an deinem Weinberg an zu schneiden.
zoo,4891318,8641395;900502;8692772,Im Zoo gibt es Giraffen.
einst,13922366,7290111;7795404;12400218,Hier wohnte einst ein böses Ungeheuer.
verärgert,11604681,2629890;2691537;4053341,"Ich weine, wenn ich verärgert bin."
üben,1986821,10157967;9940194;13815270,Tägliches Üben ist wirksam gegen Fettleibigkeit.
genießen,13684922,3338944;5956619;754330,Wir genießen sonntags ein gemächliches Frühstück.
schatz,2182933,6943474;10171033;3518570,Almosen ist des Reichen bester Schatz.
krawatte,2973081,7365327;739361;8828850,"Ich schätze, ich nehme diese Krawatte."
verschwinden,6698176,8338183;9706457;4145017,Mein Kopfweh beginnt zu verschwinden.
bart,5371807,12649622;10864926;10599238,"Wer langsam spuckt, schadet seinem Bart."
sparen,3690067,1829975;2143469;1647677,Arbeiten und Sparen macht reiche Knechte.
pullover,9836615,7551847;11149157;8143380,Mein Pullover ist mit Montageschaum beschmutzt.
schüchtern,8301216,8706404;6740967;1852367,Tom ist ungeschickt und schüchtern.
bereitet,13808392,13808393;13808394;4929041,Deine Singerei bereitet mir Kopfschmerzen.
erdbeben,536902,1519649;368714;368715,Erdbeben und Hochwasser sind Naturkatastrophen.
lohnt,8933622,3385739;12171462;3006468,Hier lohnt sich eine Neuanschaffung.
mail,601670,10101455;13873974;386992,Bitte mail mir deine Webadresse.
erlaubnis,12211249,2306936;7745138;10250060,Bitte sprecht nicht ohne Erlaubnis.
sicherlich,12280868,3003390;5867606;1652822,Ihre Forschung wird sicherlich Früchte tragen.
test,13717000,8290256;13011070;6686101,Dies ist ein bekannter psychologischer Test.
humor,592381,1904300;1613560;2451923,Trockener Humor kann nie überflüssig sein.
waffe,5368947,5561164;13495905;357473,Tom lud seine Waffe geschwind nach.
kerl,2103046,2366945;9676517;1734768,Diese Kerl ist ein absoluter Dummkopf.
überraschung,2883430,4478958;2306928;4908814,Wie schmeckt der Cocktail „Tropische Überraschung“?
geschmack,3309896,9855300;12784079;8718355,Dies zeugt von gutem Geschmack!
eingeschlafen,384899,407145;9351404;1775235,Mein linker Fuß ist eingeschlafen.
honig,10321657,1557936;2847773;1409286,"Honig, Zitronensaft, gehackte Mandeln und gehackte Äpfel hinzufügen."
kälte,3430730,4220048;825465;12217476,Die herbstliche Kälte ist hereingebrochen.
geräusch,1500153,4567012;12851684;1385090,Die Zeitbombe explodierte mit einem lauten Geräusch.
allmählich,1652822,1924535;9265620;1503144,Die Krankheitssymptome werden sicherlich allmählich abklingen.
kunden,7774837,2431521;7550173;5551218,Am Mittwoch treffe ich Kunden.
stimmte,13007466,755415;11947530;2663883,Die Senatorin stimmte ebenfalls mit Nein.
decke,10501361,12147747;12682496;3750181,Die Decke ist gelb gestrichen.
normal,7443238,945579;2339726;4468249,Tanken Sie Normal oder Super?
ansicht,1454839,2673126;6159573;6159707,Unterstütze im Unternehmen meine Ansicht!
universum,975595,3496450;439;5021681,"Teenager eiern hormongesteuert, zweifelnd und impulsiv durch das Universum."
begriff,767229,971823;1951183;2460906,"""Radioaktivität"" ist ein chemischer Begriff."
verursacht,4861371,5847479;9413524;3601583,Diese Fehlinformation hat eine Kettenreaktion verursacht.
bildung,4915405,2927317;5791437;779227,Höhere Bildung ist kein Luxusgut.
ärger,11945413,392395;446104;7765598,Ziri kann Rimas Ärger nachvollziehen.
schulter,12386146,12386147;2263481;677071,Er verletzte sich die Schulter.
doktor,396273,811587;5398694;11183320,"Herr Doktor, mein Magen schmerzt."
höflich,352588,13271910;1951117;8677725,"Er ist intelligent, und außerdem ist er höflich."
absolut,1653739,3263738;10967398;615232,Dieser Wissenschaftler schuf zweckmäßigerweise ein absolut symmetrisches Schema.
betreten,11523764,12956662;10738441;2720377,Das Betreten des Operationssaals ist untersagt.
vieles,476114,4913705;5511591;13673606,Du hältst vieles für selbstverständlich.
verschwunden,13296813,724430;3481768;697354,Boris ist vor vierzig Jahren verschwunden.
bestraft,13044694,543875;739661;8728949,Die Behörden haben einen chinesischen Cyberangreifer bestraft.
termin,3778507,3778510;7584708;8374155,Können wir den Termin vorverlegen?
keller,1825111,3317023;3317027;4861710,"Helen Keller war blind, taub und stumm."
womit,7887372,9855271;1940632;8441384,Womit seid ihr diesmal unzufrieden?
verwirrt,1907906,3386879;7636995;3388231,"Er erwachte, nackt und verwirrt."
hitze,4715108,972478;1716711;2290514,Eiscreme schmilzt schnell in der Hitze.
hervor,3691378,7328364;8193961;2166492,Er holte ein Heft hervor.
verzeihen,1372058,13878157;2353799;2926611,"Verzeihen Sie meine Kühnheit, bitte."
reichtum,1489266,622530;4861708;2353541,Erworbener Reichtum ist beständiger als ererbter.
überlegen,606013,12823346;2707641;10040261,Diese Armbanduhr ist jener überlegen.
genie,413759,1003607;1903353;1723611,Einstein war ein mathematisches Genie.
abgeschlossen,8887992,932344;9543463;8798290,Sind die Türen alle abgeschlossen?
vorne,4089778,1266247;8687756;7957399,Tom beugte sich nach vorne.
weiterhin,4181815,1809352;5381449;12779249,Die Preise steigen weiterhin rapide.
erkältung,913616,4441512;699924;1227014,Ich habe eine leichte Erkältung.
ehre,6152503,10753743;13742136;2321208,Sonias Ehre ist befleckt worden.
deutlich,825769,8793057;13347624;9733202,Elektrostal ist deutlich größer als Asbest.
achten,7006880,8641672;5064033;6643681,Warum auf den Blickkontakt achten?
partei,5088010,5089165;1654729;1454654,Die Demokratische Partei bedarf einer umfassenden Reform.
magen,349962,396273;4774939;4657143,Nahrung wird im Magen verdaut.
früchte,6874649,368607;1919629;5256352,Die Früchte reifen am Obstbaum.
stift,8881048,10450630;12710180;3006087,"Vergiss nicht, einen Stift mitzubringen!"
methode,3360978,655334;1075462;1194390,Ich bevorzuge eine systematische Methode.
aufpassen,13940332,6759831;8301961;8434021,"Man soll aufpassen, was man sich wünscht!"
publikum,1813868,1822243;13652774;4829801,Das Publikum unterbrach den Redner.
vermögen,2990441,2139642;2737250;1549114,Fred hinterließ seiner Ehefrau ein großes Vermögen.
kollegen,11265084,2452486;2753777;5812164,Mr. Turner verabschiedene sich von seinen Kollegen.
kuh,616435,3759413;2217132;7040886,Tusnelda die Kuh ist Subjekt dieses Satzes.
engel,8367856,2389753;613178;2163223,Sie glich einem traurigen Engel.
persönlich,453984,9966139;1821845;9966141,Der Gouverneur erschien persönlich im Fernsehen.
flug,13927589,792610;12031557;8297747,Der Flug wurde wegen dichten Nebels abgesagt.
rad,7069245,10768455;683158;10768463,Das Rad des Schicksals dreht sich.
studium,8308069,8786875;12301412;882800,Tom hat sein Studium vernachlässigt.
esel,8853418,13193867;13804676;2128696,Besser ein lebender Esel als ein toter Doktor.
diejenigen,11310054,3707513;8832677;3012999,"Sei unmoralisch, schwindele und stehle – diejenigen leben gut."
wechseln,10470875,2289321;12938904;2071975,"Die Dummheiten wechseln, die Dummheit bleibt."
hob,1793826,2211686;2794805;8120768,Die Studentin hob die Hand.
schauspieler,6204476,10967398;2811463;4466827,Sean Connery ist ein schottischer Schauspieler.
schriftsteller,13209743,9498315;1787809;1787839,Friedrich Dürrenmatt war ein Schweizer Schriftsteller und Dramatiker.
fremden,6013684,7841773;1944897;13627026,Dan will allen Fremden entgegenkommen.
schmutzig,14016125,6566623;7061774;2707684,"Oje, das Badezimmer ist so schmutzig!"
spaziergang,789803,11973718;2950234;2176898,Wie wär's mit einem Spaziergang?
talent,2467543,6608735;792943;3388584,"Talent ist Form, Genie Stoff."
erschöpft,2134444,2700815;13400812;7890639,Erschöpft sank sie auf das Kissen.
buchstaben,8572918,3086540;13629913;13629889,"Alpha, Beta und Gamma sind griechische Buchstaben."
gebacken,2794058,2794091;12840042;13903106,Ich habe hasenförmige Kekse gebacken.
kuss,1786069,926090;10362626;10807618,Ein Kuss auf Befehl schmeckt schal.
nochmal,6643278,12823346;5719677;5759070,"Mach das nicht nochmal, okay?"
riecht,482260,901164;966125;1807823,Sein Atem riecht nach Ziegenkäse.
innerhalb,12954674,401436;404635;9970024,Die Diebe schalteten die Überwachungskameras innerhalb des Museums aus.
rund,12822787,1728632;13809510;3054104,"Ein Wimpernschlag dauert rund 0,15 Sekunden."
schützen,3314515,6148892;3496658;3710731,"Vor direkter Sonneneinstrahlung schützen, und bei Zimmertemperatur lagern."
bestanden,831270,990052;905436;12663149,Hat er die Klausur bestanden?
riet,9012199,3385584;11537679;8702322,"Sie riet ihm, sich auszuruhen."
bären,1732216,1748725;3582762;452536,Sie fingen einen lebenden Bären.
professor,9173120,11360586;467093;1220031,Didier Raoult ist Professor für Mikrobiologie.
aufhalten,1693256,1693279;13678924;2691431,Sie kann sie nicht aufhalten.
allgemeinen,2125183,8224427;8406130;3760574,Im Allgemeinen bevorzuge ich fleischlose Speisen.
opa,13890193,6705837;10599238;11352322,Opa will das Schwein schlachten.
erscheint,2914804,9851878;1590570;655088,Zuweilen erscheint die Welt sinnlos.
erneut,12776505,371875;5956571;835193,Wir prüften das Dokument erneut.
socken,4543554,6083798;9540636;750359,Maria hat bunte Socken gestrickt.
vierzig,7840393,13631852;2351887;13629913,Mehr als vierzig Fahrzeuge kollidierten.
aufgegeben,605583,12706649;398028;12441160,Wieso hat er seine Stellung aufgegeben?
nämlich,7889841,8639863;8638722;11702660,Sprich bitte leiser. Ich habe nämlich schreckliche Kopfschmerzen.
hinterlassen,8132100,11252824;3061996;3847453,Die Einbrecher haben keine Spuren hinterlassen.
bevölkerung,11772646,11104576;7326123;9295998,Die indigene Bevölkerung wurde unterdrückt.
beeilen,8834664,1552121;12447887;12447888,Wir müssen uns wirklich beeilen.
entschlossen,664919,12337439;1732460;5283617,"Sie hat sich entschlossen, zurückzutreten."
wohnzimmer,1931104,3474429;8643595;10322194,Toms Wohnzimmer war geschmackvoll eingerichtet.
vernunft,10511303,1831911;2826760;4932693,Ein Mangel von Risikobereitschaft ist ein Überschuss von Vernunft.
kauf,12621550,6808994;714673;833376,Kauf möglichst viele Lebensmittel ein!
angenehm,12946063,7006619;793918;1439981,Morgendlicher Vogelgesang ist sehr angenehm.
woran,8805412,947284;3367603;8748277,Woran hapert es denn noch?
praktisch,2773276,3533550;10473786;2463226,Wo wird die Katastrophentheorie praktisch angewendet?
existiert,9595859,10521142;13661048;14011259,Das Universum existiert schon ewig.
gepäck,2829753,8547541;12632603;13430938,Liisa und Markku reisten ohne Gepäck.
überleben,5950043,7006416;959070;2682028,Dieser Organismus kann im Weltraum überleben.
lippen,3813453,5760484;6558891;13357160,Seine Lippen berührten die ihrigen.
unterstützung,1697265,3319452;13711856;13711858,"Geht man mutig voran, stößt Unterstützung oft unverhofft hinzu."
union,1111045,2143161;5862541;11831678,Die Europäische Union hat die Todesstrafe abgeschafft.
zweck,8308119,9976316;2768001;779227,Welchen Zweck hat die Bildung?
verändern,6964383,2804343;7730497;3016667,Das kannst du beliebig verändern.
kriegen,1587729,4274049;2139758;2916065,Er wollte einen geblasen kriegen.
erfunden,12263184,343454;695610;10364814,Was hat Nikola Tesla erfunden?
heutigen,13076460,416330;5526254;1225960,Die heutigen Politiker sind Mistkerle.
fassen,917179,10485445;2289390;8975664,Ihr kriegt mich niemals lebendig zu fassen!
zurückkommen,8916082,7017402;12345911;3002604,Und jetzt abhauen und nie wieder zurückkommen!
nerven,4982854,955603;2215472;10769243,Mir sind die Nerven durchgegangen.
gemeint,7814937,8496617;12778116;4904243,Die Antwort ist ironisch gemeint.
diskussion,3420702,2442345;3386335;2550768,Hunderte Anwesende verfolgten die Diskussion mit gespannter Aufmerksamkeit.
anziehen,8227597,8227598;8615114;12421270,Geht euch euren Pyjama anziehen!
vorstellung,8186130,12520167;10967398;1514467,Eine gute Vorbereitung hilft eine verpatzte Vorstellung verhindern.
band,2418439,2418447;2418449;6535938,Nehmt die Sendung auf Band auf!
bestellt,982750,10086434;5401944;13866449,Ich habe neue Möbel bestellt.
mars,6150630,10465265;3654063;6100912,Auf dem Mars herrschen äußerst kalte Temperaturen.
erinnerung,13475029,4110593;608252;3454385,Ich zitiere aus der Erinnerung.
eilig,754160,7635356;8964825;9453614,Sie putzte eilig ihr Zimmer.
schneit,6672320,7580719;8563083;9706431,Es schneit den ganzen Vormittag.
müll,13718921,13850234;13850238;439765,Wilhelm sammelte am Strand Müll.
umsonst,2134264,810148;4925706;3174874,Niemand will das Heilige Grab umsonst hüten.
irgend,13319940,13319942;4225636;5258748,Irgend etwas müssen wir übersehen.
schwanger,1855082,2166180;9739607;2935803,Ich bin ungewollt schwanger geworden.
golf,368217,9779404;2950234;8113422,Wir spielten trotz des Regens Golf.
meistens,8980429,12869242;1368849;3542064,Meistens überkommt mich nachmittags die Müdigkeit.
nass,5399012,683301;1963472;10950862,Der Bademantel ist noch nass.
gründe,4296027,727439;948861;1722112,Die Gründe hierfür sind bekannt.
nützlich,2037435,2226726;408457;12905717,Das „Bolashak“-Programm ist sehr nützlich.
dringend,1617634,2966816;8581180;1695929,Wir benötigen dringend neue Mitarbeiter.
ehefrau,839993,1106795;353100;989642,Kristy Anderson ist die Ehefrau von Larry Ewing.
gelungen,2435908,13730652;13884390;13884395,"Es ist unwahrscheinlich, dass es ihm gelungen ist."
mitglied,5206425,703377;13712877;2056228,Ist Armenien Mitglied der EU?
neugierig,9525803,2694824;2327431;8818771,Die Nachbaren sind zu neugierig.
bestand,2123292,12188649;12391746;13652774,"Die Tagesmahlzeit bestand aus Kartoffelpürree, Sauerkraut und Rindfleisch."
getrennt,8803639,3481505;6333451;1892145,Tom und Maria zahlten getrennt.
verbindung,13044680,13773668;13773669;12887878,Die Cyberkriminellen standen in Verbindung mit Telekommunikationsanbietern.
kritik,3786900,8916153;10680058;1432528,Er war harscher Kritik ausgesetzt.
fuchs,3577557,776065;927409;1944982,Die Hühner tötete ein Fuchs.
bösen,11971832,4948436;827534;1785109,Pflegen Sie keinen Umgang mit bösen Männern.
risiko,4282121,10337308;13047918;1660179,Raucherinnen haben ein erhöhtes Risiko für Fehlgeburten.
hügel,2343956,2343959;6641217;10322137,Die Briten erkletterten den Hügel.
armut,1324853,622530;4861708;2353541,Lieber wirkliche Armut als geraubter Reichtum.
zunächst,8339281,8598006;400553;8295006,Wir verhören zunächst das Personal.
wäsche,6615893,705442;8441384;9850395,Es roch unangenehm nach schmutziger Wäsche.
geruch,595688,12422732;12592236;1444733,Die Rose verbreitet einen süßen Geruch.
ausmachen,13506593,4825933;6028482;5570371,Würde es Ihnen etwas ausmachen abzuwaschen?
bauch,3104596,5374586;6060973;4873832,Auf vollem Bauch steht ein fröhliches Haupt.
beenden,8868603,787405;7523583;11069532,Beenden wir dieses unangenehme Gespräch!
öfter,13920404,615510;591770;804485,Lokomotiven kommen öfter als Busse.
realität,435881,13668680;11048370;13958735,Manchmal verwechselt sie Fantasie und Realität.
schrie,2334817,4177323;4508660;394472,Er schrie wie eine heisere Krähe.
schlafzimmer,987827,5920558;13684891;13357992,Blumen im Schlafzimmer sind ungesund.
netz,12193192,2793888;6778860;4436586,Ali schoss ins eigene Netz.
kaninchen,12620687,12620688;12620689;966094,Womit fütterst du deine Kaninchen?
wiederholen,13919175,13919176;8190735;11354773,Lass uns Lektion fünf wiederholen!
baseball,793521,438350;12862774;2187677,Fußball ist beliebter als Baseball.
benehmen,1218869,2137782;3456130;4887197,Sein rüdes Benehmen ärgert mich.
besuchte,3002598,2282836;7007984;979094,Den Lesesaal des Britischen Museums besuchte der Revolutionär Lenin.
kehrte,3129234,1511876;6149599;2730357,Tom kehrte kurz vor Tagesanbruch heim.
zuviel,10571056,11244030;1912473;10996914,"Wer zuviel zweifelt, der verzweifelt."
verhindern,8186130,1179260;13813352;13813353,Eine gute Vorbereitung hilft eine verpatzte Vorstellung verhindern.
knopf,8108262,2349794;3023105;7840135,Zum Einschalten des Gerätes diesen Knopf drücken.
mitternacht,8435604,12947867;7932511;8314361,Warum verschwand Aschenputtels Schuh nach Mitternacht nicht?
gewicht,1773142,584150;12821809;1830361,Eine Waage misst das Gewicht.
dritten,6597306,2461498;2461500;13787200,Ich muss im dritten Gang anstarten.
gelb,3028681,5712952;8244968;1411645,Die Fensterrahmen strichen sie gelb.
mitnehmen,5942427,3072444;396250;8839335,"Verhindere, dass sie dich mitnehmen."
respekt,2701019,2701036;12525847;12704836,Behandle ältere Menschen mit Respekt!
verlangt,2506400,392760;396902;4828380,Dein Organismus verlangt nach Erholung.
kompliziert,7200919,894838;3386506;8833470,Das ist nicht übermäßig kompliziert.
bürger,13712202,13586134;2742839;10987673,Der Staat erstickt einheimische Kleinunternehmen und anständige Bürger.
bilden,2182670,748710;2180955;3760574,Einhundert Jahrzehnte bilden ein Jahrtausend.
programm,7458920,8855896;12582349;12582362,Dieses Programm hat eine intuitive Benutzeroberfläche.
bedeckt,3643148,2209575;2328926;397760,Ein dicker und weicher Badeteppich bedeckt den gefliesten Fußboden.
komisch,1826881,2799049;3349641;9053146,Ist meine neue Frisur komisch?
ergibt,12549759,2299719;1786299;2492287,Elf mal elf ergibt hunderteinundzwanzig.
irren,12710869,14002171;2414395;576391,"Irren ist menschlich, aber im Irrtum verharren ist teuflisch."
zeug,2132805,2858704;7885789;5174826,Er redete nur dummes Zeug.
intelligent,900478,2188196;352588;728734,"Susan, Juans Schwester, ist sehr intelligent."
fieber,2186792,5847479;11643443;2410923,Ruhe und Mäßigkeit kurieren das Fieber.
grab,2134264,2225756;3600529;5262046,Niemand will das Heilige Grab umsonst hüten.
afrika,1104299,12099234;1882232;796936,Die polnischen Archäologen forschen in Afrika.
ofen,6838245,6838246;6838248;8126733,Den Ofen auf 180 °C vorheizen.
nebel,2754624,6149742;12144266;12777112,Der Wetterdienst warnt vor dichtem Nebel.
mai,5218471,898612;1358252;991500,Die Reue ist der Mai der Tugenden.
akzent,13685035,365347;1440618;10095865,Er hat den örtlichen Akzent angenommen.
video,2193253,923515;13390578;13607355,Das Video ist der reinste Schrott!
gemein,1738476,2163009;6204465;2903317,Beide haben nicht das Geringste gemein.
unhöflich,8492807,11721076;11769688;937036,"Meine Herren, Sie sind unhöflich."
fünfzehn,10072374,4451736;5319663;1566678,Das Gremium besteht aus fünfzehn Mitgliedern.
verfügung,6473624,9932344;5338616;4890879,Es stehen Behindertenparkplätze zur Verfügung.
ukraine,13165540,13858739;3062420;10753743,Die Krim ist die Ukraine!
amerikanischen,10738441,989651;989687;989639,Sie betreten den amerikanischen Sektor.
führerschein,993257,10709327;11965334;9999297,Ich habe einen vorläufigen Führerschein.
schafe,8596719,11539534;5233178;1759732,Schafe grasten auf der Wiese.
lügner,6916569,798383;8759216;8761338,Sind zwanghafte Lügner die besten Verkäufer?
gegenseitig,1842089,1080103;13397297;2071978,"Das Ehepaar lernte allmählich, sich gegenseitig zu tolerieren."
geträumt,370104,12204523;9056888;10563949,Ich habe etwas Seltsames geträumt.
zahnarzt,614083,2866023;3219533;3371148,Du solltest einen Zahnarzt konsultieren.
hingegen,12432627,13873176;7026399;9447207,"Seine Handschrift neigt sich vorwärts, die ihre hingegen rückwärts."
freien,368307,2103094;2719953;6079448,Er ergab sich aus freien Stücken.
besprechen,871895,12926119;13733428;2283468,Sie besprechen das über das Telefon.
blatt,1599625,1411351;761899;7121760,Zeichnet einen Strich auf euer Blatt.
werk,1855545,369500;9851878;2389753,Das Werk lobt den Meister.
hof,6150665,9071757;3883076;1811372,Jage die Ente dort vom Hof!
stärke,2750159,13406981;6103659;13742136,"Wesentliches — Unwesentliches. Alle Stärke liegt innen, nicht außen."
bar,946866,12482163;1792502;945579,"Bekomme ich Rabatt, wenn ich bar bezahle?"
rasch,1714028,3162508;4892455;2628320,Ihr Buch erreichte rasch hohe Verkaufszahlen.
drauf,10082177,10576681;3160958;8809055,"Sie ist scharf drauf, dich kennenzulernen."
team,13776143,12001311;7778219;6396241,Ein Team feiert den Sieg.
hergestellt,3625084,7024665;777850;12869242,Spundwände werden aus Baustahl hergestellt.
behandeln,5671927,2701021;2701034;942782,Tom würde euch respektvoll behandeln.
löwen,10020722,1204632;7840472;7277915,Löwen können extrem aggressiv sein.
wut,11945414,581168;2971749;3000484,Ziri kann Rimas Wut nachvollziehen.
bewegung,840000,9710518;783385;11184449,Setz deinen Arsch in Bewegung!
mode,2696378,9992048;1913595;885572,Mode ist die Uniform der Zivilisten.
erfreut,1940957,2828334;4177838;7448746,Tom erfreut sich bester Gesundheit.
verständlich,1835922,12415747;10161461;13539335,Einige Dialekte sind nicht gegenseitig verständlich.
sänger,2023370,2249896;11795507;1530211,Frank Sinatra war ein amerikanischer Sänger.
akzeptieren,664860,10153131;7309965;8875634,Ich kann das keineswegs akzeptieren.
umgehen,6105021,13713000;2023496;2933109,Kannst du mit Toki Pona umgehen?
facebook,8796109,9448266;2629783;10450032,"Deutschland wird Arbeitgebern verbieten, auf Facebook herumzuschnüffeln."
erlebt,11951014,4974930;5062267;1703375,Allerdings erlebt auch Serbien eine Welle von Preiserhöhungen.
tugend,7724108,797729;2779834;2826760,Nächstenliebe ist die höchste Tugend.
ring,3071156,6943315;13664535;3383572,Sie hat einen unglaublich wertvollen Ring.
griff,14009884,13353963;818314;818315,Im August 1990 griff der Irak Kuwait an.
schwert,8363994,11171961;13294914;5299616,Das ist das Schwert des Orion.
km,11697871,13129727;12108819;2736786,Mexiko ist ca. 10 000 km von Moskau entfernt.
freizeit,8600973,8993637;7907727;1514529,Sie bastelt in ihrer Freizeit Puppen.
furcht,2701243,3416662;353298;2090416,"Der Unwissende hat Mut, der Wissende hat Furcht."
salat,5797725,6055987;12583067;10030950,Tom bereitete einen gesunden Salat zu.
begleiten,5720962,5720963;9542447;1237507,"Ich beabsichtige, Sie zu begleiten."
feld,748699,11539534;1645203;10206434,Vieh weidete auf dem Feld.
kilo,12938575,923644;1830361;2827978,Eine Tüte Mehl wiegt ein Kilo.
insekten,5611869,1929703;4264761;8182356,Die Vögel jagen die Insekten.
entgegen,1362043,1744465;2430108;1707087,Sachdienliche Hinweise nimmt jede Polizeidienststelle entgegen.
toilette,8721247,9038611;5331732;6535130,Die Toilette spült nicht richtig.
leiter,8282828,1709884;4337289;8779271,Tom ist der Leiter der Forschungsgruppe.
einladung,1538002,5077942;13310783;3473429,Präsident Lincoln hat die Einladung angenommen.
hinzu,1709275,1716018;353375;12167326,Du fügst kurze Beispiele hinzu.
nieder,4374434,5256480;5954434;9755434,Wir knieten nieder und beteten.
grünen,6820735,5174310;13079335;8301157,Die Tiere galoppieren im Grünen.
garage,13721208,13726396;609935;7782017,"Wer vor meiner Garage parkt, wird verprügelt."
brechen,8639159,11404480;442800;12735530,Wir brechen bei Tagesanbruch auf.
karl,8722473,9989149;12394982;12448903,Karl sollte die Sportgeräte wegräumen.
weigerte,911680,2850975;6144177;6206012,"Sie weigerte sich, seinen Antrag anzunehmen."
viertel,12071252,13534355;13656974;331703,Unser Viertel hat drei Alleen.
vollständig,8321120,8321121;912607;13934530,Ist der Akku vollständig aufgeladen?
gewarnt,7657793,9787820;10196241;761256,Man hat Tom mehrmals gewarnt.
schwach,9611722,1679351;2082876;4436239,Der Ton ist zu schwach.
miete,9662722,9976663;12561436;9522871,Die Miete ist halb möbliert.
reifen,10008063,1550127;6874649;8633643,Ein Nagel durchlöcherte den Reifen.
unterstützen,678572,2682461;5221394;12365538,Sie müssten die Abrüstung unterstützen.
klang,2079209,748689;8803047;13705192,Leere Tonnen geben großen Klang.
vorsicht,11252824,704624;5759070;1891413,Auch Schritte der Vorsicht hinterlassen Spuren.
erfüllt,4669345,4954250;588240;2815107,"Freude, die die Brust erfüllt."
verbergen,10906193,1895475;661746;11704466,Der materielle Wohlstand kann die geistige Armut nicht verbergen.
lediglich,1452978,2750582;12386534;2183950,Sie müssen lediglich dieses Dokument unterschreiben.
bedarf,8295137,5088010;5089165;2170025,Grundsätzlich bedarf es einer größeren Beteiligung.
besonderes,12569255,12569257;12569258;8809263,"Dachtest ihr, daß ihr etwas Besonderes wärt?"
benötigen,4838657,8297747;1600958;8633643,Wir benötigen alle verfügbaren Stühle.
bot,13595191,13711856;560428;12655355,Stefan bot Rima einen Hamburger an.
koch,6207507,2345465;1261104;3418904,Der Koch las sorgfältig das Rezept.
italienisch,890370,5968261;9979762;1736833,Seine Frau lehrt mich Italienisch.
hässlich,10106493,12411488;7455190;4571549,"Ich glaube, ich bin hässlich."
april,11550485,8809349;8809350;13191155,Kommenden April steigen die Gebühren der öffentlichen Versorgungsbetriebe.
motorrad,1691076,6774864;10275457;1585325,Tom verkaufte Maria sein Motorrad.
geburt,7248009,5983177;9016900;7248035,Im Geburtshaus überwachen nur Hebammen die Geburt.
diskutieren,1806251,8775941;3949738;8473090,Wir werden die Herausforderungen des einundzwanzigsten Jahrhunderts diskutieren.
zaun,9944860,13053273;12263534;12263536,Brich keinen unnötigen Streit vom Zaun!
ausländer,9086043,11067441;2843191;9941904,Viele auf Ausländer angewiesene Geschäftsviertel sind nahezu menschenleer.
titel,543793,6626398;9931493;13743339,Sein offizieller Titel ist „Generaldirektor der nationalen Umweltbehörde“.
vorteil,2025565,2461360;2789870;3084532,Jeder Vorteil hat seinen Nachteil.
fremdsprache,3129112,903618;530563;11993449,Eine Fremdsprache zu lernen erfordert Durchhaltevermögen.
seitdem,11809861,11809862;3371088;938494,Fyodor hat seitdem nicht mehr gezeltet.
vergeben,10489210,12985632;8100671;576391,Der Siege göttlichster ist das Vergeben!
tritt,4617814,7121719;11698491;11698494,Das Unerwartete tritt immer ein.
gemälde,10031904,1116855;12728095;962530,Viele Gemälde hängen in Kunstmuseen.
höhe,11761957,1983695;10290198;12856949,Lieferketteneinschränkungen haben die Preise beträchtlich in die Höhe getrieben.
scharf,2856746,4796734;481464;702847,Diese Pfefferoni sind höllisch scharf.
zuhören,8301961,8639278;4956767;6606860,Wir müssen aufpassen und zuhören.
beschreiben,391497,5317331;6333376;9850674,Beschreiben Sie den Unfall detailliert.
dreht,930597,1713494;1713495;1652604,Der Kreisel dreht sich im Uhrzeigersinn.
schrank,9044858,913892;8132200;13760147,Der Hund betrat den Schrank.
gerücht,13596257,1619072;1642435;522508,Das Gerücht verbreitete sich blitzschnell.
ähnelt,10011935,13129681;1931064;3133368,Ein Büffel ähnelt einem Rind.
begangen,4333549,13198377;1514551;628828,Es wurde in großem Stil Wahlfälschung begangen.
drücken,440891,7840135;13240042;4473121,Drücken Sie die Enter-Taste.
fabrik,13734829,8195539;7414359;1527118,Die Fabrik war Lieferant des kaiserlichen Hofes.
system,2798492,10097759;6738742;367208,Dieses System strotzt vor Fehlern und Nachteilen.
mitarbeiter,10113048,11078540;1617634;6023244,Unsere Mitarbeiter werden Sie innerhalb dreier Werktage kontaktieren.
wunderschön,13799059,2069351;9963124;12193148,Die Abende in Hawaii sind wunderschön.
erwischt,7121829,8196966;8852904;13726516,Maria erwischt Tom in flagranti.
empfehlen,4800306,7844284;4225167;6058817,Welche Taktik empfehlen Sie mir?
muttersprachler,13873128,863883;10037199;12167326,Es gibt keine Latein-Muttersprachler.
fortschritt,2696393,4184634;8914699;2372052,Beim Rückwärtsgehen ist Stehenbleiben Fortschritt!
temperatur,2051029,6185405;2351887;1515776,Die Krankenschwester maß Toms Temperatur.
mutig,13328074,1697265;1428887;8818771,Tom bezog mutig Stellung gegen die Ungerechtigkeit.
null,6703719,4160081;10673248;11973648,Die am häufigsten vorkommende Blutgruppe ist Null positiv.
vergeht,10055896,1402151;430429;1643879,"Trink Wasser, damit dein Schluckauf vergeht."
billig,2070604,3854679;5934893;9828521,Die Esperanto-Handbücher sind billig.
lebensmittel,11144725,12621550;7830376;372226,Nie Lebensmittel im Zelt aufbewahren!
schweiz,4808649,3064333;11595241;5255415,"Die Menschen, die die Schweiz besuchen, bewundern die Alpen."
dienstag,13819495,11622135;399777;13819493,Kommenden Dienstag logiert sie im Hotel Royal.
teilnehmen,3162305,442280;3004937;3978766,Teilnehmen können alle Personen mit deutscher Staatsangehörigkeit.
teppich,13716453,3927303;4677832;5939820,Dieser Teppich war ein echtes Schnäppchen.
bietet,13725704,1916376;10945908;4436586,Diese Moschee bietet viertausend Gläubigen Platz.
hierbleiben,5969025,10103936;13028625;3211157,"Du musst hierbleiben, bis wir zurückkommen."
zurückkehren,980133,1709369;5777047;2730375,Am 25. Januar wird er zurückkehren.
brunnen,6553733,7603296;5402780;7027928,Dieser Brunnen trocknet nie aus.
verspätung,2966305,2966306;396050;6740967,Entschuldige die Verspätung! Ich habe verschlafen.
elf,12550099,13809510;12549759;1541758,Elf mal elf sind hunderteinundzwanzig.
brennt,2845798,457203;8144875;564411,Welch ein großer Brand! Was brennt?
moderne,8298041,13657260;3629802;2688973,Albert Einsteins Relativitätstheorie prägte die moderne Wissenschaft.
affen,2063007,10104247;5994696;2063006,Die Affen pflegen sich gegenseitig das Fell.
motor,10797445,11848770;13471499;437890,Aus dem Motor quoll Dampf.
aufgefallen,5301117,5301118;7682280;10189903,Welche Symptome sind Ihnen aufgefallen?
zumindest,13838455,2049535;2435904;9968606,Zumindest sind die Laken sauber.
gebiet,737341,942645;416338;13712877,Wir fuhren durch unbekanntes Gebiet.
hell,13803374,2502268;1109681;5956666,Diese Farben sind hell und sonnig.
frosch,2147220,11491511;3753783;9702224,Der Frosch läßt das Quaken nicht.
flügel,2202530,2810980;11079503;1385090,"Der Adler spreizte seine Flügel, bereit, loszufliegen."
hobby,2321435,605807;755449;8633618,Mein Hobby ist mein Aquarium.
ausleihen,4703240,6566546;7016370;897432,Darf ich deinen Föhn ausleihen?
wonach,2571264,3713207;8524218;8941304,"Sie fanden, wonach sie gesucht hatten."
bewahren,7015329,8696718;11064286;372226,Ich kann gut Geheimnisse bewahren.
mangel,756099,10511303;1908115;1368849,"Wer nicht verschwendet, erleidet keinen Mangel."
knie,1388387,944462;442800;682615,Tom stürzte und verletzte sein Knie.
jane,675568,13918566;438820;365501,Seine faulen Witze verärgerten Jane.
probieren,8719223,8719240;2132537;485383,Probieren Sie dieses Ding aus.
begeistert,851683,12843351;4853067;341406,Ihr Redakteur wird begeistert sein.
kurs,6728847,1911297;2456052;2867477,Samis Boot wurde vom Kurs abgebracht.
zeitschrift,580773,2977894;10546472;12432443,Die Zeitschrift richtet sich an Teenager.
beleidigt,8293028,13601301;800907;3835009,"Sie sagte, sie sei beleidigt."
absichtlich,3140365,350963;5381449;590842,Er zerbrach die Fensterscheibe absichtlich.
leidenschaft,2929690,5063518;5786058;6694853,Gute Saucen kreieren ist meine Leidenschaft.
öffentlichkeit,13388419,13534338;2290347;3395265,Der Prozess ist der Öffentlichkeit nicht zugänglich.
runter,5362861,913468;2157697;12014936,Tom rutschte die Wasserrutsche runter.
beobachtet,977520,13679151;1549103;844999,Tom beobachtet gerne die Passanten.
eile,5177596,2228460;5270303;5020371,Eile ist die Feindin der Vollkommenheit.
aufzug,7242953,1990168;12133032;1853875,Tom drückte den Knopf vom Aufzug.
herunter,2292949,5819072;11555014;2826907,Kaue es nicht — schlucke es herunter!
endet,1912473,7576846;1853965;1953564,"Wer zuviel anfängt, endet wenig."
huhn,13372538,6060654;7892743;11152175,Das Ei lehrt das Huhn.
hans,8202157,13906322;2761356;8911414,Hans ist ein deutscher Geschäftsmann.
arten,10161791,12384694;371865;1855466,"Darwin glaubte, die Evolution von Arten verlaufe schrittweise."
rock,4737473,7255019;8756760;12914150,"Elise, zieh einen anderen Rock an!"
verkehr,763187,3054121;11968379;439509,Der Verkehr kroch im Schneckentempo dahin.
strafe,4004197,7770886;7770887;2163249,Ein offenherziges Geständnis lindert die Strafe.
angelogen,9996415,2427917;2719848;1048939,Tom hat dich nicht angelogen.
regelmäßig,7060169,8641156;10117156;5304392,Ihr Herzschlag ist weitestgehend regelmäßig.
gestrichen,3028677,8987503;13403394;10501361,Sie haben die Fensterrahmen gelb gestrichen.
doppelt,2683298,1470781;5034388;10901916,Kirschen enthalten doppelt so viele Kalorien wie Himbeeren.
steuer,3207561,444964;2487632;1236275,"Ich befürchtete, am Steuer einzuschlafen."
gesamte,12582362,3395265;4466827;797204,Das gesamte Programm bedarf einer Reform.
lächerlich,12423792,2653179;5244039;5369055,Die Preise hier sind lächerlich niedrig.
köstlich,654400,4980399;8310451;452094,"Obwohl Natto furchtbar riecht, ist es köstlich."
kontakt,704600,1878574;4707081;2223823,"Im Ernst, bleibe im Kontakt."
arbeitsplatz,6768087,907716;5075506;7802346,Ein Universitätsabschluss garantiert noch keinen Arbeitsplatz.
gerechtigkeit,13821736,1706087;2682378;4887367,Die Mühlen der Gerechtigkeit mahlen bisweilen langsam.
rasen,3386174,6924126;8805424;2321218,Tom mäht gerade im Vorgarten Rasen.
aussicht,6738026,13992040;795739;2688442,Er hatte Aussicht auf Genesung.
paket,8768958,4900791;2334868;720253,Das Paket wurde vom Zoll beschlagnahmt.
schutz,10292432,2771841;11286230;1881354,Unsere Wälder verdienen unseren Schutz.
scheiden,951590,12489800;4799195;2197218,Sie will sich scheiden lassen.
ratschläge,1402752,2377191;3583774;3401323,Seine Ratschläge stießen auf taube Ohren.
diesmal,7887370,7887371;7887372;12388151,Womit bist du diesmal unzufrieden?
selbstverständlich,4109620,8295360;1437267;7949478,Selbstverständlich war das ein bloßer Vorwand.
rätsel,1953158,7781310;8628279;8628625,In alldem verbarg sich ein Rätsel.
steuern,3714885,5926219;5983978;13044576,Ich bezahlte zweihundert Dollar Steuern.
parken,6000095,6000097;7920834;438423,Das Parken war ein Alptraum.
literatur,11473253,2228460;1620934;1620937,Unterscheidet sich Literatur von Poesie?
klima,4609810,4918309;13432023;1738343,Größtenteils wachsen Eichen in diesem Klima.
latein,7854551,1099046;13475346;12492278,Tom kann Altgriechisch und Latein.
zeitpunkt,8707995,9002730;12627302;9103689,Sie kommen zu einem ungünstigen Zeitpunkt.
betrogen,2377114,4366677;9679930;3072753,Tom hat seine Ehefrau betrogen.
atem,3656059,4574996;482260;901164,"Der Kranke hofft, während ihm der Atem ausgeht."
schwein,13751047,13890193;566077;3520338,Das Schwein säugt die Ferkel.
knapp,4584621,6624270;7457584;836087,Die Flüchtlinge sind knapp dem Tode entronnen.
beweis,8160345,2058279;367416;969267,Ein Vergleich ist kein Beweis.
indien,3074907,1805895;3474462;9945761,Rajinikanth ist in Indien ein Superstar.
jederzeit,3243343,3407362;8916153;949636,Ein Notfall kann jederzeit eintreten.
bauern,2487632,3041360;10482159;5194091,Die Steuer belastete die Bauern sehr.
keinerlei,6608735,1968242;7366206;8807894,Ich habe keinerlei künstlerisches Talent.
bauer,2128664,3690070;783671;2815107,Besser ein reicher Bauer als ein armer Edelmann.
vergangenen,1450374,1219206;2504093;2504099,Die Stahlproduktion erreichte im vergangenen Jahr schätzungsweise 100 Millionen Tonnen.
zustimmen,7786851,9165333;12440744;520756,Sie wird einer Scheidung nicht zustimmen.
phantasie,6083638,6316360;5791437;12810143,Die Phantasie allein ist die Grenze.
nackt,7233573,1907906;7233571;7636995,Griechische Statuen sind fast immer nackt.
verdammt,10482435,10057196;2887924;3996817,Ist die algerische Wirtschaft zum Stillstand verdammt?
aufgaben,1604559,5345769;5994204;5994207,Ihre Aufgaben löste sie spielend.
gerät,13668679,1418028;603593;8312266,Dieses Gerät verbraucht viel Strom.
touristen,5777137,4829763;5680797;7295077,"Auf Bahnhöfen werden Touristen tagein, tagaus von Taschendieben bestohlen."
beträgt,2673639,13435517;3603592;1830361,Meine normale Körpertemperatur beträgt etwa 37 °C.
neulich,664202,11999607;4477151;664201,Hast du neulich einen Ausflug irgendwohin unternommen?
juni,3050989,3231726;2718870;484264,Meine Tochter heiratet im Juni.
bord,394213,4480666;3670996;2293330,Verehrte Damen und Herren. Willkommen an Bord.
tagebuch,639413,11783868;11783869;13677677,Takeshi führt Tagebuch auf Englisch.
fuhren,13149078,3431734;737341;1521026,Nach kurzem Aufenthalt fuhren wir nach Budapest weiter.
ausgezeichnet,2867041,6093195;4900452;728333,Markku wurde für seine Veröffentlichungen mehrfach ausgezeichnet.
gelingt,4843175,8370299;2419443;3145240,"Dir gelingt nicht, irgendetwas zu beweisen."
neuigkeiten,1511768,1034165;2351913;2351961,Ich erfuhr die Neuigkeiten über die Buschtrommel.
qualität,1518203,8301804;8301805;13972951,Die Qualität der Hochschulbildung muss die internationalen Standards erfüllen.
bewusstsein,139163,6533675;6533676;1716711,"Politisches Bewusstsein zu entwickeln, braucht Zeit."
korrekt,13293819,13929959;6134547;7769469,Deine Aussprache ist größtenteils korrekt.
schlau,7260751,10266648;5310493;11829251,Ich werde hieraus nicht schlau.
derzeit,11956352,5062267;1703375;2720277,Griechenland leidet derzeit unter einer extremen Hitzewelle.
märchen,2319085,7361600;626993;1994695,Märchen regen die kindliche Vorstellungskraft an.
furchtbar,3835283,4571549;1807823;728333,Das Scheiß-Erdbeben war furchtbar!
atmen,6154255,3441462;1301241;1562163,Mir schmerzt die Brust beim Atmen.
hoffentlich,1650972,3694689;11784551;8295217,Hoffentlich gab es keine unangenehmen Zwischenfälle.
abgenommen,8963582,1425452;2765503;1418823,Er hat dreißig Kilo abgenommen.
sorgfältig,7866556,1657089;744474;8662509,Befolgen Sie die Anweisungen sorgfältig.
regal,972132,10620127;655250;714615,Stauben Sie das Regal ab.
gaben,595607,10738502;1914974;6935801,Tausende gaben ihm sein letztes Geleit.
übermorgen,10656670,6373333;8728376;404746,Vorgestern war Dienstag; übermorgen ist Samstag.
stammt,11253728,1606673;1816308;1951183,Das Öl stammt aus Oliven.
wär,7000049,8342070;1890292;3698255,"Ich dachte, ich wär’ allein."
gebissen,2529559,9956505;7698943;12464010,Er hat auf Granit gebissen.
blitz,8039476,2915106;4913041;6171879,Warum blitzt der Blitz und donnert der Donner?
verlust,1797674,370811;667399;12103632,Wir haben einen empfindlichen Verlust erlitten.
entwickelt,8696589,13340671;13957160;6784651,Software entwickelt sich ständig weiter.
füßen,794128,12361735;12434495;11079503,Spielst du mit meinen Füßen?
irgendeine,441772,10832286;12384051;4357826,Hat er irgendeine Lösung vorgeschlagen?
enthalten,1263844,13542331;1809267;2858581,Tütensuppen enthalten Geschmacksverstärker und Farbstoffe.
armee,597334,3615274;1022973;11531818,Die Armee erstickte den Aufstand.
umgebung,5253866,399139;13939783;13939784,Achtet immer auf eure Umgebung!
großartig,731816,10325458;659486;963275,Als Sekretärin ist sie großartig.
weshalb,3583430,10526908;13664535;6079753,"Weshalb starrst du mich an, Dämon?"
nahrung,5797727,349962;4931985;399651,"Nahrung besteht aus Proteinen, Kohlenhydraten und Fetten."
sammeln,755449,810094;2186291;1788475,Mein Hobby ist Briefmarken sammeln.
portemonnaie,3887842,5983055;8862581;3663437,Ich durchsuchte meine Taschen nach dem Portemonnaie.
spitze,781943,8170268;11011946;360735,Die Spitze des Messers ist spitz.
löffel,8636623,8636626;7061774;560160,Dieser Löffel ist aus Kupfer.
anblick,4943697,560428;12496911;12655355,Beim Anblick vollkommener Schönheit schwinden die Sinne.
wüste,1928849,4584642;5034391;2446219,Die Abenddämmerung senkte sich über die Wüste.
appetit,11969309,4977129;2345465;720730,Ein köstliches Essen weckt den Appetit.
taub,634410,641699;8076632;1825111,Die Schwimmer waren taub vor Kälte.
zuletzt,11434344,12688541;12688542;12688543,Neandertaler sahen diesen Kometen zuletzt.
ausgegeben,9670751,677676;7428396;12119130,Wie viel hast du insgesamt ausgegeben?
öl,12904077,1726225;2043332;2716823,Schmieröl ist Öl zum Schmieren.
anne,6080922,6206012;7043391;10831996,Anne Bonney war eine Seeräuberin.
namens,4055010,7799589;10176612;4187819,Ich habe einen Kater namens Cookie.
aufgeregt,7697292,7781322;11044965;3110768,Tom war insgeheim sehr aufgeregt.
entkommen,5369059,1856227;8087624;1744093,Einer der Sträflinge ist entkommen.
einfluss,13000738,13000739;1811372;2804415,Ihr Einfluss prägte das Römische Reich tiefgreifend.
bäumen,4997394,8577000;6964375;12191701,Der Herbstwind säuselt in den Bäumen.
dokument,10014723,12776505;12917243;12917242,Dieses Dokument enthielt seine Unterschrift.
fahrkarte,516185,10698310;3244911;8598930,Takeo tastete in seiner Hosentasche nach der Fahrkarte.
süßigkeiten,1914986,2321238;7841664;5983924,"Sie verkaufen Süßigkeiten, Kekse und Sonstiges."
auswendig,12540838,13424985;2453145;400553,Die Schüler lernten viele Gedichte auswendig.
gründen,1857683,2406765;342628;3588748,Den bessern Gründen müssen gute weichen.
teich,12188225,12495840;518634;12495841,Enten schwammen auf dem Teich umher.
nirgends,7576246,1929259;2226726;5187515,Man kann sich nirgends hinsetzen.
sack,569355,8728432;3078427;3555554,Er geht mir auf'n Sack.
zufolge,10294689,13718444;3959488;2918920,Den Pädagogen zufolge gefallen den Schülern Lektionen mit Tiergeschichten.
ursache,3494976,3494977;3494978;13900655,Sie verwechseln Ursache und Wirkung.
januar,2130933,6954199;11679727;13668079,Nebel im Januar macht ein nasses Frühjahr.
fähig,6021455,6047322;3401432;1404315,"Niemand ist fähig, in diese Sphären einzudringen."
mitkommen,846891,13659849;13659853;2827529,Ich möchte sie zum Mitkommen überreden.
konzentrieren,8641010,989118;13486532;3596738,Du musst dich besser konzentrieren.
dusche,1690526,3770648;4541272;6998116,Sie standen unter der Dusche.
sicht,6672208,993904;2996247;13719313,Der Schneefall erschwerte die Sicht.
süden,2307030,2307031;6685685;13867299,Pleskau liegt im Süden Russlands.
westen,13867425,2939839;2996247;987270,"Die Haupthimmelsrichtungen sind Osten, Süden, Westen und Norden."
letztlich,13642647,10168569;2948900;1647677,Letztlich war die ganze Müh’ umsonst.
außerhalb,2144515,8765272;10269153;2347217,Das liegt außerhalb meines Untersuchungsbereichs.
dienst,13860925,4731063;12004360;12590512,Worin unterscheidet sich Dienst von Sklaverei?
nation,13431955,2340317;5823807;759318,Die Nation ist politisch gespalten.
füttern,8810792,12403833;11983850;12620689,Bitte nicht die Tauben füttern!
griechenland,13711856,13711858;11956352;2140402,China bot Griechenland finanzielle Unterstützung an.
mobiltelefon,12481650,2260906;1080992;1506432,Ich benutze mein Mobiltelefon nicht allzuoft.
algier,13631482,10731150;10731166;8576283,Tizi-Ouzou liegt zwischen Bejaia und Algier.
politische,12929986,13027272;4782424;11104576,Die politische Elite assistiert der Bankelite.
wecken,1989123,770509;913550;4958742,Wecken Sie nicht derart meine Hoffnungen.
reist,4357057,1030310;7953578;404746,"Je mehr du reist, desto mehr lernst du."
erlernen,13914163,903618;6999101;4443850,Sie erlernen die irische Sprache.
geduldig,677891,7794569;9019782;9934086,Er suchte geduldig nach Fakten.
betrifft,13555817,2124350;6020970;12349633,Dieses Detail betrifft Sie nicht.
internationale,13981378,2765179;13539335;2492287,Die FISA ist die Internationale Automobilsportföderation.
mist,8601102,8612962;8775146;2345479,Dieser Artikel ist völliger Mist.
ewigkeit,4932148,13050831;2332014;1660179,Auch die Ewigkeit besteht aus Augenblicken.
ungarn,13254617,4818116;1660148;2152376,Ungarn heißt auf Ungarisch „Magyarország“.
beherrschen,2570623,12671505;2216201;783366,Andere beherrschen erfordert Kraft. Sich selbst beherrschen fordert Stärke.
verbunden,2300405,10365901;1261265;1003607,Lao Gan Ma und ich sind in Hassliebe verbunden.
kater,7060156,7361600;7361601;7859321,Der gestiefelte Kater ist eine Märchenfigur.
juli,8969578,13832679;13832682;2718832,Die Industrieproduktion ist im Juli enorm gestiegen.
lehnte,5704277,8689826;1214494;1527194,Er lehnte höflich die Arbeitsstelle ab.
gipfel,971016,2121338;2688442;8279448,Wir erreichten den Gipfel des Berges.
narren,6206098,1800014;1944902;12380783,Spott ist die Speise der Narren.
heim,6631564,373570;1307301;1360106,Wir beide besitzen ein nettes Heim.
lauf,13584348,2719953;6079448;2628320,Der Zeitreisende veränderte versehentlich den Lauf der Geschichte.
spinnen,4032989,6991175;1185828;7998809,Spinnen sind eklige kleine Kreaturen.
strich,12682496,5956571;8244968;5956666,Tom strich die Decke hellblau.
bienen,12584108,2186291;2847773;2163223,"Bienen, Ameisen, Wespen und Pflanzenwespen sind Hautflügler."
zigarette,5249491,5316299;1398200;2638132,Tom rauchte aus Langeweile eine Zigarette.
knochen,10760815,2263406;2263498;12735530,Die griechischen Forscher fanden auch die Knochen einer Ratte.
badezimmer,14016125,2290527;7335129;8641664,"Oje, das Badezimmer ist so schmutzig!"
gestiegen,1152519,11704183;436;1852731,Die Preise sind sprunghaft gestiegen.
irrtum,3126681,12710869;560145;2414395,Späte Einsicht ist besser als ewiger Irrtum.
beschützen,3054329,3054330;3054332;4936299,Wovor willst du uns beschützen?
österreich,588586,1836658;6685685;8976313,"Slowenisch, Kroatisch und Ungarisch sind in Österreich regionale Amtssprachen."
älteste,455147,772298;931287;1862288,Trier ist die älteste Stadt Deutschlands.
möbel,982750,1708347;1856301;3243301,Ich habe neue Möbel bestellt.
schauspielerin,12432443,2927246;6049539;1707087,Die Schauspielerin verklagte die Zeitschrift wegen übler Nachrede.
rauch,1716059,3170873;545595;2163223,Rauch steigt aus den Schornsteinen empor.
staub,10293600,714615;5842437;414300,Dieser pfiffige Staubsauger schluckt alles: Staub und Flüssigkeiten.
milliarden,741310,454229;741317;9780227,"Die Bevölkerung Chinas hat bereits 1,3 Milliarden überschritten."
philosophie,920151,13000634;3752840;10147946,Die Philosophie ist das Mikroskop des Denkens.
verspäten,3506135,11740137;1577975;5930734,"Tom neigt dazu, sich zu Terminen zu verspäten."
ozean,804822,9455703;11491562;6623189,Sie überquerten den Atlantischen Ozean.
summe,1963765,2637813;3220153;1363953,Der Bau des Schiffes kostete eine beträchliche Summe.
erfordert,4890520,619377;720253;1008053,Führerschaft erfordert harsche Entscheidungen und bisweilen harsche Worte.
tiger,1035930,1242611;6761089;2815661,Wir hörten Tiger in der Ferne brüllen.
quelle,341462,2782508;3874667;4443669,Einkommen aus dieser Quelle sind steuerfrei.
schnitt,10456183,2496341;10456184;13420845,Der Gärtner schnitt die Hecke.
vernünftig,2263509,2874683;10473786;5956137,"Mir erscheint vernünftig, was Bersani sagt."
durchaus,3059538,2151706;1842224;12140512,Maria kann durchaus einen Puff vertragen.
zumute,8677944,8705801;8862323;8887875,Maria wurde etwas mulmig zumute.
treiben,11579615,835730;4111325;1569148,Viele Menschen treiben ziellos durchs Leben.
grammatik,13600458,575600;589888;1588580,Die polnische Grammatik ist schwierig.
übernehmen,7844672,9752316;815772;7949478,Ich kann gut Verantwortung übernehmen.
wiegt,4928319,5968245;2827978;649643,Eine Schale Reis wiegt circa 180 Gramm.
frühstücken,3224634,3565779;13809514;12738313,Lasst uns frühstücken und dann rausgehen.
mehrheit,6959513,1341382;990448;7457584,Gesetze sind die kodifizierte Intoleranz der Mehrheit.
erdbeeren,11755544,13810106;513779;9098214,Erdbeeren und Himbeeren sind beides Beispiele für Sammelfrüchte.
verzeihung,6736469,11549821;439509;5089197,"Verzeihung, ich habe mich geirrt."
aufgenommen,10008740,3143841;637809;1482683,Dieser Clip wurde mit professionellen Tänzerinnen aufgenommen.
kontrolle,13047861,603593;977254;3156550,Die Menschen kritisieren die fehlende Kontrolle über die Inhalte.
schlag,6294775,6295480;5102340;7932511,Maria hat einen weiteren verheerenden Schlag erlitten.
bibel,6323913,10005294;1071741;404179,Lest ihr in der Bibel?
kommentar,11884968,4904243;11884961;11884965,Ziri hat Rimas Kommentar umgehend gelöscht.
idiot,9637490,9932347;12895858;2710112,Dieser Idiot hofiert meine Mutter!
bemühen,8168213,5168602;1665131;2452381,Sein Bemühen hat nichts bewirkt.
region,2676966,13867413;2365008;1605871,Alle Lebensmittel stammen aus biologischem Anbau der Region.
jesus,2406205,4095032;8989387;787573,Jesus hat Bauchmuskeln aus Stahl.
scheitern,4181702,4436605;4436607;12024402,Sein Scheitern war seiner Faulheit geschuldet.
osten,753518,10738673;1342725;914184,Der mittlere Osten ist die Wiege der Zivilisation.
erstes,7970589,11284660;3598410;7483116,Mein erstes Rendezvous dauerte etwa eine Minute.
großeltern,7752780,7752781;8067483;12783603,Ich besuche sonntags meine Großeltern.
ufer,1611048,2196951;2695698;13706239,Riesige Wellenberge liefen auf das Ufer zu.
höhle,8898099,2598874;13340067;4827126,Höchst vorsichtig betrat ich die Höhle.
schwanz,8764995,8918344;9781037;927409,Der Wauwau wedelt mit dem Schwanz.
erwachsene,5035667,8438594;367776;13740152,Tom hat drei erwachsene Söhne.
weihnachtsmann,8805489,9053422;13271869;4784700,Der Weihnachtsmann hat viele Rentiere.
spielzeug,2377192,12895439;4822768;691393,In dieser Fabrik wird Spielzeug hergestellt.
verbessert,9493593,8861737;12784079;2637093,"Manches hat sich verbessert, anderes hat sich verschlechtert."
einsamkeit,7873682,9559566;3072430;6740471,Meerschweinchen können an Einsamkeit sterben.
paradies,2766816,3380133;8125643;1081525,Das einzige Paradies ist das verlorene Paradies.
krebs,3149145,1981021;4956734;13657260,Er war tödlich an Krebs erkrankt.
ski,11256009,3710729;403670;1521026,Sie kann hervorragend Ski fahren!
dummkopf,9685902,2103046;369228;12868748,Hans ist vielleicht ein Dummkopf!
vorgestellt,1854325,8809237;3502223;13565601,Er hat seine Verlobte vorgestellt.
wunde,13635782,5494471;811587;8634374,Behandle die Wunde mit Jod.
voran,1697265,10534271;2787903;9542331,"Geht man mutig voran, stößt Unterstützung oft unverhofft hinzu."
maß,4253108,5812251;2340133;588202,Die Krankenschwester maß Toms Blutdruck.
stefan,11935256,12186563;13595191;10470884,Stefan heiratet nächste Woche Antje.
gewohnheit,2982085,1345217;1948805;2130932,Oblomow erwachte – entgegen seiner Gewohnheit – sehr früh.
gebrauch,4873362,10711514;1316205;1475914,Du darfst Papierkopien zum persönlichen Gebrauch anfertigen.
putzen,10555565,10555567;351609;2637861,"Geh Zähne putzen, aber flott!"
umgeben,5819186,2888461;13453620;7273072,"Tom betrat, umgeben von Polizisten, den Gerichtssaal."
leiser,1709858,1709859;4844873;4567012,Konntest du es leiser machen?
okay,13555836,2220353;3221835;6643278,"Okay, ich denke drüber nach."
verständnis,14015469,2483011;3141893;7560308,Mein Verständnis von Dialekten ist relativ klein.
gerecht,8970591,12607173;13601641;13601645,Ich fand den Richterspruch gerecht.
zugleich,3250282,608535;9988108;662201,E-Mails sind Segen und Fluch zugleich.
kneipe,3029973,13861942;1482728;1482727,Diese Kneipe ist ein beliebter Studententreffpunkt.
he,6059954,659787;1202796;13685059,„He!“ – „Hallo!“ – „Was gibt's?“ – „Nichts.“
planet,3133362,5076680;6100912;2806479,Neptun ist der sonnenfernste Planet.
musiker,7078217,4052269;963769;10656469,"Galileos Vater, Vincenzo Galilei, war ein bekannter Musiker."
daten,12684179,10192063;13703970;392378,Quantitative klinische Daten folgen einem breiten Spektrum an Verteilungen.
rose,13822883,595688;8911414;1699372,Die Rose verströmt einen süßen Duft.
unsinn,10296821,3429907;9927833;1918453,Ihr Einwand ist reiner Unsinn.
drachen,560617,2458744;3614212;13422149,Tom befestigte die Schnur am Drachen.
folgenden,2716670,6139768;938569;1786299,Bestimme den Maximal- und den Minimalwert der folgenden Funktion!
andern,2424253,1959380;1975958;1944897,Ein Esel nennt den andern Langohr.
festgenommen,12649585,11083598;10612493;797775,Sie sind wegen versuchter Entführung festgenommen.
verirrt,12713345,1575173;1575188;1575197,"Ich glaube, ich habe mich verirrt."
heimlich,7026270,3897818;10056405;11829251,Lieber heimlich gescheit als unheimlich dumm.
wandern,444126,412;13728233;8633618,Mein Opa geht gerne wandern.
geht's,1765713,394500;7748072;903540,"Guten Tag allerseits, wie geht's?"
fröhlich,2274863,10783554;3316735;2663883,Fröhlich in Ehren mag niemand verwehren.
bezug,519701,2501731;13635393;8641908,Haikus haben einen starken Bezug zu den Jahreszeiten.
verurteilt,784126,2837457;13347939;2168298,Der Angeklagte wurde zum Tode verurteilt.
armbanduhr,606013,8112860;2839380;605479,Diese Armbanduhr ist jener überlegen.
märz,3950439,7576846;7576847;13418659,Die Pflaumenbäume blühen im März.
stundenlang,1795744,1795745;360690;6321419,Sie weinte stundenlang ohne aufzuhören.
ernsthaft,1685209,521566;6819037;5076680,Ernsthaft? Ich habe nichts gemerkt.
wellen,11244195,1825726;1834428;1016794,Wellen belagern heftig die Felsen der Küste.
krise,8633462,1787417;2804415;2778201,Wie begann Algeriens ökonomische Krise?
daheim,840913,1937896;5016396;1972420,Ich blieb zum Ausrasten daheim.
medien,9842053,13540613;13164544;12060363,Ultraliberale Medien kennen keine Presse- und Redefreiheit.
sang,5968261,404908;12928041;438820,Maria sang irgendein trauriges Lied auf Italienisch.
sekunden,139478,2182596;2182652;4453769,Eine Minute entspricht sechzig Sekunden.
geschirr,5338615,817847;9974076;12358302,In der Spüle ist schmutziges Geschirr.
begreifen,2629096,3164267;8395740;601652,"Begreifen Sie nicht, was hier vorgeht?"
sowieso,7892261,13879946;6535875;6582049,Du gefällst mir sowieso nicht.
gehalt,6053408,6169656;7637045;13542333,Tom bezieht ein üppiges Gehalt.
ausstehen,7467759,8071273;930792;2722649,Ich kann Juristen nicht ausstehen.
krankenschwester,2580783,4253108;967110;8634374,Die Krankenschwester maß meinen Blutdruck.
überlassen,7287396,367416;3776657;5994219,Überlassen Sie das den Profis.
hinauf,369211,410306;5589505;5589507,Wir stiegen den steilen Abhang hinauf.
geschossen,8910634,1087057;397788;414342,Tom hat auf Caesar geschossen.
gerechnet,13217948,7339723;7815495;12455584,Mit solch einem Widerstand hätte niemand gerechnet.
wuchs,1814056,3428876;798278;1599989,Jack Nicholson wuchs in New Jersey auf.
vorgeschlagen,347957,8291733;1505236;10119218,Lori hat eine zehnminütige Pause vorgeschlagen.
puppe,729674,929930;946171;664049,Er schenkte ihr eine Puppe.
duft,3002638,13822883;2525605;5165332,Durch die laue Abendluft wallt der Blumengärten Duft.
umständen,2298996,2665523;11563200;11783791,Ich ginge unter keinen Umständen.
türkei,11263804,11523247;12921827;3165478,Die Türkei liegt östlich von Griechenland.
generation,9869347,2461498;2461500;1080263,Jede Generation hat ihre Idole.
genügend,898616,12440837;4310416;6049563,Das sinkende Schiff hatte genügend Rettungsboote.
brust,6154255,1735344;5225955;4669345,Mir schmerzt die Brust beim Atmen.
abholen,9190476,1528325;1059;8641556,Wann kann ich mein Gepäck abholen?
horizont,2493108,6686307;938465;4827180,Dichter Morgennebel verhüllte den Horizont.
rosa,3555455,1253596;13532151;966094,Der Ablativ Plural von „rosa“ lautet „rosis“.
gucken,13004974,13685474;11810307;11810308,"Stan tippt, ohne auf die Tastatur zu gucken."
handschuhe,3156394,5895972;3962839;7004583,"Tom, zieh diese Handschuhe an."
dreizehn,2134794,4159052;1937001;3059464,Magdalena und Lech sind dreizehn.
gegner,589875,2533226;7798177;823142,Die Gegner der Vorlage stammen aus unterschiedlichen politischen Lagern.
lecker,10063337,12248609;6032091;9525182,Pommes mit Mayo sind lecker!
vergleichen,3647969,13384117;8232031;8232039,Vergleichen und Vertragen ist besser als Zank und Klagen.
produkt,369118,7878300;956031;6197687,Klebe ein Preisschild auf jedes einzelne Produkt.
august,13418373,14009884;10738471;1985553,Am 24. August feiert die Ukraine ihre Unabhängigkeit.
fakten,4896440,10542179;392373;11137611,Ihre Argumentation beruhte nicht auf Fakten.
hinunter,6535130,1316172;2628320;2808499,Tom spülte die Drogen die Toilette hinunter.
inhalt,8655857,753057;5739615;12030775,Der Inhalt des Briefs war simpel.
dar,5661797,5488147;10228688;12655355,Ein Schwa stellt einen neutralen Vokal dar.
richter,9969200,10359880;13789789;5969853,Die Richter verliehen Toms Krippe den Hauptpreis.
entsteht,10983851,9805345;5731397;1368849,Kreativität entsteht durch Interaktion von linker und rechter Gehirnhälfte.
stahl,1268730,13613099;2406205;4817209,"Stahl ist biegsam, doch Eisen ist nicht biegsam."
herausfinden,2575778,9976349;9976350;4688789,Ich möchte die Quelle dieses unverantwortlichen Gerüchts herausfinden.
peinlich,9257997,9401175;11557281;13650102,Sich draußen umziehen ist peinlich.
zugeben,3113564,7839643;12890130;519,"Ich muss zugeben, dass ich neugierig bin."
anzahl,11778837,12595499;1852731;12595501,Die Anzahl neuer Infektionen stagniert.
arabisch,2799264,13038500;12126155;13725238,Syrien heißt auf Arabisch Sūriyā.
rezept,12450688,6207507;2950261;12788000,Laut Rezept brauchen wir süßen Senf.
kapitän,1796006,3446339;1717049;784146,"Der Kapitän befahl, die Segel einzuziehen."
klassenzimmer,3072444,4329624;9636374;1623396,Darf man Speisen ins Klassenzimmer mitnehmen?
befolgen,9978949,12681439;2575771;7866556,Sie sollten die Schulregeln befolgen.
atmosphäre,11787112,4974458;4974460;3852547,Die allgemeine Atmosphäre war optimistisch.
irgendwohin,7810270,12495707;13075712;664201,Der Ballon wurde vom Winde irgendwohin verweht.
kätzchen,1786430,2270884;623489;756074,"Die Forscher haben Kätzchen gezüchtet, die im Dunkeln leuchten."
franzosen,12184592,13702528;365347;8105373,Fußball ist der Lieblingssport der Franzosen.
ton,1729429,755441;13918665;3005648,Ich drehe den Ton des Radios herunter.
dunkeln,1848652,5087631;1786430;12595177,Tom saß im Schneidersitz im Dunkeln.
verhaftet,7696717,7697266;8001333;1639409,Sami wurde wegen Ladendiebstahls verhaftet.
stirn,2220187,2519686;399502;3417926,Klingonen haben eine zerfurchte Stirn.
weggehen,5162188,5348603;695471;967810,Vielleicht solltest du nicht weggehen.
wirkung,3494977,3494978;10751755;13040885,Ihr verwechselt Ursache und Wirkung.
stürzte,1388387,3370226;2934571;11852073,Tom stürzte und verletzte sein Knie.
gewiss,1045261,1853951;2199869;2915089,Ihre Bemühungen werden gewiss Früchte tragen.
scherz,3186473,5035638;5079769;3868005,Das ist ein makabrer Scherz.
stoff,13678869,2467543;869641;12680710,Der Stoff kann anhand der Probe identifiziert werden.
achtung,13929077,1683921;9996703;704624,"Achtung, diese Soße ist schärfer."
abschied,9583762,3714898;5155477;2021132,Lass dich zum Abschied umarmen.
selbstmord,1514551,1530211;628828;13191155,Yuriko Himekusa hat Selbstmord begangen.
extrem,5939820,937036;1811014;709468,Der Teppich ist extrem verdreckt.
unwahrscheinlich,5984855,989754;2435908;7770945,"Das ist möglich, aber höchst unwahrscheinlich."
küste,772607,10168571;481874;11244195,Die Marine verteidigt unsere Küste.
korrigieren,989126,1707294;3614652;7556741,Korrigieren Sie die folgenden Sätze.
erstaunt,1711479,4563891;2889112;344606,Ihre Klugheit erstaunt mich oft.
verbrannt,1338537,4254988;7325338;2337924,Besser geschwiegen als das Maul verbrannt.
gekleidet,3415576,5290832;3634869;424247,Auch des Königs Diener war prächtig gekleidet.
nebenan,11817421,11622014;13745611;13940927,"Familie Müller wohnt nebenan, und Familie Bäcker wohnt gegenüber."
besitz,708233,351734;3000484;8728949,Portugal hat den persönlichen Besitz von Drogen entkriminalisiert.
sowie,608444,10688151;5347170;12402697,Er lehrt Mathematik sowie Englisch.
wahnsinn,13597328,1003607;1903353;1918453,Dieser Gedanke ist völliger Wahnsinn.
übersetzer,6048126,6815999;12643362;14002171,Ich bin Übersetzer. Ich übersetze Bücher.
betrachtete,2599699,2106898;9132746;12431261,Verschlafen und verträumt betrachtete Maria ihren Geliebten.
stil,9755157,10528306;1800936;2362997,Sie fügt andauernd Sätze im gehobenen Stil hinzu.
melden,536267,6954172;12186563;1229154,Ich möchte einen Diebstahl melden.
norden,11808155,13746127;626982;771047,Hokkaidō liegt in Japans Norden.
hahn,1817914,3939839;915214;12746551,Der Jäger spannte den Hahn.
verdacht,7981907,8688488;10298071;1366227,Toms Schweigen bestätigte Marias Verdacht.
beginn,1340253,7894589;2414700;3022088,Beginn hier eine neue Zeile.
geschwister,1802606,4737438;8548721;1699372,Die jüngsten Geschwister sind gewöhnlich die hübschesten.
getränk,13867968,3804369;4339336;7669063,Glühwein ist ein alkoholisches Getränk.
veröffentlicht,4702451,3531927;2290229;2484274,Die Erzählungen wurden hauptsächlich in Zeitschriften veröffentlicht.
kerzen,9999189,3658295;1737260;4867051,Die Kerzen wurden vom Luftzug gelöscht.
tempel,2147235,5309131;13950856;1862288,"Der Markt lehrt dich's, nicht der Tempel."
flagge,2798556,3001596;5319043;6985572,Jahrelang segelte das Schiff unter falscher Flagge.
geeignet,2256190,6021282;1335250;8888012,Diese Pflanze ist zum Verzehr geeignet.
flucht,8671798,2498170;5221397;968166,Er wandte sich zur Flucht.
verfügt,4889462,5268177;5798369;12339276,Tom verfügt über beeindruckende Lateinkenntnisse.
stimmung,5388330,11787114;2321208;639073,Die Stimmung im Gerichtssaal war angespannt.
arbeitslos,3406767,9087293;8432603;12186563,Eigentlich bin ich derzeit arbeitslos.
abwesenheit,11488199,3296569;1227014;7802346,Seine Abwesenheit war sonderbar und unerklärlich.
aussprache,6948461,7295140;7295141;13293819,Sie hat eine makellose Aussprache.
verlaufen,362103,1584922;3392335;1515776,Die Schienen verlaufen parallel zur Straße.
jäger,776065,7871967;748432;748669,Der Jäger erschoss den Fuchs.
ausnahme,3851030,4391276;11062318;1054806,Ich grüße alle ohne Ausnahme!
möglichst,11069402,8805395;1817592;12621550,Jugendliche wollen möglichst schnell wirtschaftlich unabhängig werden.
vorhaben,4948430,3074380;8576876;3070334,Dein Vorhaben dünkt mich gar fürtrefflich.
druck,1706865,13340671;2909791;1766090,"Wenn eine Schnittwunde blutet, wende Druck an!"
übrigens,9287123,13363016;2043579;5888935,Was machst du übrigens hiernach?
bedanken,2781063,12151690;7188894;9549901,"Tom vergisst nie, sich zu bedanken."
anstatt,4454925,5020409;9587176;2328179,"Iss, anstatt das Fernsehen anzuschauen."
entwickeln,1495360,1693355;5926390;1693354,Gute Vorsätze entwickeln später viele Nebensätze.
turm,423323,13919149;6703710;746019,Er ist der höchste Turm Japans.
vergleich,2743668,8160345;519186;5144399,Das ist ein ungeeigneter Vergleich.
versehen,7066125,8567344;8874329;10185482,Der Gefangene ist mit Ketten versehen.
chicago,12449029,2042442;2042443;2042444,Die Chicago-style deep-dish pizza ist eine Kalorienbombe.
zeichnen,13473469,8793057;2418451;13534439,Am Horizont zeichnen sich Wahlen ab.
erwähnt,2488502,724229;13950095;12788000,Dieser strafmildernde Umstand sei zu deinen Gunsten erwähnt.
revolution,673548,1142140;13845367;2909711,Eine technische Revolution ist erfolgt.
existenz,971823,13719509;1953258;1953259,›Existenz‹ ist ein leerer Begriff.
ne,1264781,13391715;9312585;6119992,Sie hat ’ne Schraube locker.
worin,13872501,3165421;12903562;13860925,Worin unterscheidet sich die Symbiose vom Parasitismus?
september,13936958,13382608;2718835;10812366,Der Zweite Weltkrieg endete am 2. September 1945.
handtuch,10631655,6566623;8819488;9190716,Dieses Handtuch hat einen üblen Geruch.
löschen,2830245,3043830;6214358;10851230,Löschen Sie bitte mein Konto.
us,11804852,383141;2104827;8705987,Die nennen die US-Invasionen Befreiung.
ernähren,999320,13064554;13064555;13531757,Bienen ernähren sich von Nektar.
nirgendwo,1870945,6034954;6806103;2348503,Man kann sonst nirgendwo parken.
ermordet,3751997,518919;772679;637870,"Der große römische Held, Julius Cäsar, wurde ermordet."
blickte,2296985,2707915;901677;5717014,Der Kranich blickte auf die Hälse der Kraniche.
lkw,9847351,10513253;12109941;13817336,"Hilfst du mir, den Lkw auszuladen?"
schmetterling,371830,2226010;11131894;11679648,Er entdeckte zufällig einen seltenen Schmetterling.
bereuen,787416,3383519;2353544;11639772,Das sollst du am Kreuze bereuen.
nachtisch,361421,655384;2727879;1044035,Als Nachtisch wurden Äpfel serviert.
engländer,2746685,394176;8798732;2695989,Napoleon nannte die Engländer eine Nation von Krämern.
erkältet,3395642,3395643;8511206;876495,Deshalb hat sich Yoshio erkältet.
ausgesprochen,971200,5694132;2217609;2869872,Wie wird Ihr Vorname ausgesprochen?
kaiser,5806458,12291750;8167203;10336094,Caligula war ein wahnsinniger Kaiser.
hierhergekommen,12594792,5302413;7265302;7765228,Sind Sie wirklich freiwillig hierhergekommen?
klingelte,13277590,6326847;14010033;2260906,"Er schlief friedlich, als der Wecker klingelte."
bürgermeister,7101851,1146884;5099645;2663890,Unsere Gemeinde hat den jüngsten Bürgermeister Frankreichs.
bemühungen,12341246,1911203;3416741;4436607,Alle Bemühungen der Ärzte waren erfolglos.
moskau,11697871,1215197;8773518;5995804,Mexiko ist ca. 10 000 km von Moskau entfernt.
prinz,2458744,4053341;5788022;1782855,Der Prinz erschlug den Drachen.
löwe,8667326,8745733;11205038;4829823,Der Löwe jagt eine Antilope.
beschwert,9029467,11502817;12186555;1713412,Tom beschwert sich häufig über Mücken.
ausruhen,8814361,9232998;754433;1337161,Du solltest dich jetzt ausruhen.
breit,2686865,4978915;5635356;6392347,"Ist der Baum prächtig gewachsen, ist der Jahresring breit."
pistole,4067985,7441685;7636221;5025616,Tom holte seine Pistole raus.
mitzuteilen,8220471,9548952;1835206;7728701,Ebendas habe ich ihr mitzuteilen versucht!
abschluss,2657087,1285855;13928926;8314378,Den Abschluss des Boulevards bildet ein Obelisk.
verteidigen,13667472,13667474;13667475;2163252,Schwäne verteidigen ihre Jungen erbarmungslos.
bananen,12448485,13833688;3324603;7791340,Die Bananen kosten 99 Cent pro Kilo.
dünn,11462046,6046601;1984152;4176097,Diese selbstgemachten Crêpes sind sehr dünn.
gleicht,5991975,675750;2802240;5994696,Es gleicht der Leistungsstärke eines Pferdes.
voneinander,1715338,1705301;2793887;10294601,Diese zwei Faktoren sind unabhängig voneinander.
bedingungen,5896333,8059156;13395841;13930407,Nehmt ihr meine Bedingungen an?
zwillinge,6470631,763942;8200620;10631139,Dan und Linda sind Zwillinge.
dunkle,10223986,4892445;3002625;938465,Dunkle Energie ist noch geheimnisvoller als dunkle Materie.
hühner,12226554,3577557;678580;4645418,Die Hühner gründeten eine Genossenschaft.
donnerstag,13382608,13659613;2916065;5888966,"Heute ist Donnerstag, der fünfte September zweitausenddreizehn."
kellner,6147509,880144;1008407;4537403,Der Kellner empfahl dieses Gericht.
arsch,13416184,12575731;840000;9667066,Tom Hansen ist ein neureicher Arsch.
bedroht,5223301,6761089;5085826;6130136,Pastor King und seine Anhänger wurden bedroht.
öffentlichen,5064121,11550485;11968379;8630545,Tom möchte Minderheiten von öffentlichen Plätzen fernhalten.
unendlich,7752771,2333068;12093895;439,Sie hat unendlich viele Ressourcen.
wenden,5328180,1030564;14019030;1644036,Vögel verändern zum Wenden und Manövrieren ihre Flügelform.
schublade,12248390,13957610;12248396;7328442,Legen Sie sie in dieselbe Schublade.
abgelehnt,6972189,1527195;2246581;9559188,Limburger wird oft als „Stinkekäse“ abgelehnt.
zerbrochen,11868607,2940443;3667938;775386,Leonids Herz war in Stücke zerbrochen.
abstand,1265073,10975710;12352510;7009031,Er beobachtete das gelassen aus angemessenem Abstand.
fett,1297253,6368455;5657135;8822270,"Räder, die quietschen, bekommen das meiste Fett."
weltkrieg,13936942,13936958;1612440;11491212,Der Erste Weltkrieg endete am 11. November 1918.
unterschreiben,2357471,3894002;2255984;2513633,Unterschreiben Sie auf der punktierten Linie.
wahnsinnig,568503,2332854;4460386;11032201,Diese Verantwortungslosigkeit macht mich wahnsinnig.
riss,369285,979653;10361462;7201794,Er füllte den Riss mit Kitt.
konferenz,8728376,5971843;764909;783685,Die Konferenz wird übermorgen in Tokyo stattfinden.
wunderbar,10496617,1358302;991500;12592236,Die Klarheit von Ido ist wunderbar.
portugiesisch,11067441,9941904;13957783;6991206,Maria unterrichtet Ausländer in Portugiesisch.
verabschieden,5587773,6317733;6625164;6119023,Ich wollte mich nur verabschieden.
grau,12144267,13935796;2716826;7824142,Die Dämmerung lässt alles grau erscheinen.
überein,1937873,2723151;2775803;12602122,Abendrede und Morgenrede kommen selten überein.
herausforderung,2634563,4457046;8470690;4925249,Ich konnte Toms Herausforderung schwerlich ablehnen.
erwiderte,10162459,3043760;12163662;3402018,"Tom erwiderte die Schüsse derer, die auf ihn feuerten."
überqueren,587811,12258532;2483654;12779831,"Harry schaffte es, den Fluss schwimmend zu überqueren."
panik,2353973,3239638;2498170;2498162,Der falsche Bombenalarm verursachte eine Panik.
gang,6597306,1814199;3565426;2157697,Ich muss im dritten Gang anstarten.
inneren,6021282,10771100;13519564;519144,Toki Pona ist geeignet für meinen inneren Monolog.
fußboden,925050,1205136;3643148;8933677,Sue hob einen Bleistift vom Fußboden auf.
kommenden,11550485,2509304;13819493;3126854,Kommenden April steigen die Gebühren der öffentlichen Versorgungsbetriebe.
ausdrücken,361959,7820112;9059160;1181973,Ich möchte ihr meine Dankbarkeit ausdrücken.
wecker,1820329,6971480;8639271;12137730,Ich habe meinen Wecker überhört.
ampel,9601821,10534917;10789841;1219588,An der ersten Ampel rechts abbiegen.
trocken,2509776,3332773;8576990;8576992,"Sind die Socken der Erzherzogin trocken, pulvertrocken?"
angewohnheit,843698,5305854;785894;8591393,Du musst diese Angewohnheit loswerden.
lektion,2146577,5384396;4394253;7466837,Maria erteilte Tom eine Lektion.
ignorieren,2241730,2432407;8577025;12565930,Ignorieren ist noch keine Toleranz.
ungewöhnlich,1106795,1357834;2130058;3713254,Seine Ehefrau ist ungewöhnlich talentiert.
mäuse,8576185,12031763;13341534;7859321,"Mit Speck fängt man Mäuse, mit Versprechungen Aktionäre."
last,705158,5353153;5233176;2217734,Einer trage des anderen Last.
urteil,10359881,12126398;2183090;605341,Die Richterin verkündete das Urteil.
mörder,10612493,2663866;3780653;4424384,Toms mutmaßlicher Mörder wurde festgenommen.
vorgestern,743824,888408;3669521;10656670,„Wann bist du denn wiedergekommen?“ – „Vorgestern.“
bushaltestelle,13754398,808932;10651590;419082,Ich sitze gerade an der Bushaltestelle.
außerdem,1319038,1319041;3122683;7528203,Außerdem besitzt sie künstlerisches Gespür.
gefühlt,13406455,4948880;7414270;11973854,Ich hab mich betrogen gefühlt.
angegriffen,7031202,13803234;13977331;1518328,In Argentinien wurden Badende von Piranhas angegriffen.
hafen,9435494,11235442;364969;8935334,Die dunkelblaue Jacht ankerte im Hafen von Saint-Tropez.
narr,1981530,4952682;5216453;863683,"Wenn du anbeißt, bist du ein Narr."
komplett,1508146,10033543;1508411;4032060,Die britischen Fußballfans benehmen sich manchmal komplett daneben.
mike,1440574,2808100;408564;703377,"Verlier nicht dein Selbstvertrauen, Mike."
scheiße,635001,12575731;2340317;414342,Scheiße in Champagnerflaschen wird selbst Kenner überraschen.
orange,8638710,12197867;2813070;5956666,Diese Früchtetees schmecken wie Orange mit Zimt.
ersetzen,9215056,3927303;13878265;396996,Wir müssen die Kerze ersetzen.
baden,670449,8064632;1986514;2874549,"Gehe offline, um zu baden."
anruf,5976134,8596401;13489409;1934229,Herzlichen Dank für deinen Anruf.
vase,775386,3483195;5292971;2884130,Ich habe die Vase absichtlich zerbrochen.
schild,908143,1976688;1239044;2431521,"Auf dem Schild steht: ""Vorsicht Baustelle."""
linie,13775454,459730;2255984;2814077,In erster Linie leidet die friedliche Bevölkerung.
naiv,2945075,2945082;2945086;2946000,Diese Leute sind kindlich naiv.
ruhestand,1105514,4298424;8690604;12592152,Tom entschied sich für einen frühen Ruhestand.
woanders,3305293,4072889;3011755;4881001,Könntest du bitte woanders parken?
türkisch,13747123,14004030;2006271;6852810,Warum lernst du kein Türkisch?
mathe,684960,759466;9089687;9451212,Unsere erste Unterrichtsstunde ist Mathe.
verfolgt,8745733,11595241;3603835;2720377,Der Löwe verfolgt seine Beute.
bewundere,3392386,399035;5643086;5643087,Ich bewundere ihre geistige Unabhängigkeit.
zahlreiche,1236275,1848906;8294487;1707087,Zahlreiche Verbände fordern ein Alkoholverbot am Steuer.
handtasche,7277803,2599381;8842927;4312819,Maria kaufte sich eine teure Handtasche.
genossen,3363707,1456416;2829277;3527328,Wir genossen unsere Ferien in vollen Zügen.
tomaten,1034143,8589398;923644;8718355,Er züchtet Tomaten im Gemüsegarten.
anspruch,1973357,4626280;594407;3226920,Er hat keinen Anspruch auf Schonung.
rotwein,1574275,2939810;6148668;776171,"Weißwein soll kühl getrunken werden, Rotwein zimmerwarm."
heran,3142186,798278;4656363;12353895,Wölfe pirschten sich an die Herde heran.
zubereitet,11504244,1484432;13635658;2036522,Thunfischbrote werden gewöhnlich mit Mayonnaise zubereitet.
abgesagt,1555642,2346940;792610;3846593,Das Baseballspiel wurde wegen starken Regens abgesagt.
ankunft,3924717,10282143;5600139;2791823,Die Nachricht ihrer Ankunft begeisterte die Menge.
schultern,13718514,13718517;1865116;6060130,Die gesamte Hausarbeit lastet auf ihren Schultern.
seil,13960936,13960938;7441676;7844046,Ein dickes Seil reißt nicht.
ordentlich,7781316,2233421;556952;7412993,"Ich rate euch allen, euch ordentlich auszuruhen."
karriere,1516298,753999;8815493;8815494,Seine politische Karriere ist beendet.
mittwoch,13659613,7774837;2504093;2504099,"Montag, Dienstag, Mittwoch, Donnerstag, Freitag, Sonnabend, Sonntag."
bühne,13758599,5415457;12004343;1516292,Buh! Runter von der Bühne!
überwinden,5499613,588688;3630744;7560308,Er kann jedes Hindernis überwinden.
botschaft,636671,7371266;7371265;1218945,Er hat Zugang zur amerikanischen Botschaft.
lampe,12655841,3189115;13187577;560160,Das Licht der Lampe pulsierte beunruhigend.
komma,13581868,3047175;8737728;2109133,Hier ist kein Komma erforderlich.
entspricht,12680659,13985973;923644;12680660,Eine schwedische Meile entspricht zehn Kilometern.
sex,13859477,2223823;13141432;640559,Sex-Appeal ist der Grundstein unserer Zivilisation.
allerdings,13069991,10848971;11951014;13427614,Die Arbeit ist allerdings beendet.
sängerin,12406472,7290076;6462869;10039338,Maja Keuc ist eine slowenische Sängerin.
mehrmals,9787820,2613889;905663;10196241,Ich habe ihn mehrmals gewarnt.
braun,5340131,5993105;8182049;1187030,"Die Blätter sind rot, gelb, braun."
gegründet,12799040,13448602;6672421;12799043,Jerewan wurde 782 v. Chr. gegründet.
verwandt,11916980,11916982;12459155;9941887,"Pflanzenwespen sind mit Ameisen, Bienen und Wespen verwandt."
pflegte,8786863,1487073;1900063;3189319,Er pflegte seinen kranken Vater.
tafel,13822902,9636180;9694511;11565124,Er klebte die Notiz mit Reißnägeln an die Tafel.
mütze,12915732,8292997;1492266;1253596,Mary strickt Tom eine Mütze.
fass,4086853,843377;2268825;1217576,Das bringt das Fass zum Überlaufen.
werkzeug,12556292,1443751;5062998;637793,Boris findet das Werkzeug sehr hilfreich.
hütte,3418513,6760857;3418493;12188649,Nun ist die Hütte baufällig.
verbreitet,4321810,595688;12422732;12140512,Das Weltnetz verbreitet eine nützliche Information.
zelt,6383914,11144725;11809855;12938514,Im Zelt sind keine Lebensmittel gestattet.
verzichten,5977811,12125843;4261319;1409231,Bitte verzichten Sie auf Anfeindungen und Beleidungen.
verzweifelt,8195532,8646973;9984651;10571056,Ich bin verzweifelt und verwirrt.
erforderlich,2962904,3622843;10102409;8310845,"Es ist erforderlich, den Lösungsmittel-Durchsatz anzupassen."
derart,1989123,1989121;1989124;9141680,Wecken Sie nicht derart meine Hoffnungen.
tokyo,338288,608138;608139;744493,Dieser Lastwagen transportiert frische Lebensmittel von Aomori nach Tokyo.
erziehung,1832930,2208834;730828;2847906,Scott hat eine sehr strenge Erziehung genossen.
februar,9834701,1455883;1484375;11679727,Der Februar ist kürzer als der März.
wände,12147747,1860058;12217476;2507710,Die Wände tragen die Decke.
lastwagen,772416,2883308;338288;10513255,Ein Lastwagen raste die Straße entlang.
abgeben,2216152,4914200;3897683;6476612,Kann ich den Leihwagen abgeben?
landschaft,1268792,5419123;12495666;12825166,Plötzlich erhellte ein Blitz die nachtschwarze Landschaft.
wärme,13656077,4396222;602790;2085314,Die Wärme einer Umarmung spendet Trost und Geborgenheit.
saft,760466,1557202;1608889;12248609,Sie preßte Saft von mehreren Orangen aus.
momentan,1166378,2227087;819529;2712228,Die Realisierung dieses Planes wäre momentan verfrüht.
alphabet,13856408,3086540;13629913;13629889,Das italienische Alphabet hat insgesamt 21 Buchstaben.
pleite,5485024,7852030;12107825;2498258,Gegen Monatsende ist Tom meistens total pleite.
hansen,11069684,13257497;11114172;11093769,Dr. Hansen ist ein genialer Endokrinologe.
unschuld,1818993,788717;10468584;6686101,Sie beteuert weiterhin ihre Unschuld.
papst,2730375,2730357;3752806;654869,Papst Franziskus wird 2016 nach Rio zurückkehren.
praxis,5400889,1796025;8622546;9665720,Die Kinderärztin hat ihre Praxis im fünften Stockwerk.
aufsatz,1177139,1559054;13080862;787255,Schreiben Sie einen kurzen Aufsatz.
geldbeutel,13139235,3865844;11565573;938926,Denn der Geldbeutel deines Catulls ist vollständig der Spinngeweben.
mehl,12938573,12938575;580985;12869242,Eine Tüte Mehl wiegt ein Kilogramm.
verwechselt,3494977,7500319;1341476;13024175,Ihr verwechselt Ursache und Wirkung.
zurecht,943139,1103277;11456308;9265613,Kommt ihr ohne Englischwörterbuch zurecht?
operation,894838,9134326;3121161;10111650,Die Operation ist recht kompliziert.
parlament,1759647,399777;11432884;2754556,Das Parlament handelt wesentlich zügiger.
entschluss,3591330,7460458;8350840;8975722,Das ist ein weiser Entschluss.
hauptsächlich,8643285,1322356;13652774;13064554,Das Fotoalbum enthält hauptsächlich Familienfotos.
einzelnen,599342,2789990;8682240;3395210,Hiervon werden wir später im Einzelnen sprechen.
november,9392604,8307860;11321316;2718850,Heute ist der dreiundzwanzigste November zweitausendundsechzehn.
angetan,929293,12929802;1718634;1677656,Tiere haben es ihr angetan.
sonderlich,5442866,7861088;942255;10118102,Ich bin nicht sonderlich durstig.
roboter,1779139,977254;8787740;13930407,Roboter sollten keine Stärkungsmittel benötigen.
details,1518991,12619178;4701165;765615,Wegen weiterer Details rufen Sie Gisèle an.
sekunde,841034,927583;13395477;13395478,Bob erinnert sie: „6 Pence pro Sekunde.“
pfund,1174447,1418823;4159052;10146735,"""Vier Pfund fünfzig"", sagt Bob."
katastrophe,721140,8910489;12978839;1927473,Unglücklicherweise überlebten nur wenige Passagiere die Katastrophe.
niederlage,12412713,10339767;6986065;7778219,"Die Krieger kämpften tapfer, aber die Niederlage war unabwendbar."
zentrum,8120748,13988059;387021;5319706,Der „Dreifaltigkeitsplatz“ war das ursprüngliche Zentrum von Sankt Petersburg.
aktiv,9868997,11589720;12281364;1761186,Maria ist bei Youtube aktiv.
pommes,10063337,13155093;10030950;9991013,Pommes mit Mayo sind lecker!
künstliche,4740893,9846270;554594;2353541,Hat dich die künstliche Pflanze getäuscht?
versammlung,8105354,8487626;8898147;740313,Du hast die Versammlung verschoben.
übersehen,7552207,7552208;1529267;5207955,Ich hatte das Verkehrszeichen schlicht übersehen.
gelten,13286249,2347217;6633509;5083266,Die Niederländer gelten als tolerant.
erschossen,8431863,9004589;759251;12564418,Tom hat einen Tiger erschossen.
polen,5888935,679421;5144390;12497587,Jetzt überfliegen wir übrigens Polen.
maske,9357930,12553385;5227083;9167515,Setz dir die Maske auf!
eingestellt,11565438,3713932;5092865;1852363,Die Sendung wurde letzten Endes eingestellt.
zusammenhang,1668064,4928350;8801767;3371103,Besteht zwischen beidem ein Zusammenhang?
aussage,10770297,13730270;2040455;8467301,Ihre harmlose Aussage war eigentlich eine verschleierte Beleidigung.
dezember,6150324,2718808;11679727;8212651,Die Sowjetunion wurde am 26. Dezember 1991 aufgelöst.
beißen,626231,7780891;2123764;2696974,Die Letzten beißen die Hunde.
shirt,360782,4357073;8806457;11185511,Dieses Shirt muss gewaschen werden.
umwelt,1239592,2682489;5085826;8742841,"Der Schornsteinfeger ist der Sicherheits-, Umwelt- und Energieexperte."
anwesend,458649,7843367;10613231;10613234,Alle Mitglieder des Kabinetts waren anwesend.
cousin,369132,6631281;8679301;6207506,"Helen, dies ist mein Cousin."
italiener,958190,9844338;10503040;13701169,Von Geburt ist er Italiener.
held,3751997,518919;3431773;2701968,"Der große römische Held, Julius Cäsar, wurde ermordet."
schande,2365252,3274671;608529;13673260,"Weise ererben Ehre, doch Toren tragen Schande davon."
vorüber,756102,3500489;12869632;12869633,Da fährt eine wunderbare Kutsche vorüber.
hammer,5198409,1241845;8080238;9537102,"Nicht der Hammer schmiedet das Eisen, sondern der Schmied."
geige,3680432,6322899;575882;8096512,Sie übt jeden Tag Geige.
eng,12459154,7551847;12459155;1003607,Das Phönizische und Hebräische sind eng verwandt.
verfassung,7036260,9853357;1816483;691942,Die Verfassung schützt auch das Selbstbestimmungsrecht.
gift,7523149,6106265;1470217;379938,Tom hat versehentlich Gift getrunken.
gas,10016930,13322605;3997462;12422732,Wir heizen mit russischem Gas.
achtzehn,2519605,4750503;630255;2202493,Acht plus zehn sind achtzehn.
riesige,4827126,1569148;1892145;4436586,Hammerschläge hallen durch die riesige Höhle.
gänzlich,2650964,1418028;1655007;2130058,Diese Vermutung entbehrt jeglicher Grundlage und ist gänzlich haltlos.
rechtsanwalt,5962214,388613;6929282;3421255,Tom hat einen renommierten Rechtsanwalt engagiert.
pech,6093452,1532135;3120982;1218796,"Ja, die Römer hatten Pech."
anweisungen,4562017,2223555;12565930;7866556,Ich habe ihm ausführliche Anweisungen erteilt.
malen,8317384,4572869;718433;4645318,Ich liebe Malen und Zeichnen.
offenbar,1947981,4087631;7480312;8779271,Frau Brown ist offenbar Schauspielerin.
aufgewacht,13544837,1753661;4715137;9021266,Ich bin mit Magenbeschwerden aufgewacht.
logik,11238700,2140734;11971641;5704273,Die Logik ist die Anatomie des Denkens.
kostenlos,10998537,562467;13929930;5064052,Dieses Merkblatt kann kostenlos bezogen werden.
großbritannien,10496929,11552571;13493392;5862541,2018 war Großbritannien das drittgrößte Exportziel der Niederlande.
diät,754349,1709584;733778;10645671,Toms Diät führte zu Gewichtsverlust.
korb,6137433,6137441;714583;7586221,Lege bitte Socken in den Korb.
bequem,962256,5059730;4842094;1695024,Diese Stühle sind nicht bequem.
heilige,8190891,1514599;7040886;8638917,Der heilige Patricius ist der Schutzheilige von Irland.
benzin,11526623,8292714;1827122;756057,Warum ist Erdgas billiger als Benzin?
spuren,901629,1242750;11252824;3847453,Wir folgten den Spuren des Rehs.
sanft,9687912,3013050;5318869;13508719,Das Flugzeug ist sanft gelandet.
elend,518623,5389480;2365002;6079753,Durch den Taifun entstand viel Elend.
ungarisch,13038435,588586;13603519;13254617,"Estnisch, Finnisch und Ungarisch sind finno-ugrische Sprachen."
kommunikation,4125757,1490662;5548604;6396241,Achtzig Prozent aller Kommunikation ist nonverbal.
stich,12452459,8944633;11857774;2226010,Judit ließ uns im Stich.
werbung,12619473,9817161;2775827;1087120,Die Übergriffigkeit der Werbung störte viele Zuschauer.
übung,3125975,2066629;8096512;619377,"Körperliche Übung ist die beste Methode, Stress abzubauen."
unterhaltung,1808264,1695289;399922;437402,Die Tragödie ist die Unterhaltung des Adels.
meilen,708489,13973636;12393989;366921,Das Tal war zwanzig Meilen breit.
felsen,9976130,11244195;1834428;7079010,Die Wellen branden gegen die Felsen.
bezweifle,1453098,1766291;4341338;690722,Ich bezweifle die Echtheit dieses Dokuments.
weht,1512969,2765619;7525240;8117481,Es weht eine steife Brise.
untersuchen,12766378,2804437;7530888;5989194,Wissenschaftler untersuchen die larvenähnlichen Merkmale dieser Spezies.
bestimmten,13862018,8644385;13047911;13395841,Die Leistung ist nur unter bestimmten Bedingungen beziehbar.
schießen,968745,2994739;3152104;12388717,"Der Iran plant, einen Affen ins Weltall zu schießen."
vegetarier,9353628,1335250;12042611;2939124,Er ist Vegetarier. Er isst vegetarisch.
besprechung,8847714,8875621;1524035;8805395,Die Besprechung wird wohl abgesagt.
jupiter,10702216,3133335;11037683;7461112,Wie schleudert Jupiter einen Donnerkeil?
drogen,708233,3766509;2003911;6535130,Portugal hat den persönlichen Besitz von Drogen entkriminalisiert.
stieß,3364915,7060554;7060555;10362626,Er stieß einen lauten Hilferuf aus.
weitermachen,5887034,7080335;12418833;3326620,Ich kann so nicht weitermachen.
begraben,7696813,897699;10769217;5773550,Layla wurde bei lebendigem Leibe begraben.
verpflichtet,11232635,11395700;12590216;2924926,Tom ist zur Geheimhaltung verpflichtet.
güte,1795823,2417362;3410660;1706087,Schönheit ohne Güte ist wertlos.
einzelheiten,2152642,7969756;1179797;1238457,Die Gebrauchsanweisung beschreibt alle Einzelheiten des Fotoapparats.
französischlehrer,8968810,8968812;13475346;8264687,"Ich dachte, ihr wäret Französischlehrer."
liter,5968245,11058774;3603592;13340800,Ein Liter Wasser wiegt ein Kilogramm.
packte,860163,906522;9984686;638749,Er packte mich am Kragen.
waschmaschine,591424,2304878;10365423;3251280,Die Waschmaschine ist eine wunderbare Erfindung.
innen,10104958,2750159;12859362;4645420,"Was innen nicht glänzt, kann außen nicht funkeln."
wille,3150987,8372317;2406774;2729837,Guter Wille ist kein Erbe.
kreis,7065878,8247440;724906;12252204,Wir drehen uns im Kreis.
abenteuer,3229800,8705801;1948677;623829,Unsere Beziehung gleicht einem Abenteuer.
pilze,7193879,13462019;9525182;1788475,Diese Pilze sind nicht essbar.
kenntnis,8585928,7460843;2876999;1611749,Ich nehme es zur Kenntnis.
optimistisch,7456758,12992846;11787112;11787114,Tom klang nicht zu optimistisch.
moschee,2234370,2339372;3445127;13725704,Muslime beten in der Moschee.
spüren,3418081,2874696;674690;13264741,Ringsum ist die Waldeseinsamkeit zu spüren.
sommerferien,397764,4329690;6627038;7551914,Die Sommerferien beginnen im Juli.
briefmarken,1524693,605807;755449;1218176,Ich sammle Briefmarken als Hobby.
sünde,2826177,2826178;2163249;2163223,Ein leerer Beutel verleitet zur Sünde.
technik,11207426,2437859;363459;2042244,"Verkaufen ist nicht Technik, Verkaufen ist Emotion."
ärgern,12644391,1812229;6697289;13334465,Ärgern Sie sich über irgend etwas?
zwiebeln,8186264,8238408;8764988;13808676,Die Zwiebeln pellen und kleinhacken.
amt,6082620,719821;2126468;10073321,Er hat das Amt offiziell übernommen.
gestochen,12244873,1804921;3760551;4796734,Eine verdammte Mücke hat mich gestochen!
beruht,1989122,6682189;11137611;1409579,Der Preisanstieg beruht größtenteils auf Wucher.
schockiert,748827,748828;748829;12454265,Haben dich die Testergebnisse schockiert?
mahlzeit,1800134,3091622;6990036;1044035,"Na prost Mahlzeit, du lebst noch?"
ägypten,370486,6042618;12126155;13725238,Wir verbinden Ägypten mit dem Nil.
kugel,7027475,11778863;947246;435327,Den Teig zu einer Kugel formen.
wettbewerb,755754,8651231;4276146;1660148,Mary vertrat ihr Team beim Wettbewerb.
treu,1273600,3415542;8088425;12394982,Sie sind ihrem Herren treu ergeben.
wiese,1651023,8596719;1411645;2186291,In den engen Tälern ergrünte manche Wiese.
abwasch,12537596,1879037;3680874;596621,Geht und helft beim Abwasch.
zeitlang,13411802,7456778;10493345;7757563,Ich bin eine Zeitlang dageblieben.
hexe,1791454,6060819;11967296;6109889,Sie ist eine mächtige Hexe.
schlacht,4378955,1645203;5998604;8433178,Ein Schuss daneben beendet nicht die Schlacht.
david,12928041,6461006;1787837;5233701,David sang zu trauriger Musik.
leistung,1578733,1620945;13391715;9828541,"Leistung und Verantwortung gelten als Fremdwörter, Schlamperei ist Standard."
zwang,5296636,2293333;3869117;981307,"Sie zwang ihn, sich hinzusetzen."
klappe,12182351,10153849;13719945;8383399,Eine Klappe signalisiert den Beginn einer jeden Aufnahme.
jagen,10956198,7808254;13008519;5611869,Eichhörnchen jagen oft anderen Eichhörnchen hinterher.
hinterher,13724946,2618192;726927;1360718,Tom hinkt dem Zeitplan etwas hinterher.
mieten,5291938,816950;6843207;7150923,Ich möchte ein Bankschließfach mieten.
schrei,11502748,1332671;1890288;4486591,Ein schrecklicher Schrei hallte über das Moor.
ehrlichkeit,7764931,8102422;12084644;12084645,Ehrlichkeit ist eine wichtige Tugend.
parkplatz,2105190,7532435;13935255;1543566,Der Parkplatz vor der Bank war vollbesetzt.
eimer,12572536,398819;4967340;4967341,Der Eimer ist undicht. Nehmt diesen!
schweden,10543933,2111006;2869872;5221394,Norwegen und Schweden liegen nebeneinander wie Chile und Argentinien.
leiche,2886821,6137703;2118572;761206,Wir müssen diese Leiche verstecken.
umgang,5783152,3143826;11971832;1553258,Schlechter Umgang verdirbt gute Laune.
ausreichend,2226726,369588;677939;2085314,"Cleverness ist überall nützlich, aber nirgends ausreichend."
grundlage,1642435,522508;2826680;373565,Dieses Gerücht entbehrt jeder Grundlage.
lohn,12452321,10773879;13046372;442793,Die Starken werden verzehren der Schwachen Lohn.
abhalten,6643644,6864951;9650962;8975731,Ich werde dich davon abhalten.
rache,5193702,12071458;2911701;2971749,Vergebung ist die Rache des Großherzigen.
überprüfen,8986269,12339460;2839937;8060520,Er muss unsere Pässe überprüfen.
entfernung,13722481,3210383;11516383;5488137,Wie wurde die Entfernung ermittelt?
speisen,769377,12409240;2125183;2141625,Ist dieser Zahn empfindlich bei kalten Speisen?
partner,941321,759250;759251;1689411,Man sollte seinen Partner respektieren.
finnland,12858098,8212651;5221394;2140402,Rußland grenzt an Finnland und Nordkorea.
wilhelm,13718921,13719312;5320285;13725348,Wilhelm sammelte am Strand Müll.
unerträglich,6059350,7046822;10339358;2945286,Die Hitze war fast unerträglich.
schadet,5371807,929738;1785968;2664240,"Wer langsam spuckt, schadet seinem Bart."
veränderung,503635,9710518;1600958;5285695,Veränderung ist das einzig Konstante.
klimaanlage,4834548,13745344;10314815;639886,Ausgerechnet heute ist die Klimaanlage kaputtgegangen.
schlangen,8099784,12409355;4414946;5308086,Schlangen sind mitunter schwer zu entdecken.
kapitel,9325063,9325067;4735220;13931951,Lest bis Freitag das vierte Kapitel!
mord,772677,7888731;14011174;2949212,Wer hat diesen Mord begangen?
durcheinander,8289311,417926;783677;12152627,Du bringst den ganzen Fahrplan durcheinander.
islam,535942,2550679;11939469;12349718,Christentum und Islam sind zwei unterschiedliche Religionen.
herzlichen,82,8314378;2328493;2379944,"Herzlichen Glückwunsch zum Geburtstag, Muiriel!"
konto,13860440,5401628;6359975;12308850,Mein Facebook-Konto ist gesperrt worden.
schalte,8320862,8320863;8867951;9359601,Ich schalte die Lampe ein.
linda,6470631,6470660;5153538;2927246,Dan und Linda sind Zwillinge.
blühen,12574109,3950439;441640;5990176,Zu dieser Jahreszeit blühen Primeln.
klassenkameraden,1855462,4206170;7497524;5287079,Bob sprach Dankesworte im Namen seiner Klassenkameraden.
aufrichtig,2942472,2988098;3455629;3579662,Dankbarkeit muss immer aufrichtig sein.
sendung,2418439,2418447;2418449;476913,Nehmt die Sendung auf Band auf!
spur,11527641,11556711;3815770;12525754,Die Spur ist gut sichtbar.
nützt,1794578,5214193;8299235;1734331,Wem nützt eine Firma ohne Kunden?
daneben,4378955,1508146;1508411;2696974,Ein Schuss daneben beendet nicht die Schlacht.
passwort,1009300,11737692;7057381;1916341,Wir haben das Passwort unschwer erraten.
sonnenuntergang,13312825,11565442;1610964;2617262,Es dauerte von Sonnenauf- bis Sonnenuntergang.
ablehnen,2962062,496856;2634563;2699106,Werden wir Folter ablehnen und das Rechtsstaatsprinzip unterstützen?
aßen,1179560,6473578;762286;5116353,Wir aßen Zuckerwatte mit Himbeergeschmack.
sessel,10364876,4645841;8259392;867770,Dieser Sessel ist wirklich bequem.
entstanden,1697562,1812961;6143620;5466817,Die ersten Zivilisationen entstanden in Mesopotamien.
hinzufügen,13257891,6631253;10321657;5200219,Bitte keine Anmerkungen in Klammern hinzufügen!
original,608474,12574112;6173850;1516500,Diese Kopie weicht vom Original ab.
vorfall,446546,834895;2487402;698971,Wann ereignete sich der Vorfall?
sonnenbrille,6148618,2431961;9448493;9400848,Ich trage oft eine Sonnenbrille.
befehl,450743,12252066;2987867;2413529,Sie gehorchten dem Befehl ihres Führers.
schmidt,12395064,686235;1811948;11531157,Die Orchestermitglieder schätzten Herrn Schmidt als Dirigenten.
sämtliche,1344032,1898579;2332895;759349,Sie räumte sämtliche Küchenschränke aus.
kissen,12724092,2134444;3527222;9680480,Das Kissen war weich und einladend.
online,5347254,13432246;6670929;14002171,Tom kauft des Öfteren Klamotten online.
geschwindigkeit,644382,11557179;1766630;1316172,Er berechnete die Geschwindigkeit des Lichts.
erwartungen,2406756,6525778;1757759;1744465,Fortwährend hinter angenehmen Erwartungen schleichen die unangenehmen Möglichkeiten.
kürzlich,3002625,5739615;578403;741317,Kürzlich entdeckte ich dunkle und verführerische Geheimnisse der Hexenkunst.
mitleid,401749,4925706;1923634;2682378,Alle empfanden tiefes Mitleid mit den Opfern.
neid,2490662,1923634;2130943;5200320,Der Neid gebiert viel Böses.
orangen,368604,522465;1367938;1809267,Orangen sind süßer als Zitronen.
brand,12059963,2845798;12797584;1848906,Sie steckten die Marihuanaplantage in Brand.
überreden,7844440,7844441;846891;2160933,Nur du kannst Tom überreden.
stinkt,1979104,4785105;1942515;4733659,"Gebrauchter Pflug blinkt, stehend Wasser stinkt."
reagieren,6996682,611170;1552724;5786013,Wie reagieren Sie auf Kritik?
tal,10712590,1994681;2423574;12777112,Ein Nebelmeer wallt im Tal.
allergisch,3029516,5931800;8805473;5267605,Ich reagiere allergisch auf Medikamente.
goldene,12334527,3105046;13193867;3771626,Cäsar ließ der Cleopatra eine goldene Statue errichten.
geklaut,934284,10188799;8890267;9400848,Die haben meine Weinflasche geklaut!
stress,10082406,11901959;7583531;12978834,Sie leidet an chronischem Stress.
empfangen,4772532,4774383;2874752;3672392,Er hat die Eingeladenen empfangen.
reiten,1959386,2089341;2128696;6083634,Lange reiten richtet den krummen Fuß.
dasein,2908076,2377149;10906477;10760785,Jede Erscheinung beweist ihre Notwendigkeit durch ihr Dasein.
zulassen,9700978,7909105;4661317;4661320,Das darf man nicht zulassen!
zurzeit,7830295,12925919;11868548;3109721,Welche Medikamente nimmst du zurzeit ein?
gehorchen,769525,769526;7813174;9941533,Soldaten müssen ihren Kommandanten gehorchen.
forderte,12602117,8221203;1613560;752955,"Die Flugbegleiterin forderte mich auf, mich umzusetzen."
langweilen,8285273,13694761;1767671;4683477,Die Dänen gähnen. Anscheinend langweilen sie sich.
kontrollieren,11905057,1746024;7180723;9000942,Fadil hat jeden kontrollieren wollen.
kranken,4813255,8786863;7457396;2933109,Er wollte den Kranken trösten.
bellen,2696436,357154;8387246;8682260,"Fische, die bellen, beißen nicht."
mexiko,9968720,12755378;11697871;12755372,Das Finale der Meisterschaft wird in Mexiko stattfinden.
schoss,12193192,2707682;3388229;7635979,Ali schoss ins eigene Netz.
wiederkommen,3407360,3407361;9005646;3407362,Du darfst gerne jederzeit wiederkommen.
bach,1578112,6023258;1716038;662050,"Jazz verwendet die gleichen Noten, die Bach verwendete."
gegensatz,8970451,12311377;13418965;3300254,Im Gegensatz zu Tom stellt Maria keine nervigen Ansprüche.
tropfen,1690106,3623787;4442785;455300,Tropfen um Tropfen füllt sich der Krug.
nachbarin,1354382,1910544;4117514;8336099,Meine Nachbarin ist ein richtiger Putzteufel.
kritisiert,12459158,2984897;702847;11379022,Diese Autorin kritisiert die Mainstreammedien.
sandwich,10741522,3323619;8930324;10153006,Das Sandwich ist zu lecker.
jedesmal,13076164,13510746;6025731;12746551,Sie macht das jedesmal so.
fantasie,435881,10098208;2719953;12810147,Manchmal verwechselt sie Fantasie und Realität.
überaus,6392093,2696084;3581948;1500112,Fabergé-Eier sind überaus kostbar.
respektieren,6615931,8342217;941321;3140905,Wir müssen uns gegenseitig respektieren.
schwäche,1500792,2440355;10055100;804486,Du nutzt ihre Schwäche aus.
scheidung,782016,682627;2909626;7730497,"Sie hatte gute Gründe, die Scheidung einzureichen."
sechzig,2182596,2182652;4453769;5200219,Sechzig Sekunden bilden eine Minute.
angeht,1866638,1925607;7816974;12275050,"Was Kakerlaken angeht, bin ich ein Feigling."
klopfte,5368966,5807805;8890511;677071,Tom klopfte an Marias Schlafzimmerfenster.
widerstehen,10706787,2664410;3226316;3873012,Ich kann Süßigkeiten nicht widerstehen.
gelangen,9477330,9788556;6692353;13878143,Wir müssen zu einer Einigung gelangen.
verwandelt,9732243,1843132;1453259;6740471,Wasser verwandelt sich in Dampf.
ausreden,2461618,2261650;3794562;13092115,Erfindest du da nicht gerade Ausreden?
außen,6568585,10104958;2750159;4645420,Die Türen waren von außen verschlossen.
gewinn,432678,9848147;9814345;9814344,"Viel Geistvolles, aber kein Gewinn."
durstig,5218447,10015966;5205981;5442866,"Grabe den Brunnen, ehe du durstig bist."
belogen,13600582,1402149;985349;12962414,Er hatte sie seit Ewigkeiten belogen.
hintern,10196020,1492266;5059730;816172,Mennad versohlte seiner Tochter den Hintern.
vermute,11439834,2601954;5732065;2962658,"Ich vermute, Sie irren sich."
änderungen,12723178,13706612;513721;5336228,Welche Änderungen gedenken Sie vorzunehmen?
braut,2301726,6394872;2176466;2176470,Die Braut trug ein weißes Hochzeitskleid.
schwul,12534248,2174740;801202;3749991,Sein bester Freund ist schwul.
schaltete,7960920,8239997;11809847;9191089,Tom schaltete seine Schreibtischlampe aus.
figur,8802461,353282;793931;1008053,Keiko hat eine gute Figur.
balkon,10810988,6681622;11570418;2349642,Es schneite auf dem Balkon.
abhängig,1102139,520769;10031747;754589,Zahlreiche Länder sind abhängig von der Landwirtschaft.
posten,7709008,2934971;1364159;1889244,Er steht auf verlorenem Posten.
einstellen,8346202,8264687;3522360;3522361,Man kann die Höhe und die Neigung einstellen.
ruhm,368530,430429;911109;10753743,Seine mutigen Taten brachten ihm Ruhm.
virus,5847479,8625347;8662537;9740831,Das Virus verursacht bei ihm Fieber.
neigt,13746358,7809469;1964045;11488856,Er neigt zu paranoiden Gedanken.
behandlung,10756941,9936338;2682461;720253,Eine der wichtigsten Formen psychiatrischer Behandlung sind kosmetische Operationen.
minister,973879,10250060;1950375;2207197,Der Minister widersprach seiner eigenen Stellungnahme.
heimweg,1695013,890350;4181832;8302136,Ich begegnete auf dem Heimweg niemandem.
rucksack,5434397,8239903;11934488;11934489,Tom trug einen schweren Rucksack.
endes,8642347,11327501;11565438;8576876,Tom wird letzten Endes aufgeben.
behauptete,10162421,11955448;1239690;12663102,"Tom behauptete, Beweise zu haben."
ereignisse,8801767,2658540;13488658;2720302,Stehen diese Ereignisse in Zusammenhang?
hingelegt,343072,3276975;5167691;7592097,"Ich habe mich hingelegt, um mich auszuruhen."
hawaii,880849,4844687;2197281;724219,Hawaii ist ein Paradies auf Erden.
erfindung,11887888,1905097;1897214;1551272,Samis Erfindung funktionierte und generierte viel Geld.
verkauf,8117751,9681065;2252175;3198139,Grönland steht nicht zum Verkauf.
eingang,1549106,10101455;13968362;6389676,Warte am Eingang dieses Gebäudes.
erschaffen,2779627,3523038;11093772;6139729,Wie wurde das Universum erschaffen?
handschrift,7482318,7813903;8887071;2223816,Deine Handschrift ist ziemlich elegant.
gründlich,503979,7907721;2804437;12326125,"Lerne gründlich, sodass du nicht durchfällst."
hinsicht,3155809,9701248;11824611;2898786,In mancherlei Hinsicht ähnelt der Mars unserem Planeten.
bereich,2722083,947338;13574241;368508,Welchen Bereich umfasst die Stadt?
robert,2063211,2157697;13935241;12408057,Robert hat Jack im Schachspiel überwunden.
stiefel,4867150,5554100;5670836;403015,Toms Stiefel versanken im tiefen Schnee.
vorfahren,9941897,9475900;10853748;10482159,Die Skythen sind die Vorfahren der Russen.
senden,12358307,12358310;5819798;5551218,"Ziri klickte auf den ""Senden""-Knopf."
gelaunt,7299786,8713845;8889210;11666495,Tom ist nicht sonderlich gut gelaunt.
jedermann,2089341,2128696;2274277;2217734,Jedermann will den Amtsschimmel reiten.
website,906520,11737304;13077847;386994,Ich habe meine Website umgestaltet.
persönlichkeit,2756919,9584371;1148460;9584387,Genie ist Persönlichkeit mit zwei Groschen Talent.
nagel,10008063,1550127;5105681;755420,Ein Nagel durchlöcherte den Reifen.
gefeuert,11937598,8703515;1706121;4442516,Er wurde wegen Diebstahls gefeuert.
material,1405177,4739786;13862007;8301763,Tiere als Material betrachten erbringt diese Ergebnisse.
verletzte,8331419,1388387;3369134;8294487,Er verletzte sich am Handgelenk.
innenstadt,12403961,6770037;11528533;9581872,Der Bahnhof ist am Rande der Innenstadt.
verschieben,12585971,809078;835482;12662942,Wir müssen das Picknick verschieben.
vergeblich,1766411,1515525;1727031;5949045,Die Kritiker warteten vergeblich auf Schwarze Löcher.
beurteilen,2369286,2943470;1205910;13276882,Du solltest Menschen nicht vorschnell beurteilen.
fotografieren,1813359,10324160;1821884;11542241,"Mein Hobby ist es, Wildblumen zu fotografieren."
vortrag,3385739,5020078;3746420;4829801,"Es lohnt sich, diesen Vortrag anzuhören."
eh,1208689,1941636;1942708;1976710,"Verteile nicht den Pelz, eh der Bär geschossen ist!"
sehnsucht,5155477,5899519;10986179;6740471,"Wer Abschied nimmt, nimmt Sehnsucht mit."
drittel,8721245,1261116;6811727;819494,Nur ein Drittel der Mitglieder erschien zur Versammlung.
unwissenheit,2325091,3321590;627570;10572708,Unbedingter Gehorsam setzt Unwissenheit voraus!
plus,3589712,11973648;2299719;341647,Minus und Minus ist Plus.
einkommen,786964,5361091;10557421;661822,Für Ärzte sind 6-stellige Einkommen nicht ungewöhnlich.
ebenfalls,13007466,5054748;7465832;13918851,Die Senatorin stimmte ebenfalls mit Nein.
organisation,754589,2768358;1948656;399651,Diese Organisation ist von freiwilligen Spenden abhängig.
berühren,789468,2349795;3351662;9711831,Berühren Sie diesen Knopf nicht!
sekretärin,392761,5092865;392760;2933091,Ich ließ meine Sekretärin 10 Kopien anfertigen.
sonnenschein,6922610,5034391;1237447;1703810,"Du bist mein Sonnenschein, mein einziger Sonnenschein!"
irgendjemand,7806601,6714321;383251;917970,Irgendjemand wird zu Tode kommen.
brötchen,3329424,7896104;5990164;383255,Die Brötchen werden vom Bäcker gebacken.
bescheiden,555254,7088200;7088207;7107199,Er ist gegenüber jedermann bescheiden.
ungeduldig,2808153,4085440;4085444;1708688,Beide sind unberechenbar und ungeduldig.
untersuchung,2231720,5781258;1925640;1786299,Die Untersuchung entlarvte ihn als Spion.
fotoapparat,1318067,1697431;2198089;765610,Rührt meinen Fotoapparat nicht an.
neugier,2882591,1758178;1758120;2424429,Ich platze gleich vor Neugier.
schere,4826942,6034468;8696614;2574587,Die Schere ist schön scharf.
anschauen,1623994,880837;1588283;5038870,Wir müssen uns das gründlich anschauen.
spätestens,9672469,12440765;12440766;12428083,Maria bleibt spätestens bis acht.
zugenommen,5845951,6289307;1601826;4159052,Die Weltbevölkerung hat schnell zugenommen.
gestanden,12649800,5482467;9845877;1728210,Sie haben den Mord gestanden.
priester,3179737,2143443;368226;1810799,Der Priester segnete die Heirat des glücklichen Paars.
auskommen,8976424,1602583;666374;7636125,Eine Giraffe kann wochenlang ohne Wasser auskommen.
google,6383050,6670073;1839201;3338944,Der Google-Übersetzer übersetzt Esperanto.
enkel,7480277,9095825;2155184;2787420,Tom ist unser einziger Enkel.
zweifellos,1034165,1310168;439;8182049,Das sind zweifellos hervorragende Neuigkeiten.
anhalten,12671535,12671536;12671537;13867792,Könntest du das Video anhalten?
besetzt,8992686,2357536;949215;2152011,Das Badezimmer ist immer besetzt.
